date,channel,spend,clicks,impressions
2021-10-05,Meta,50.0,22,2050
2021-10-06,Meta,50.0,22,2252
2021-10-07,Meta,50.0,39,3188
2021-10-08,Meta,50.0,33,3215
2021-10-09,Meta,50.0,42,2656
2021-10-10,Meta,50.0,52,3142
2021-10-11,Meta,50.0,55,3699
2021-10-12,Meta,113.48,135,5652
2021-10-13,Meta,163.59,171,7865
2021-10-14,Meta,248.24,206,12087
2021-10-15,Meta,248.09,239,11928
2021-10-16,Meta,239.62,231,12208
2021-10-17,Meta,250.0,307,13738
2021-10-18,Meta,250.0,275,13847
2021-10-19,Meta,250.0,280,12678
2021-10-20,Meta,249.92,294,11078
2021-10-21,Meta,250.0,311,9422
2021-10-22,Meta,250.0,314,9720
2021-10-23,Meta,575.08,669,24675
2021-10-24,Meta,505.79,577,25762
2021-10-25,Meta,504.12,457,23839
2021-10-26,Meta,503.4,425,24324
2021-10-27,Meta,497.99,454,26310
2021-10-28,Meta,481.92,355,24145
2021-10-29,Meta,494.15,252,16773
2021-10-30,Meta,512.63,275,16428
2021-10-31,Meta,502.87,286,19394
2021-11-01,Meta,503.17,322,22958
2021-11-02,Meta,489.11,265,19747
2021-11-03,Meta,504.61,281,23634
2021-11-04,Meta,501.79,295,23490
2021-11-05,Meta,497.95,229,20116
2021-11-06,Meta,500.5,223,20124
2021-11-07,Meta,512.29,286,21718
2021-11-08,Meta,503.49,307,20886
2021-11-09,Meta,501.09,284,22741
2021-11-10,Meta,499.69,292,22638
2021-11-11,Meta,491.49,298,23105
2021-11-12,Meta,489.77,245,21097
2021-11-13,Meta,502.18,250,19833
2021-11-14,Meta,503.63,281,20102
2021-11-15,Meta,503.58,235,21539
2021-11-16,Meta,502.13,203,20749
2021-11-17,Meta,502.39,212,19830
2021-11-18,Meta,502.09,193,18476
2021-11-19,Meta,497.44,215,18822
2021-11-20,Meta,488.74,214,17337
2021-11-21,Meta,503.95,244,18303
2021-11-22,Meta,504.28,351,20569
2021-11-23,Meta,435.83,136,17234
2021-11-24,Meta,384.91,105,16507
2021-11-25,Meta,406.83,108,13365
2021-11-26,Meta,403.39,69,12329
2021-11-27,Meta,396.23,92,13262
2021-11-28,Meta,445.56,129,14859
2021-11-29,Meta,599.67,295,23746
2021-11-30,Meta,603.52,345,29014
2021-12-01,Meta,588.53,274,33461
2021-12-02,Meta,597.32,307,31887
2021-12-03,Meta,606.17,313,31222
2021-12-04,Meta,591.45,338,32685
2021-12-05,Meta,596.89,393,35603
2021-12-06,Meta,600.12,329,37842
2021-12-07,Meta,489.29,252,35321
2021-12-08,Meta,465.25,373,37180
2021-12-09,Meta,457.62,293,33764
2021-12-10,Meta,479.22,320,30539
2021-12-11,Meta,462.91,313,30706
2021-12-12,Meta,485.51,327,40061
2021-12-13,Meta,482.82,316,39703
2021-12-14,Meta,485.15,365,41025
2021-12-15,Meta,475.43,408,39608
2021-12-16,Meta,484.32,367,39658
2021-12-17,Meta,469.13,334,36060
2021-12-18,Meta,477.64,395,40018
2021-12-19,Meta,484.83,402,40255
2021-12-20,Meta,484.6,309,34551
2021-12-21,Meta,466.73,299,35163
2021-12-22,Meta,475.35,366,38772
2021-12-23,Meta,476.83,393,38943
2021-12-24,Meta,479.15,371,41785
2021-12-25,Meta,492.51,445,48515
2021-12-26,Meta,483.47,499,51072
2021-12-27,Meta,473.82,434,48766
2021-12-28,Meta,476.41,436,48596
2021-12-29,Meta,485.73,493,54707
2021-12-30,Meta,484.51,508,54680
2021-12-31,Meta,482.77,486,66628
2022-01-01,Meta,473.29,522,71065
2022-01-02,Meta,472.56,677,80165
2022-01-03,Meta,484.57,475,72455
2022-01-04,Meta,470.93,574,72776
2022-01-05,Meta,652.49,738,89417
2022-01-06,Meta,706.08,858,99109
2022-01-07,Meta,702.77,776,89136
2022-01-08,Meta,688.59,886,86284
2022-01-09,Meta,726.76,1002,100622
2022-01-10,Meta,404.66,508,65558
2022-01-11,Meta,345.27,491,52931
2022-01-12,Meta,336.66,393,44313
2022-01-13,Meta,347.93,390,50671
2022-01-14,Meta,344.85,387,43807
2022-01-15,Meta,336.89,416,43392
2022-01-16,Meta,353.08,492,56800
2022-01-17,Meta,352.14,470,55297
2022-01-18,Meta,351.3,385,46495
2022-01-19,Meta,368.62,430,48089
2022-01-20,Meta,504.16,1010,67076
2022-01-21,Meta,503.8,1019,66266
2022-01-22,Meta,494.93,1221,73893
2022-01-23,Meta,502.87,1434,72522
2022-01-24,Meta,506.84,1430,68506
2022-01-25,Meta,482.48,1609,69436
2022-01-26,Meta,518.16,1247,62769
2022-01-27,Meta,489.67,1533,73441
2022-01-28,Meta,496.34,1519,71655
2022-01-29,Meta,503.64,1534,73021
2022-01-30,Meta,493.04,1612,81410
2022-01-31,Meta,492.23,1546,83153
2022-02-01,Meta,508.22,1532,78164
2022-02-02,Meta,492.07,1473,66520
2022-02-03,Meta,497.66,1492,73143
2022-02-04,Meta,514.75,1328,66597
2022-02-05,Meta,502.03,1408,66996
2022-02-06,Meta,491.3,1506,76489
2022-02-07,Meta,505.95,1252,72996
2022-02-08,Meta,505.33,1066,61533
2022-02-09,Meta,503.68,1012,57639
2022-02-10,Meta,500.26,1041,57638
2022-02-11,Meta,490.43,870,44903
2022-02-12,Meta,503.05,1046,47686
2022-02-13,Meta,515.97,1123,57073
2022-02-14,Meta,489.21,924,60465
2022-02-15,Meta,504.57,935,54367
2022-02-16,Meta,488.24,900,53388
2022-02-17,Meta,505.39,770,44097
2022-02-18,Meta,487.9,745,39705
2022-02-19,Meta,508.72,896,45295
2022-02-20,Meta,499.69,825,43994
2022-02-21,Meta,489.93,722,44574
2022-02-22,Meta,506.57,793,47604
2022-02-23,Meta,488.65,799,49665
2022-02-24,Meta,509.86,860,57364
2022-02-25,Meta,506.53,857,55662
2022-02-26,Meta,498.77,961,57298
2022-02-27,Meta,494.43,959,57221
2022-02-28,Meta,498.93,935,55631
2022-03-01,Meta,505.4,1036,70745
2022-03-02,Meta,499.8,1071,75384
2022-03-03,Meta,506.46,1145,76063
2022-03-04,Meta,493.95,1073,69228
2022-03-05,Meta,482.29,744,54178
2022-03-06,Meta,484.65,299,44924
2022-03-07,Meta,500.88,278,42882
2022-03-08,Meta,487.56,264,52502
2022-03-09,Influencer,154930.26,0,0
2022-03-09,Meta,510.91,262,48590
2022-03-10,Meta,508.16,196,46206
2022-03-11,Meta,508.49,227,46571
2022-03-12,Meta,499.35,248,44334
2022-03-13,Meta,540.97,296,51028
2022-03-14,Meta,542.01,295,53027
2022-03-15,Meta,555.51,247,49414
2022-03-16,Meta,553.73,225,57018
2022-03-17,Meta,551.47,230,61214
2022-03-18,Meta,535.68,202,59289
2022-03-19,Meta,551.67,203,54795
2022-03-20,Meta,554.63,207,59162
2022-03-21,Meta,556.74,265,60827
2022-03-22,Meta,557.91,277,54795
2022-03-23,Meta,555.48,261,56442
2022-03-24,Meta,616.17,408,62937
2022-03-25,Meta,616.15,407,62962
2022-03-26,Meta,686.74,442,67046
2022-03-27,Meta,879.67,1353,104632
2022-03-28,Meta,804.31,1472,117344
2022-03-29,Meta,917.61,1401,106241
2022-03-30,Meta,940.53,1452,114992
2022-03-31,Meta,978.79,1405,135111
2022-04-01,Meta,946.26,1553,145031
2022-04-02,Meta,796.99,1380,108021
2022-04-03,Meta,815.66,1515,141009
2022-04-04,Meta,731.61,1255,126428
2022-04-05,Meta,641.88,1020,100530
2022-04-06,Meta,583.43,1022,94822
2022-04-07,Meta,552.06,974,90574
2022-04-08,Meta,560.04,878,82980
2022-04-09,Meta,680.15,994,99078
2022-04-10,Meta,687.53,1226,111858
2022-04-11,Meta,670.43,1046,113170
2022-04-12,Meta,608.09,943,100968
2022-04-13,Meta,635.42,984,101429
2022-04-14,Influencer,35000.0,0,0
2022-04-14,Meta,632.21,830,92577
2022-04-15,Meta,598.94,858,89278
2022-04-16,Meta,607.14,926,95806
2022-04-17,Meta,631.78,999,96487
2022-04-18,Meta,513.41,732,78016
2022-04-19,Meta,501.97,580,62284
2022-04-20,Meta,496.6,614,58296
2022-04-21,Meta,1916.18,2172,159234
2022-04-22,Meta,1883.83,2249,166593
2022-04-23,Meta,1964.26,2317,159769
2022-04-24,Meta,1950.69,2132,147770
2022-04-25,Meta,1899.71,1919,164549
2022-04-26,Meta,1639.3,1546,128346
2022-04-27,Meta,1519.71,1323,108060
2022-04-28,Meta,1468.3,1157,101782
2022-04-29,Influencer,1364.98,0,0
2022-04-29,Meta,1445.51,1184,101605
2022-04-30,Meta,1495.32,1413,113439
2022-05-01,Meta,1595.17,1796,138196
2022-05-02,Meta,1122.77,966,124738
2022-05-03,Meta,1000.4,835,124100
2022-05-04,Meta,1107.04,943,135342
2022-05-05,Meta,1037.38,759,118655
2022-05-06,Meta,1516.83,1328,163829
2022-05-07,Meta,1669.7,1457,155840
2022-05-08,Meta,1749.01,1546,207795
2022-05-09,Google,104.04,17,4431
2022-05-09,Influencer,10500.0,0,0
2022-05-09,Meta,1693.69,1425,191451
2022-05-10,Google,102.27,26,1139
2022-05-10,Meta,1581.68,1191,163830
2022-05-11,Google,185.95,53,10404
2022-05-11,Meta,1567.73,1210,158802
2022-05-12,Google,39.92,31,1482
2022-05-12,Influencer,137.5,0,0
2022-05-12,Meta,1545.09,1136,151515
2022-05-13,Google,46.83,20,17417
2022-05-13,Meta,1878.12,1242,166756
2022-05-14,Google,50.01,24,27800
2022-05-14,Meta,2389.52,1692,193305
2022-05-15,Google,47.24,11,17765
2022-05-15,Meta,2487.31,1796,212512
2022-05-16,Google,28.3,17,1279
2022-05-16,Meta,2303.27,1656,221586
2022-05-17,Google,105.02,54,9317
2022-05-17,Meta,2309.19,1629,193388
2022-05-18,Google,91.72,53,4699
2022-05-18,Meta,2245.06,1924,197070
2022-05-19,Google,71.6,58,1504
2022-05-19,Meta,1973.53,1563,187386
2022-05-20,Google,78.79,74,1829
2022-05-20,Meta,2167.72,1497,182965
2022-05-21,Google,82.55,67,1692
2022-05-21,Meta,2260.19,1486,179166
2022-05-22,Google,76.01,95,2288
2022-05-22,Meta,1037.47,907,86895
2022-05-23,Google,77.85,129,2349
2022-05-23,Meta,2364.04,1972,227535
2022-05-24,Google,71.1,109,2230
2022-05-24,Meta,2234.65,2294,209394
2022-05-25,Google,123.46,162,3404
2022-05-25,Meta,2246.37,2639,233075
2022-05-26,Google,94.58,174,3701
2022-05-26,Meta,2192.86,2415,256136
2022-05-27,Google,124.49,206,4063
2022-05-27,Meta,1664.4,1719,169439
2022-05-28,Google,110.34,192,5705
2022-05-28,Meta,2371.78,2451,189562
2022-05-29,Google,108.47,177,4484
2022-05-29,Meta,2319.53,2741,214565
2022-05-30,Google,102.63,171,3900
2022-05-30,Meta,2256.78,2911,243657
2022-05-31,Google,89.88,173,3155
2022-05-31,Meta,2201.4,2874,245747
2022-06-01,Google,99.92,155,3305
2022-06-01,Meta,2160.29,3356,237550
2022-06-02,Google,89.72,176,3848
2022-06-02,Meta,2097.31,3641,214521
2022-06-03,Google,118.53,192,3866
2022-06-03,Meta,2203.88,3551,228597
2022-06-04,Google,143.75,225,4024
2022-06-04,Meta,2278.32,3704,232968
2022-06-05,Google,124.11,216,2987
2022-06-05,Meta,2354.21,3830,256126
2022-06-06,Google,146.46,234,3618
2022-06-06,Meta,2296.47,3450,252935
2022-06-07,Google,167.86,239,3994
2022-06-07,Meta,2256.63,3176,227956
2022-06-08,Google,169.59,306,3748
2022-06-08,Meta,2227.59,3136,221026
2022-06-09,Google,184.03,269,3458
2022-06-09,Meta,2147.93,3003,211817
2022-06-10,Google,252.95,253,4938
2022-06-10,Meta,2186.71,3077,223351
2022-06-11,Google,181.56,286,6149
2022-06-11,Meta,2318.68,3285,247170
2022-06-12,Google,272.18,340,8236
2022-06-12,Influencer,11666.66,0,0
2022-06-12,Meta,2394.22,3510,266150
2022-06-13,Google,179.2,343,5770
2022-06-13,Meta,2459.3,3413,290287
2022-06-14,Google,173.13,301,5195
2022-06-14,Meta,2440.52,3239,264361
2022-06-15,Google,161.75,304,11829
2022-06-15,Meta,2421.2,3106,249183
2022-06-16,Google,189.57,292,12544
2022-06-16,Meta,2423.72,2933,259415
2022-06-17,Google,209.42,314,13502
2022-06-17,Meta,2392.49,2993,257809
2022-06-18,Google,179.61,296,11541
2022-06-18,Meta,2473.95,3057,255193
2022-06-19,Google,183.96,335,10319
2022-06-19,Meta,2643.74,1592,193054
2022-06-20,Google,199.96,250,13405
2022-06-20,Meta,2441.1,2397,213480
2022-06-21,Google,217.05,335,15201
2022-06-21,Meta,2419.2,2599,225831
2022-06-22,Google,319.37,589,17968
2022-06-22,Meta,2398.51,2478,208424
2022-06-23,Google,267.8,696,16665
2022-06-23,Meta,2396.13,2349,201600
2022-06-24,Google,231.34,523,11363
2022-06-24,Meta,2403.7,2204,220170
2022-06-25,Google,232.17,548,11115
2022-06-25,Meta,2447.62,2557,236172
2022-06-26,Google,285.75,824,17839
2022-06-26,Meta,2602.66,2907,253262
2022-06-27,Google,344.24,911,21892
2022-06-27,Meta,2508.92,2677,247463
2022-06-28,Google,241.55,524,13789
2022-06-28,Meta,2415.34,2037,202020
2022-06-29,Google,331.57,773,17708
2022-06-29,Meta,2100.61,1996,184964
2022-06-30,Google,291.13,791,13984
2022-06-30,Influencer,20000.0,0,0
2022-06-30,Meta,1505.65,1477,153680
2022-07-01,Google,320.96,834,17054
2022-07-01,Meta,1417.62,1670,179669
2022-07-02,Google,332.75,1006,16155
2022-07-02,Meta,1296.1,1397,156443
2022-07-03,Google,315.13,1063,15572
2022-07-03,Meta,1297.45,1530,166960
2022-07-04,Google,319.64,946,16403
2022-07-04,Meta,1290.72,1647,194030
2022-07-05,Google,324.08,841,15735
2022-07-05,Meta,1223.28,1564,203961
2022-07-06,Google,302.58,636,9214
2022-07-06,Meta,1218.48,1500,182639
2022-07-07,Google,305.92,573,8726
2022-07-07,Meta,1209.1,1451,164438
2022-07-08,Google,285.31,298,4232
2022-07-08,Influencer,-0.66,0,0
2022-07-08,Meta,1235.5,1413,171158
2022-07-09,Google,287.53,274,3952
2022-07-09,Meta,1275.47,1562,167360
2022-07-10,Google,321.19,304,4946
2022-07-10,Meta,1302.36,1733,173926
2022-07-11,Google,310.53,292,4889
2022-07-11,Meta,1270.25,1452,169162
2022-07-12,Google,285.31,284,4892
2022-07-12,Meta,1203.91,1213,154388
2022-07-13,Google,256.65,276,4951
2022-07-13,Meta,1217.47,1361,146767
2022-07-14,Google,229.84,246,4634
2022-07-14,Meta,1204.21,1300,155578
2022-07-15,Google,180.0,189,3836
2022-07-15,Meta,1232.23,1352,165052
2022-07-16,Google,265.02,296,4982
2022-07-16,Meta,1310.53,1506,180849
2022-07-17,Google,385.93,338,6495
2022-07-17,Meta,1310.88,1701,183528
2022-07-18,Google,359.59,297,5906
2022-07-18,Influencer,10586.13,0,0
2022-07-18,Meta,1348.47,1785,201546
2022-07-19,Google,339.86,287,6433
2022-07-19,Meta,1238.96,1492,170947
2022-07-20,Google,333.39,301,6153
2022-07-20,Meta,1219.4,1403,176976
2022-07-21,Google,230.5,249,5035
2022-07-21,Meta,1223.57,1313,161985
2022-07-22,Google,175.94,223,4690
2022-07-22,Meta,1241.77,1118,144530
2022-07-23,Google,224.11,242,5134
2022-07-23,Meta,1321.79,1407,157360
2022-07-24,Google,286.93,304,6502
2022-07-24,Meta,1271.34,1313,157122
2022-07-25,Google,203.07,245,5580
2022-07-25,Meta,1250.93,1307,162529
2022-07-26,Google,363.41,308,6052
2022-07-26,Meta,1232.06,1284,148205
2022-07-27,Google,345.08,307,5075
2022-07-27,Meta,1260.47,1207,143550
2022-07-28,Google,326.11,292,6270
2022-07-28,Meta,1243.04,1285,164273
2022-07-29,Google,239.07,238,4528
2022-07-29,Meta,1218.64,1341,168079
2022-07-30,Google,201.1,238,5519
2022-07-30,Meta,1273.52,1483,158114
2022-07-31,Google,191.99,204,15091
2022-07-31,Meta,1312.53,1438,168854
2022-08-01,Google,649.29,415,62294
2022-08-01,Influencer,4500.0,0,0
2022-08-01,Meta,1288.83,1429,168067
2022-08-02,Google,704.62,451,67930
2022-08-02,Meta,1330.73,1318,154738
2022-08-03,Google,669.26,445,66873
2022-08-03,Meta,1376.72,1340,174155
2022-08-04,Google,611.57,327,65367
2022-08-04,Meta,1223.87,1269,178071
2022-08-05,Google,636.42,324,45397
2022-08-05,Meta,1462.48,1359,190647
2022-08-06,Google,675.98,405,44825
2022-08-06,Meta,1751.3,1915,234244
2022-08-07,Google,686.22,358,47639
2022-08-07,Meta,1773.11,1830,243942
2022-08-08,Google,719.47,385,38713
2022-08-08,Meta,1754.61,1781,236619
2022-08-09,Google,790.67,427,41871
2022-08-09,Meta,1667.47,1672,225801
2022-08-10,Google,716.67,417,37322
2022-08-10,Meta,1594.93,1651,226944
2022-08-11,Google,812.08,432,37159
2022-08-11,Meta,1595.41,1489,208151
2022-08-12,Google,659.2,359,36045
2022-08-12,Meta,1587.2,1546,198103
2022-08-13,Google,716.6,365,35531
2022-08-13,Meta,1572.78,1603,203473
2022-08-14,Google,736.44,426,36924
2022-08-14,Meta,1657.91,1673,223982
2022-08-15,Google,833.68,469,36523
2022-08-15,Meta,1642.58,1639,213526
2022-08-16,Google,462.84,330,13652
2022-08-16,Influencer,4505.9,0,0
2022-08-16,Meta,1607.84,1521,190739
2022-08-17,Google,479.78,356,13422
2022-08-17,Meta,1556.02,1645,186746
2022-08-18,Google,621.99,399,13404
2022-08-18,Meta,1540.96,1570,171952
2022-08-19,Google,507.95,378,11492
2022-08-19,Meta,1596.11,1657,177001
2022-08-20,Google,490.64,348,12846
2022-08-20,Meta,1598.58,1754,187500
2022-08-21,Google,517.59,370,12914
2022-08-21,Meta,1639.76,1895,198323
2022-08-22,Google,537.9,328,20489
2022-08-22,Influencer,8000.0,0,0
2022-08-22,Meta,1608.44,1727,205490
2022-08-23,Google,464.19,318,16679
2022-08-23,Meta,1612.96,1738,204353
2022-08-24,Google,392.77,260,16411
2022-08-24,Meta,1564.62,1545,190210
2022-08-25,Google,315.02,206,15772
2022-08-25,Meta,1568.25,1506,174026
2022-08-26,Google,519.66,314,15911
2022-08-26,Meta,1471.22,1268,166877
2022-08-27,Google,429.14,264,15127
2022-08-27,Meta,1513.65,1361,170552
2022-08-28,Google,451.91,300,16317
2022-08-28,Meta,1556.9,1510,188512
2022-08-29,Google,449.99,291,9072
2022-08-29,Meta,1541.62,1289,180782
2022-08-30,Google,411.17,284,9540
2022-08-30,Meta,1504.86,1238,169169
2022-08-31,Google,297.46,226,8208
2022-08-31,Meta,1464.44,1230,175651
2022-09-01,Google,374.91,244,10793
2022-09-01,Meta,1369.34,1262,178707
2022-09-02,Google,322.82,227,5054
2022-09-02,Meta,1163.42,1037,147771
2022-09-03,Google,153.46,121,2528
2022-09-03,Meta,1098.88,888,124162
2022-09-04,Google,130.14,118,2448
2022-09-04,Meta,1143.25,940,138887
2022-09-05,Google,141.82,135,2922
2022-09-05,Meta,706.89,728,83615
2022-09-06,Google,145.95,131,2879
2022-09-06,Meta,192.21,286,27476
2022-09-07,Google,157.7,145,2664
2022-09-07,Meta,384.53,460,53376
2022-09-08,Google,129.7,118,2257
2022-09-08,Meta,850.24,408,53265
2022-09-09,Google,89.93,97,1762
2022-09-09,Meta,1097.41,1183,127335
2022-09-10,Google,153.9,134,2397
2022-09-10,Meta,1105.73,1308,127674
2022-09-11,Google,197.68,169,3030
2022-09-11,Meta,1141.43,1343,132165
2022-09-12,Google,260.31,159,9599
2022-09-12,Meta,1130.0,976,117004
2022-09-13,Google,238.02,180,12262
2022-09-13,Meta,1059.65,864,95830
2022-09-14,Google,215.03,137,13671
2022-09-14,Meta,1162.13,907,97064
2022-09-15,Google,248.52,157,14745
2022-09-15,Meta,1172.59,1004,107099
2022-09-16,Google,197.92,119,12416
2022-09-16,Meta,1142.01,908,107021
2022-09-17,Google,116.25,117,1759
2022-09-17,Meta,1209.49,1052,112191
2022-09-18,Google,102.06,114,2021
2022-09-18,Meta,1251.46,1097,129082
2022-09-19,Google,129.52,138,2490
2022-09-19,Meta,1237.71,989,120964
2022-09-20,Google,138.24,138,2311
2022-09-20,Meta,1180.63,886,103467
2022-09-21,Google,120.36,123,2463
2022-09-21,Influencer,6500.0,0,0
2022-09-21,Meta,1184.09,821,97498
2022-09-22,Google,114.45,117,2283
2022-09-22,Meta,1177.35,860,96468
2022-09-23,Google,129.79,125,2298
2022-09-23,Meta,359.43,181,22671
2022-09-24,Google,116.06,117,1960
2022-09-24,Meta,267.16,130,15279
2022-09-25,Google,155.16,155,2651
2022-09-25,Meta,1256.15,1031,113710
2022-09-26,Google,244.28,159,9601
2022-09-26,Influencer,3883.42,0,0
2022-09-26,Meta,1234.32,1005,114368
2022-09-27,Google,185.38,179,12025
2022-09-27,Meta,1208.47,788,99447
2022-09-28,Google,159.84,86,13442
2022-09-28,Meta,1184.33,779,89249
2022-09-29,Google,256.55,193,13471
2022-09-29,Meta,1161.8,806,97040
2022-09-30,Google,134.02,116,2094
2022-09-30,Influencer,13000.0,0,0
2022-09-30,Meta,1174.36,752,90527
2022-10-01,Google,121.49,113,2221
2022-10-01,Influencer,1000.0,0,0
2022-10-01,Meta,1180.57,851,105413
2022-10-02,Google,151.17,135,3073
2022-10-02,Meta,1264.85,949,126104
2022-10-03,Google,273.81,166,17132
2022-10-03,Meta,1231.13,934,125328
2022-10-04,Google,287.05,167,17018
2022-10-04,Meta,1200.55,877,118639
2022-10-05,Google,216.71,140,9007
2022-10-05,Meta,1178.71,848,100059
2022-10-06,Google,205.99,162,20777
2022-10-06,Meta,1178.08,899,111924
2022-10-07,Google,155.51,111,11907
2022-10-07,Meta,1163.41,891,114544
2022-10-08,Google,117.03,148,75120
2022-10-08,Meta,1081.38,922,112797
2022-10-09,Google,148.37,220,108562
2022-10-09,Influencer,826.19,0,0
2022-10-09,Meta,1056.59,922,124545
2022-10-10,Google,133.18,128,10187
2022-10-10,Meta,1031.09,932,132703
2022-10-11,Google,103.2,146,112600
2022-10-11,Meta,997.85,782,107564
2022-10-12,Google,103.83,101,7233
2022-10-12,Meta,981.68,736,90860
2022-10-13,Google,140.96,127,6811
2022-10-13,Meta,976.48,763,108029
2022-10-14,Google,143.6,116,2698
2022-10-14,Meta,1219.84,823,110670
2022-10-15,Google,113.65,87,3231
2022-10-15,Meta,28.21,9,2243
2022-10-16,Google,141.57,116,8082
2022-10-16,Meta,106.64,21,2807
2022-10-17,Google,240.43,128,24734
2022-10-17,Meta,200.06,20,3776
2022-10-18,Google,236.55,127,21353
2022-10-18,Meta,558.06,74,14013
2022-10-19,Google,235.17,123,20779
2022-10-19,Influencer,3250.0,0,0
2022-10-19,Meta,798.73,435,48884
2022-10-20,Google,234.37,136,23357
2022-10-20,Meta,1048.83,767,87499
2022-10-21,Google,161.0,107,8650
2022-10-21,Meta,1168.75,746,81489
2022-10-22,Google,125.93,102,4204
2022-10-22,Meta,1276.63,873,84079
2022-10-23,Google,144.98,135,24090
2022-10-23,Meta,1377.71,1020,95568
2022-10-24,Google,137.96,132,14680
2022-10-24,Influencer,3250.0,0,0
2022-10-24,Meta,1344.25,1081,105363
2022-10-25,Google,149.94,122,9745
2022-10-25,Influencer,3915.02,0,0
2022-10-25,Meta,1339.17,1239,107299
2022-10-26,Google,174.74,143,16450
2022-10-26,Meta,1472.29,1323,125419
2022-10-27,Google,114.34,109,8382
2022-10-27,Meta,1488.09,1185,107167
2022-10-28,Google,135.02,119,9482
2022-10-28,Meta,1705.08,1459,118489
2022-10-29,Google,139.64,115,13045
2022-10-29,Meta,1757.73,1844,110199
2022-10-30,Google,172.19,136,6801
2022-10-30,Meta,1809.82,1635,115670
2022-10-31,Google,200.98,103,18882
2022-10-31,Meta,1816.97,1730,144956
2022-11-01,Google,211.21,138,16638
2022-11-01,Influencer,4250.0,0,0
2022-11-01,Meta,1604.17,1289,130473
2022-11-02,Google,207.63,157,22051
2022-11-02,Meta,1444.79,1219,118896
2022-11-03,Google,211.41,143,11399
2022-11-03,Meta,1437.01,1264,124082
2022-11-04,Google,189.19,118,16486
2022-11-04,Meta,1543.81,1411,128851
2022-11-05,Google,179.4,112,11748
2022-11-05,Meta,1529.19,1352,123852
2022-11-06,Google,184.58,140,16943
2022-11-06,Influencer,11000.0,0,0
2022-11-06,Meta,1569.88,1316,126875
2022-11-07,Google,186.13,148,20901
2022-11-07,Meta,1498.11,1136,122596
2022-11-08,Google,218.6,175,41992
2022-11-08,Meta,1434.44,835,101598
2022-11-09,Google,192.69,128,15079
2022-11-09,Influencer,1000.0,0,0
2022-11-09,Meta,1595.3,877,133695
2022-11-10,Google,213.69,179,16076
2022-11-10,Meta,1546.75,886,120655
2022-11-11,Google,156.93,127,9311
2022-11-11,Meta,1582.43,956,121591
2022-11-12,Google,142.23,105,13620
2022-11-12,Meta,1622.73,951,109275
2022-11-13,Google,207.3,157,19336
2022-11-13,Meta,1671.1,1024,119964
2022-11-14,Google,268.45,188,22511
2022-11-14,Influencer,11000.0,0,0
2022-11-14,Meta,1593.62,926,106821
2022-11-15,Google,232.03,168,22544
2022-11-15,Meta,1515.71,843,99421
2022-11-16,Google,224.04,140,18896
2022-11-16,Meta,1486.72,850,93500
2022-11-17,Google,210.2,120,8786
2022-11-17,Meta,1481.26,745,97720
2022-11-18,Google,181.08,82,17615
2022-11-18,Meta,1478.02,865,103367
2022-11-19,Google,245.61,112,13504
2022-11-19,Meta,1513.69,832,98819
2022-11-20,Google,264.58,132,17347
2022-11-20,Meta,1619.17,952,108089
2022-11-21,Google,262.5,138,11715
2022-11-21,Meta,1558.65,864,107002
2022-11-22,Google,256.02,132,20083
2022-11-22,Meta,1513.43,736,96939
2022-11-23,Google,240.24,108,15990
2022-11-23,Meta,1480.03,645,84210
2022-11-24,Google,226.73,95,16421
2022-11-24,Meta,1478.62,623,87584
2022-11-25,Google,227.07,115,17363
2022-11-25,Meta,1477.78,639,75399
2022-11-26,Google,269.09,168,18127
2022-11-26,Meta,1512.32,784,88437
2022-11-27,Google,277.7,175,19031
2022-11-27,Meta,1603.76,995,111356
2022-11-28,Google,234.98,137,23116
2022-11-28,Meta,1451.52,628,97388
2022-11-29,Google,228.18,128,21554
2022-11-29,Meta,1405.83,526,100694
2022-11-30,Google,195.3,119,16226
2022-11-30,Influencer,11666.0,0,0
2022-11-30,Meta,1364.31,524,104026
2022-12-01,Google,197.06,87,16844
2022-12-01,Influencer,3250.0,0,0
2022-12-01,Meta,1363.85,587,107265
2022-12-02,Google,264.13,144,15980
2022-12-02,Influencer,15000.0,0,0
2022-12-02,Meta,1380.7,564,113259
2022-12-03,Google,285.74,145,14703
2022-12-03,Meta,1456.91,692,107876
2022-12-04,Google,261.75,169,18972
2022-12-04,Influencer,6094.15,0,0
2022-12-04,Meta,1491.21,733,108930
2022-12-05,Google,255.42,150,26954
2022-12-05,Meta,1395.77,620,101734
2022-12-06,Google,231.69,121,18622
2022-12-06,Meta,1401.77,631,99191
2022-12-07,Google,265.2,150,25465
2022-12-07,Meta,1421.17,670,99772
2022-12-08,Google,255.93,109,21442
2022-12-08,Meta,1424.55,694,97665
2022-12-09,Google,244.56,118,18376
2022-12-09,Meta,1439.42,634,92225
2022-12-10,Google,269.32,185,19367
2022-12-10,Meta,1470.11,693,98886
2022-12-11,Google,288.03,175,16726
2022-12-11,Meta,1564.1,737,93259
2022-12-12,Google,218.22,244,31200
2022-12-12,Influencer,15000.0,0,0
2022-12-12,Meta,1492.95,560,100125
2022-12-13,Google,171.45,142,24533
2022-12-13,Meta,1551.73,632,91955
2022-12-14,Google,378.45,185,45309
2022-12-14,Meta,1417.26,503,78568
2022-12-15,Google,834.25,439,218841
2022-12-15,Influencer,2000.0,0,0
2022-12-15,Meta,1988.78,833,115253
2022-12-16,Google,817.36,266,27143
2022-12-16,Meta,1352.27,628,89000
2022-12-17,Google,245.1,193,14987
2022-12-17,Meta,1837.12,886,106086
2022-12-18,Google,224.78,206,21004
2022-12-18,Meta,1648.4,794,91124
2022-12-19,Google,286.49,203,45035
2022-12-19,Meta,1694.34,759,111560
2022-12-20,Google,221.37,161,41543
2022-12-20,Meta,1613.65,691,107489
2022-12-21,Google,214.7,150,36022
2022-12-21,Meta,1373.87,667,86576
2022-12-22,Google,176.44,150,36797
2022-12-22,Meta,1453.77,667,96422
2022-12-23,Google,168.28,116,31539
2022-12-23,Meta,1421.97,752,100825
2022-12-24,Google,193.37,154,31896
2022-12-24,Meta,1801.42,839,122325
2022-12-25,Google,219.57,198,36282
2022-12-25,Meta,1983.97,939,133724
2022-12-26,Google,226.05,286,34271
2022-12-26,Meta,1964.16,918,141739
2022-12-27,Google,183.98,195,31190
2022-12-27,Meta,2136.12,1018,150641
2022-12-28,Google,218.64,183,16304
2022-12-28,Meta,2104.72,1019,143280
2022-12-29,Google,409.44,325,23945
2022-12-29,Meta,2025.44,955,138612
2022-12-30,Google,520.68,384,30983
2022-12-30,Influencer,1733.0,0,0
2022-12-30,Meta,2033.01,941,155076
2022-12-31,Google,199.11,172,21608
2022-12-31,Meta,2039.44,1027,165981
2023-01-01,Google,450.41,264,44759
2023-01-01,Meta,2284.48,1470,239976
2023-01-02,Google,409.92,335,58315
2023-01-02,Meta,1856.0,1161,172243
2023-01-03,Google,217.03,210,32788
2023-01-03,Meta,1688.05,997,150720
2023-01-04,Google,179.59,132,20780
2023-01-04,Meta,1645.11,945,134496
2023-01-05,Google,1274.15,904,72631
2023-01-05,Meta,1607.4,904,135807
2023-01-06,Google,1025.9,645,64946
2023-01-06,Meta,1603.0,753,131024
2023-01-07,Google,484.43,307,45080
2023-01-07,Meta,1318.48,780,118202
2023-01-08,Google,511.15,391,37082
2023-01-08,Meta,1594.45,1056,140098
2023-01-09,Google,925.95,374,37370
2023-01-09,Influencer,3250.0,0,0
2023-01-09,Meta,1634.88,1169,137905
2023-01-10,Google,1023.51,298,27462
2023-01-10,Meta,1992.73,1444,141748
2023-01-11,Google,939.08,371,17808
2023-01-11,Meta,2030.75,1840,156652
2023-01-12,Google,945.91,458,62022
2023-01-12,Meta,2018.35,2033,155470
2023-01-13,Google,835.51,416,26834
2023-01-13,Influencer,6250.0,0,0
2023-01-13,Meta,2051.5,2045,147505
2023-01-14,Google,1028.69,626,30907
2023-01-14,Meta,2393.0,2225,167858
2023-01-15,Google,1009.85,764,34524
2023-01-15,Meta,2574.53,2448,181973
2023-01-16,Google,830.74,513,29712
2023-01-16,Meta,2444.9,2089,180142
2023-01-17,Google,1112.87,504,48679
2023-01-17,Meta,1927.15,1368,138389
2023-01-18,Google,825.01,443,32410
2023-01-18,Meta,818.44,406,54098
2023-01-19,Google,492.85,387,46373
2023-01-19,Influencer,6359.53,0,0
2023-01-19,Meta,477.56,226,26339
2023-01-20,Google,351.43,213,38474
2023-01-20,Meta,488.65,224,27394
2023-01-21,Google,590.5,351,251519
2023-01-21,Meta,497.63,238,29070
2023-01-22,Google,978.94,434,475263
2023-01-22,Influencer,5744.9,0,0
2023-01-22,Meta,538.28,274,31527
2023-01-23,Google,966.45,453,342827
2023-01-23,Meta,506.92,212,31140
2023-01-24,Google,620.13,412,94444
2023-01-24,Influencer,10000.0,0,0
2023-01-24,Meta,500.19,229,29331
2023-01-25,Google,296.98,950,39094
2023-01-25,Meta,599.15,303,37871
2023-01-26,Google,1456.9,8005,199338
2023-01-26,Meta,649.61,324,43744
2023-01-27,Google,947.98,789,79919
2023-01-27,Meta,789.43,379,49516
2023-01-28,Google,514.76,205,15714
2023-01-28,Meta,821.13,403,53522
2023-01-29,Google,1145.94,299,25178
2023-01-29,Meta,852.25,449,60933
2023-01-30,Google,898.68,455,33152
2023-01-30,Influencer,11666.0,0,0
2023-01-30,Meta,813.9,408,59315
2023-01-31,Google,575.92,342,47561
2023-01-31,Meta,787.09,419,55427
2023-02-01,Google,620.76,1262,88807
2023-02-01,Meta,811.12,446,56747
2023-02-02,Google,2139.33,4403,317427
2023-02-02,Meta,1626.68,573,147486
2023-02-03,Google,1203.27,1529,136843
2023-02-03,Meta,1262.82,546,104417
2023-02-04,Google,844.45,3010,197820
2023-02-04,Meta,1239.32,675,92004
2023-02-05,Google,92.1,169,12761
2023-02-05,Meta,1191.22,644,92242
2023-02-06,Google,821.88,491,114419
2023-02-06,Meta,1509.71,764,105400
2023-02-07,Google,1124.15,993,118068
2023-02-07,Meta,1497.81,671,98214
2023-02-08,Google,1847.56,2017,264073
2023-02-08,Meta,2041.44,923,117957
2023-02-09,Google,2407.58,4959,280765
2023-02-09,Meta,2202.85,1007,122185
2023-02-10,Google,1160.07,906,74727
2023-02-10,Meta,2047.99,1057,106572
2023-02-11,Google,1347.24,1195,90337
2023-02-11,Meta,2082.27,1046,111895
2023-02-12,Google,2613.75,2326,180431
2023-02-12,Meta,1990.04,1140,116678
2023-02-13,Google,4114.12,2410,239410
2023-02-13,Influencer,94.85,0,0
2023-02-13,Meta,1862.81,1201,119249
2023-02-14,Google,4438.85,2204,255445
2023-02-14,Meta,1863.65,1071,122610
2023-02-15,Google,2216.39,1360,148965
2023-02-15,Meta,1804.09,1036,120735
2023-02-16,Google,1408.86,856,104415
2023-02-16,Meta,1382.13,544,88471
2023-02-17,Google,1124.9,759,48293
2023-02-17,Meta,1747.46,1018,117858
2023-02-18,Google,1492.13,1191,179676
2023-02-18,Meta,1541.39,959,149612
2023-02-19,Google,1611.28,1192,149226
2023-02-19,Meta,1417.06,811,134639
2023-02-20,Google,1612.04,934,128245
2023-02-20,Influencer,10000.0,0,0
2023-02-20,Meta,1357.81,873,138169
2023-02-21,Google,1983.4,1227,164169
2023-02-21,Meta,1338.87,741,136827
2023-02-22,Google,1822.88,1110,95027
2023-02-22,Meta,1321.35,681,131031
2023-02-23,Google,1554.7,969,74010
2023-02-23,Meta,1461.49,713,160866
2023-02-24,Google,1645.62,951,76026
2023-02-24,Meta,1546.97,668,154974
2023-02-25,Google,1186.82,1044,77873
2023-02-25,Meta,1650.62,790,128484
2023-02-26,Google,1207.35,1168,91070
2023-02-26,Meta,1694.72,719,110188
2023-02-27,Google,1417.45,913,87358
2023-02-27,Meta,1638.74,642,114244
2023-02-28,Google,1410.37,911,83159
2023-02-28,Meta,1583.41,649,109566
2023-03-01,Google,1182.48,1422,78089
2023-03-01,Meta,794.9,389,52956
2023-03-02,Google,919.3,1166,60560
2023-03-02,Meta,559.58,250,35853
2023-03-03,Google,619.1,689,52648
2023-03-03,Meta,565.72,229,34793
2023-03-04,Google,1211.48,984,101793
2023-03-04,Meta,581.93,293,35841
2023-03-05,Google,817.36,769,57038
2023-03-05,Meta,619.25,278,38869
2023-03-06,Google,985.09,676,48531
2023-03-06,Meta,593.08,277,39710
2023-03-07,Google,764.91,644,56944
2023-03-07,Meta,625.27,255,39471
2023-03-08,Google,962.97,859,115350
2023-03-08,Meta,742.79,315,41221
2023-03-09,Google,1323.39,847,44430
2023-03-09,Meta,827.64,351,46404
2023-03-10,Google,1319.76,807,89668
2023-03-10,Meta,832.87,324,47529
2023-03-11,Google,1512.01,925,43150
2023-03-11,Meta,859.16,398,42039
2023-03-12,Google,1251.41,901,60531
2023-03-12,Meta,905.56,364,44898
2023-03-13,Google,1527.89,958,44881
2023-03-13,Meta,865.78,291,45504
2023-03-14,Google,1566.86,976,59813
2023-03-14,Meta,843.89,322,45125
2023-03-15,Google,2596.5,1334,55398
2023-03-15,Meta,816.39,316,45768
2023-03-16,Google,2532.05,1425,47568
2023-03-16,Meta,810.98,323,48053
2023-03-17,Google,2111.8,1139,22096
2023-03-17,Meta,829.68,314,47101
2023-03-18,Google,3269.39,13279,78572
2023-03-18,Meta,877.69,383,44158
2023-03-19,Google,1242.01,3908,28858
2023-03-19,Meta,909.75,389,44204
2023-03-20,Google,1254.34,1342,40443
2023-03-20,Meta,863.21,332,46949
2023-03-21,Google,2911.21,2995,133646
2023-03-21,Meta,841.93,282,44691
2023-03-22,Google,1997.19,1505,90712
2023-03-22,Meta,825.9,312,49709
2023-03-23,Google,1827.73,1256,111631
2023-03-23,Meta,812.83,271,43331
2023-03-24,Google,1765.2,1355,155580
2023-03-24,Meta,822.73,278,42894
2023-03-25,Google,2266.46,1465,104830
2023-03-25,Meta,873.65,311,45085
2023-03-26,Google,2102.93,887,98221
2023-03-26,Meta,884.11,283,45468
2023-03-27,Google,1411.37,852,37364
2023-03-27,Influencer,10000.0,0,0
2023-03-27,Meta,859.77,270,50798
2023-03-28,Google,2107.91,1927,59438
2023-03-28,Meta,837.88,263,46262
2023-03-29,Google,2387.69,10806,91817
2023-03-29,Meta,826.94,266,41678
2023-03-30,Google,2097.32,1765,77441
2023-03-30,Meta,822.11,257,40951
2023-03-31,Google,1425.67,1054,84490
2023-03-31,Meta,837.76,301,45202
2023-04-01,Google,2142.38,2951,110795
2023-04-01,Influencer,278.08,0,0
2023-04-01,Meta,880.69,338,51348
2023-04-02,Google,2133.49,2452,101552
2023-04-02,Meta,901.11,351,55147
2023-04-03,Google,2066.21,2377,150694
2023-04-03,Meta,857.93,328,50273
2023-04-04,Google,2165.74,3421,95037
2023-04-04,Meta,835.16,315,48370
2023-04-05,Google,2094.69,5284,114078
2023-04-05,Meta,850.71,347,49712
2023-04-06,Google,2244.47,1819,151403
2023-04-06,Meta,828.8,349,49283
2023-04-07,Google,1951.89,2347,158941
2023-04-07,Meta,842.21,304,47115
2023-04-08,Google,1513.68,2015,105431
2023-04-08,Meta,986.91,523,56661
2023-04-09,Google,1970.08,2141,126130
2023-04-09,Meta,1170.85,765,68510
2023-04-10,Google,2412.49,1388,161881
2023-04-10,Meta,1113.7,641,70474
2023-04-11,Google,1746.71,1302,112932
2023-04-11,Influencer,5000.0,0,0
2023-04-11,Meta,1076.05,648,69393
2023-04-12,Google,2060.98,1171,133841
2023-04-12,Meta,917.98,500,47192
2023-04-13,Google,2061.62,1124,96802
2023-04-13,Meta,673.86,414,30411
2023-04-14,Google,1216.07,814,41517
2023-04-14,Meta,721.34,393,30470
2023-04-15,Google,2126.65,1220,66178
2023-04-15,Meta,1052.28,583,39265
2023-04-16,Google,1975.6,1153,38837
2023-04-16,Meta,1222.93,809,50855
2023-04-17,Google,2026.03,1290,231419
2023-04-17,Meta,1486.48,840,60646
2023-04-18,Google,1353.8,911,343748
2023-04-18,Meta,594.14,195,25271
2023-04-19,Google,935.14,613,50520
2023-04-19,Meta,1005.31,576,50816
2023-04-20,Google,1348.62,1124,130173
2023-04-20,Meta,1522.36,1077,92857
2023-04-21,Google,1556.78,868,36835
2023-04-21,Meta,2054.95,1419,125752
2023-04-22,Google,1274.44,668,33841
2023-04-22,Meta,2311.89,1409,128459
2023-04-23,Google,1393.33,818,21241
2023-04-23,Meta,2466.25,1189,134811
2023-04-24,Google,1359.99,667,24393
2023-04-24,Meta,2300.23,1534,143518
2023-04-25,Google,1098.34,746,55079
2023-04-25,Meta,2375.64,1410,139181
2023-04-26,Google,1368.76,839,66740
2023-04-26,Meta,2305.62,1359,137759
2023-04-27,Google,1599.09,1087,305647
2023-04-27,Meta,2292.05,1295,136784
2023-04-28,Google,2216.37,1345,52254
2023-04-28,Influencer,5000.0,0,0
2023-04-28,Meta,3449.47,2010,190240
2023-04-29,Google,3413.33,3143,389610
2023-04-29,Meta,4095.8,2721,221200
2023-04-30,Google,3686.94,4421,545702
2023-04-30,Meta,4341.99,3323,260703
2023-05-01,Google,2452.03,1742,161511
2023-05-01,Influencer,4166.48,0,0
2023-05-01,Meta,2251.48,1401,142760
2023-05-02,Google,1144.49,1274,251432
2023-05-02,Meta,2049.41,1283,121007
2023-05-03,Google,1382.39,810,74791
2023-05-03,Meta,2499.85,1657,138655
2023-05-04,Google,1381.44,828,84404
2023-05-04,Meta,2561.88,1803,150947
2023-05-05,Google,1587.09,1317,246252
2023-05-05,Meta,2786.08,2190,164741
2023-05-06,Google,1474.94,1185,176234
2023-05-06,Meta,3041.99,1946,162440
2023-05-07,Google,1355.35,1213,122252
2023-05-07,Meta,2890.01,1931,147333
2023-05-08,Google,1299.49,956,138327
2023-05-08,Meta,2246.74,1255,136808
2023-05-09,Google,1268.72,873,100890
2023-05-09,Meta,1479.41,963,69818
2023-05-10,Google,1275.1,1000,136314
2023-05-10,Meta,1462.97,1056,74433
2023-05-11,Google,1129.47,851,73870
2023-05-11,Meta,1228.08,1094,72139
2023-05-12,Google,1255.88,567,47025
2023-05-12,Meta,866.08,595,45324
2023-05-13,Google,997.92,696,37762
2023-05-13,Meta,914.97,691,45232
2023-05-14,Google,911.24,957,87034
2023-05-14,Meta,926.52,686,49645
2023-05-15,Google,659.6,683,57698
2023-05-15,Meta,708.79,428,40998
2023-05-16,Google,880.96,861,90568
2023-05-16,Meta,412.69,260,24115
2023-05-17,Google,1645.4,1069,71865
2023-05-17,Meta,621.94,410,33037
2023-05-18,Google,1307.03,1116,53331
2023-05-18,Meta,826.19,576,42860
2023-05-19,Google,997.26,703,55045
2023-05-19,Meta,847.7,569,43164
2023-05-20,Google,1069.66,711,37029
2023-05-20,Meta,1288.32,1153,61659
2023-05-21,Google,1460.34,1069,153015
2023-05-21,Meta,1021.73,1025,56412
2023-05-22,Google,1528.33,1363,185837
2023-05-22,Meta,909.6,781,48068
2023-05-23,Google,1718.73,5924,163493
2023-05-23,Meta,815.38,700,41215
2023-05-24,Google,1353.4,791,93035
2023-05-24,Meta,782.4,660,40984
2023-05-25,Google,1246.75,1433,122821
2023-05-25,Meta,771.82,724,41129
2023-05-26,Google,833.87,787,100532
2023-05-26,Meta,812.74,513,37383
2023-05-27,Google,824.15,789,96068
2023-05-27,Meta,805.94,611,37905
2023-05-28,Google,1016.39,1028,242395
2023-05-28,Meta,786.76,582,38344
2023-05-29,Google,641.06,467,50875
2023-05-29,Meta,792.48,562,41217
2023-05-30,Google,551.04,436,22978
2023-05-30,Meta,544.27,352,27816
2023-05-31,Google,443.17,342,15965
2023-05-31,Meta,727.09,519,41743
2023-06-01,Google,538.31,368,37055
2023-06-01,Meta,653.04,493,41761
2023-06-02,Google,512.13,340,22750
2023-06-02,Meta,626.32,493,36093
2023-06-03,Google,618.15,436,40737
2023-06-03,Meta,589.11,472,28811
2023-06-04,Google,569.38,281,18534
2023-06-04,Meta,603.53,495,30816
2023-06-05,Google,545.77,273,25387
2023-06-05,Meta,630.01,415,32584
2023-06-06,Google,752.33,304,33061
2023-06-06,Meta,599.12,528,32849
2023-06-07,Google,1071.19,648,140843
2023-06-07,Meta,605.63,499,32775
2023-06-08,Google,964.46,707,166486
2023-06-08,Meta,573.95,364,28574
2023-06-09,Google,806.56,723,77218
2023-06-09,Meta,682.29,371,30473
2023-06-10,Google,947.84,1257,273343
2023-06-10,Meta,903.76,517,41263
2023-06-11,Google,765.92,716,83641
2023-06-11,Meta,948.35,736,52324
2023-06-12,Google,1080.84,956,201345
2023-06-12,Meta,916.64,664,54101
2023-06-13,Google,1174.28,1228,232910
2023-06-13,Meta,897.24,609,48017
2023-06-14,Google,831.53,673,85500
2023-06-14,Meta,881.33,638,45480
2023-06-15,Google,813.72,1004,164902
2023-06-15,Meta,875.91,615,48937
2023-06-16,Google,1352.86,4724,275541
2023-06-16,Meta,859.02,509,39954
2023-06-17,Google,897.81,1581,143986
2023-06-17,Meta,921.49,610,43228
2023-06-18,Google,689.67,794,86178
2023-06-18,Meta,947.63,608,44269
2023-06-19,Google,575.98,475,19612
2023-06-19,Meta,896.62,465,43774
2023-06-20,Google,891.69,855,65701
2023-06-20,Meta,897.04,548,50556
2023-06-21,Google,618.58,470,26761
2023-06-21,Meta,897.14,445,42241
2023-06-22,Google,755.03,876,39264
2023-06-22,Meta,884.86,498,40580
2023-06-23,Google,1249.32,1037,57388
2023-06-23,Meta,816.77,366,37592
2023-06-24,Google,1371.25,986,52635
2023-06-24,Meta,959.92,451,38642
2023-06-25,Google,1318.68,977,39108
2023-06-25,Meta,938.62,466,39965
2023-06-26,Google,1424.55,1072,54006
2023-06-26,Meta,902.59,395,41474
2023-06-27,Google,1313.92,953,53562
2023-06-27,Meta,905.41,378,42812
2023-06-28,Google,1331.74,993,50360
2023-06-28,Meta,879.97,382,40150
2023-06-29,Google,1079.19,770,71633
2023-06-29,Meta,874.1,373,38542
2023-06-30,Google,743.7,551,27674
2023-06-30,Meta,1079.73,490,59853
2023-07-01,Google,773.9,631,21118
2023-07-01,Influencer,12016.93,0,0
2023-07-01,Meta,1361.58,673,76925
2023-07-02,Google,1061.02,1182,66952
2023-07-02,Meta,1421.62,586,80528
2023-07-03,Google,1042.57,1411,49328
2023-07-03,Meta,1393.73,530,82126
2023-07-04,Google,1213.23,704,30218
2023-07-04,Meta,1504.15,691,90075
2023-07-05,Google,1451.43,974,42125
2023-07-05,Meta,1470.55,586,87658
2023-07-06,Google,1142.4,662,34743
2023-07-06,Meta,1557.5,566,81573
2023-07-07,Google,429.98,590,10699
2023-07-07,Meta,1697.25,670,86012
2023-07-08,Meta,1772.24,714,88138
2023-07-09,Meta,1844.94,768,103852
2023-07-10,Google,1229.14,870,44122
2023-07-10,Influencer,4481.97,0,0
2023-07-10,Meta,1675.76,613,93729
2023-07-11,Google,2687.79,13549,159650
2023-07-11,Meta,1806.49,606,86510
2023-07-12,Google,2018.21,3273,273018
2023-07-12,Meta,1788.89,669,87276
2023-07-13,Google,1747.1,1053,97309
2023-07-13,Meta,2084.85,836,123722
2023-07-14,Google,1547.74,1315,147224
2023-07-14,Meta,2277.08,990,115120
2023-07-15,Google,1484.41,1013,88737
2023-07-15,Meta,2491.09,1197,128661
2023-07-16,Google,1399.61,1032,129204
2023-07-16,Meta,2622.55,1303,137593
2023-07-17,Google,1372.46,1003,65533
2023-07-17,Meta,2589.11,1267,155569
2023-07-18,Google,1616.47,936,81216
2023-07-18,Meta,2159.38,1002,130246
2023-07-19,Google,1418.79,1178,51473
2023-07-19,Meta,2056.47,1030,119046
2023-07-20,Google,1196.15,838,43010
2023-07-20,Meta,2093.21,1209,127205
2023-07-21,Google,1124.64,488,24914
2023-07-21,Meta,2122.77,1146,115129
2023-07-22,Google,1070.35,1213,36963
2023-07-22,Meta,2263.93,1300,128844
2023-07-23,Google,1517.22,1127,47401
2023-07-23,Meta,2377.29,1522,146314
2023-07-24,Google,1332.1,1074,85862
2023-07-24,Meta,1975.39,1133,126947
2023-07-25,Google,937.17,766,22539
2023-07-25,Meta,1594.44,995,110060
2023-07-26,Google,1191.95,793,43353
2023-07-26,Meta,1385.55,868,97454
2023-07-27,Google,1453.51,797,40096
2023-07-27,Meta,1509.75,778,95187
2023-07-28,Google,1066.78,830,29669
2023-07-28,Meta,1482.61,903,86665
2023-07-29,Google,1168.46,787,23249
2023-07-29,Meta,1536.63,1020,89697
2023-07-30,Google,1239.86,991,26868
2023-07-30,Meta,1595.68,1053,95157
2023-07-31,Google,1341.92,1188,44519
2023-07-31,Meta,1492.75,897,95818
2023-08-01,Google,1284.85,1038,34023
2023-08-01,Meta,1043.64,667,68762
2023-08-02,Google,1180.01,1003,32047
2023-08-02,Meta,867.76,649,64304
2023-08-03,Google,680.53,715,23491
2023-08-03,Meta,859.27,686,67412
2023-08-04,Google,1047.95,892,33375
2023-08-04,Meta,886.55,618,67265
2023-08-05,Google,960.89,1170,50161
2023-08-05,Meta,932.29,799,69914
2023-08-06,Google,966.36,890,28163
2023-08-06,Meta,992.45,894,85567
2023-08-07,Google,928.87,919,36652
2023-08-07,Meta,908.53,902,89385
2023-08-08,Google,947.35,1027,44960
2023-08-08,Meta,863.72,828,80052
2023-08-09,Google,804.41,754,39274
2023-08-09,Meta,893.81,895,80453
2023-08-10,Google,543.08,715,30117
2023-08-10,Influencer,300.0,0,0
2023-08-10,Meta,664.9,686,55524
2023-08-11,Google,571.79,706,27017
2023-08-11,Meta,569.92,600,50269
2023-08-12,Google,521.12,684,22442
2023-08-12,Meta,575.9,606,46533
2023-08-13,Google,564.78,663,26361
2023-08-13,Meta,624.55,776,54030
2023-08-14,Google,497.15,570,26989
2023-08-14,Meta,659.57,768,64668
2023-08-15,Google,574.24,588,35993
2023-08-15,Meta,658.49,832,69907
2023-08-16,Google,422.66,572,27669
2023-08-16,Meta,450.53,756,44618
2023-08-17,Google,277.58,404,23455
2023-08-17,Meta,248.03,568,27686
2023-08-18,Google,367.38,496,28567
2023-08-18,Meta,316.32,710,30820
2023-08-19,Google,279.9,630,29094
2023-08-19,Meta,344.54,767,30947
2023-08-20,Google,552.18,670,26708
2023-08-20,Meta,419.75,926,36209
2023-08-21,Google,529.41,619,24993
2023-08-21,Meta,409.33,826,37610
2023-08-22,Google,490.97,517,19498
2023-08-22,Meta,465.01,779,48122
2023-08-23,Google,539.39,532,19320
2023-08-23,Meta,457.39,755,48963
2023-08-24,Google,418.28,515,22678
2023-08-24,Meta,499.5,747,50302
2023-08-25,Google,496.66,518,34878
2023-08-25,Meta,480.17,788,53003
2023-08-26,Google,591.54,998,31617
2023-08-26,Meta,485.86,828,54613
2023-08-27,Google,663.01,1196,43891
2023-08-27,Meta,503.71,822,53214
2023-08-28,Google,490.8,705,31325
2023-08-28,Meta,488.64,737,52566
2023-08-29,Google,706.56,1252,47905
2023-08-29,Meta,436.76,734,48969
2023-08-30,Google,695.85,1139,41722
2023-08-30,Meta,385.26,642,35730
2023-08-31,Google,571.12,894,33506
2023-08-31,Influencer,1830.97,0,0
2023-08-31,Meta,520.69,594,37257
2023-09-01,Google,681.3,964,37225
2023-09-01,Meta,603.13,723,44107
2023-09-02,Google,629.11,900,27133
2023-09-02,Influencer,6500.0,0,0
2023-09-02,Meta,649.03,739,42498
2023-09-03,Google,611.61,959,29540
2023-09-03,Meta,691.99,696,43332
2023-09-04,Google,768.86,1369,38772
2023-09-04,Meta,599.02,366,33604
2023-09-05,Google,521.88,820,23710
2023-09-05,Meta,618.12,310,34759
2023-09-06,Google,637.62,1134,29798
2023-09-06,Influencer,200.0,0,0
2023-09-06,Meta,612.67,274,32366
2023-09-07,Google,1127.33,1969,49200
2023-09-07,Influencer,451.44,0,0
2023-09-07,Meta,496.87,201,28074
2023-09-08,Google,670.43,1842,39828
2023-09-08,Meta,553.82,271,34730
2023-09-09,Google,699.9,1926,37599
2023-09-09,Meta,555.97,381,35530
2023-09-10,Google,961.97,1544,43292
2023-09-10,Meta,576.83,367,39093
2023-09-11,Google,640.45,1295,34406
2023-09-11,Meta,835.56,503,77220
2023-09-12,Google,839.86,1188,31162
2023-09-12,Meta,915.75,508,98234
2023-09-13,Google,817.26,1171,29400
2023-09-13,Influencer,1631.74,0,0
2023-09-13,Meta,867.46,439,88274
2023-09-14,Google,525.75,674,14592
2023-09-14,Influencer,2700.0,0,0
2023-09-14,Meta,1040.38,734,78997
2023-09-15,Google,422.16,430,10416
2023-09-15,Meta,934.55,902,65799
2023-09-16,Google,476.12,636,14107
2023-09-16,Meta,905.59,988,64409
2023-09-17,Google,564.7,536,11926
2023-09-17,Influencer,1000.0,0,0
2023-09-17,Meta,980.6,1108,69617
2023-09-18,Google,503.03,515,10675
2023-09-18,Meta,1046.9,1063,81346
2023-09-19,Google,410.01,534,11980
2023-09-19,Meta,832.52,736,60754
2023-09-20,Google,902.92,889,15235
2023-09-20,Meta,822.03,535,56836
2023-09-21,Google,592.29,717,13185
2023-09-21,Meta,662.68,387,41774
2023-09-22,Google,746.33,994,15403
2023-09-22,Meta,1080.18,654,69722
2023-09-23,Google,1051.28,996,13667
2023-09-23,Meta,1621.03,1198,100446
2023-09-24,Google,963.44,796,9799
2023-09-24,Meta,1751.9,1509,130939
2023-09-25,Google,909.51,725,7996
2023-09-25,Meta,1293.6,938,98352
2023-09-26,Google,384.12,481,8424
2023-09-26,Meta,1220.81,824,94669
2023-09-27,Google,838.36,677,13805
2023-09-27,Meta,1150.43,695,87606
2023-09-28,Google,1288.18,981,17052
2023-09-28,Meta,732.62,437,56273
2023-09-29,Google,861.22,709,13596
2023-09-29,Meta,669.24,425,51258
2023-09-30,Google,973.59,535,12455
2023-09-30,Meta,546.33,332,42644
2023-10-01,Google,842.4,630,12858
2023-10-01,Influencer,6100.0,0,0
2023-10-01,Meta,546.37,438,49126
2023-10-02,Google,1111.23,691,13496
2023-10-02,Meta,637.46,429,56928
2023-10-02,Pinterest,27.2,74,8277
2023-10-03,Google,844.3,637,9413
2023-10-03,Meta,628.44,417,51594
2023-10-03,Pinterest,50.16,147,18595
2023-10-04,Google,520.47,485,7400
2023-10-04,Meta,327.23,258,17910
2023-10-04,Pinterest,51.25,143,24604
2023-10-05,Google,595.46,573,9519
2023-10-05,Meta,354.04,212,19631
2023-10-05,Pinterest,50.74,157,15871
2023-10-06,Google,788.25,677,25036
2023-10-06,Meta,638.24,326,30444
2023-10-06,Pinterest,49.98,105,13665
2023-10-07,Google,967.64,995,65310
2023-10-07,Meta,646.56,361,36572
2023-10-07,Pinterest,47.07,146,12960
2023-10-08,Google,697.46,836,81753
2023-10-08,Meta,666.22,420,40465
2023-10-08,Pinterest,51.5,230,13673
2023-10-09,Google,555.47,628,141351
2023-10-09,Meta,722.38,406,39648
2023-10-09,Pinterest,51.24,213,14313
2023-10-10,Google,473.18,410,61592
2023-10-10,Meta,699.32,324,36493
2023-10-10,Pinterest,50.94,168,12230
2023-10-11,Google,560.42,477,69376
2023-10-11,Meta,687.16,375,42120
2023-10-11,Pinterest,50.55,121,13318
2023-10-12,Google,499.63,456,46870
2023-10-12,Meta,673.08,336,37253
2023-10-12,Pinterest,50.05,133,13030
2023-10-13,Google,437.75,504,70503
2023-10-13,Meta,634.68,234,50481
2023-10-13,Pinterest,47.42,124,12798
2023-10-14,Google,447.37,591,53856
2023-10-14,Meta,609.13,242,48563
2023-10-14,Pinterest,48.3,175,15119
2023-10-15,Google,543.97,591,82344
2023-10-15,Meta,682.17,257,59291
2023-10-15,Pinterest,51.5,234,17804
2023-10-16,Google,454.77,555,53782
2023-10-16,Meta,667.4,180,52014
2023-10-16,Pinterest,51.24,220,19384
2023-10-17,Google,403.26,498,50629
2023-10-17,Meta,620.75,265,37231
2023-10-17,Pinterest,50.94,201,16355
2023-10-18,Google,473.54,767,47609
2023-10-18,Meta,585.93,283,46402
2023-10-18,Pinterest,50.55,248,16565
2023-10-19,Google,433.65,460,47606
2023-10-19,Meta,594.13,476,35468
2023-10-19,Pinterest,50.05,191,14935
2023-10-20,Google,515.98,817,47075
2023-10-20,Meta,576.78,619,31966
2023-10-20,Pinterest,49.3,223,13549
2023-10-21,Google,443.13,761,46570
2023-10-21,Meta,628.26,770,37837
2023-10-21,Pinterest,46.43,231,15820
2023-10-22,Google,471.38,946,49584
2023-10-22,Meta,754.41,1130,92323
2023-10-22,Pinterest,51.5,302,20325
2023-10-23,Google,423.07,853,50965
2023-10-23,Meta,827.31,1130,87345
2023-10-23,Pinterest,51.24,269,20382
2023-10-24,Google,535.47,512,41191
2023-10-24,Meta,823.82,1259,99155
2023-10-24,Pinterest,2.78,20,1288
2023-10-25,Google,473.22,575,44775
2023-10-25,Meta,874.63,1231,83234
2023-10-25,Pinterest,0.0,3,137
2023-10-26,Google,436.76,567,32360
2023-10-26,Meta,884.98,1283,72734
2023-10-26,Pinterest,0.0,4,139
2023-10-27,Google,520.28,883,50547
2023-10-27,Meta,891.94,1198,70380
2023-10-27,Pinterest,0.0,1,92
2023-10-28,Google,505.34,656,35144
2023-10-28,Meta,903.84,1397,78254
2023-10-28,Pinterest,0.0,7,106
2023-10-29,Google,504.0,653,56043
2023-10-29,Meta,888.1,1399,79703
2023-10-29,Pinterest,0.0,0,103
2023-10-30,Google,498.21,554,47649
2023-10-30,Meta,938.7,1453,76789
2023-10-30,Pinterest,0.0,1,119
2023-10-31,Google,962.18,734,33674
2023-10-31,Meta,959.1,1471,77680
2023-10-31,Pinterest,0.0,5,98
2023-11-01,Google,637.29,829,35856
2023-11-01,Meta,901.73,1572,91966
2023-11-01,Pinterest,0.0,0,82
2023-11-02,Google,504.3,1193,45456
2023-11-02,Meta,896.07,1423,73191
2023-11-02,Pinterest,0.0,0,106
2023-11-03,Google,684.71,1257,39334
2023-11-03,Meta,1136.53,1393,81893
2023-11-03,Pinterest,0.0,1,54
2023-11-04,Google,867.92,1299,51862
2023-11-04,Meta,1201.05,1709,79681
2023-11-04,Pinterest,0.0,1,74
2023-11-05,Google,809.03,1513,36036
2023-11-05,Meta,1332.1,1872,92880
2023-11-05,Pinterest,0.0,4,56
2023-11-06,Google,693.31,1235,30400
2023-11-06,Meta,1432.44,1902,99260
2023-11-06,Pinterest,0.0,10,74
2023-11-07,Google,695.94,1860,36784
2023-11-07,Meta,1396.54,1958,93479
2023-11-07,Pinterest,0.0,0,46
2023-11-08,Google,689.12,1569,30285
2023-11-08,Meta,1331.02,1632,93835
2023-11-08,Pinterest,0.0,1,58
2023-11-09,Google,684.91,1278,31248
2023-11-09,Meta,1448.24,1685,92320
2023-11-09,Pinterest,0.0,2,47
2023-11-10,Google,656.52,1258,32930
2023-11-10,Meta,1443.28,1545,92362
2023-11-10,Pinterest,0.0,0,37
2023-11-11,Google,555.43,1226,34238
2023-11-11,Meta,1431.86,1812,93976
2023-11-11,Pinterest,0.0,1,66
2023-11-12,Google,607.15,1705,31766
2023-11-12,Meta,1139.59,1635,83906
2023-11-12,Pinterest,0.0,2,51
2023-11-13,Google,347.46,978,31586
2023-11-13,Influencer,6000.0,0,0
2023-11-13,Meta,771.58,729,40336
2023-11-13,Pinterest,3.96,17,1176
2023-11-14,Google,497.88,1192,30756
2023-11-14,Meta,684.5,551,32802
2023-11-14,Pinterest,71.93,200,15765
2023-11-15,Google,520.79,1422,36083
2023-11-15,Meta,666.42,518,33959
2023-11-15,Pinterest,101.42,234,17568
2023-11-16,Google,490.84,808,38026
2023-11-16,Meta,670.69,500,30472
2023-11-16,Pinterest,102.81,247,17579
2023-11-17,Google,513.55,721,40849
2023-11-17,Meta,821.54,915,49022
2023-11-17,Pinterest,98.49,282,19865
2023-11-18,Google,541.93,1184,46871
2023-11-18,Meta,794.79,1106,54762
2023-11-18,Pinterest,98.12,334,19690
2023-11-19,Google,513.52,1270,43437
2023-11-19,Meta,706.11,821,46985
2023-11-19,Pinterest,101.67,348,22586
2023-11-20,Google,535.9,1387,40361
2023-11-20,Meta,666.78,668,47454
2023-11-20,Pinterest,98.64,291,21886
2023-11-21,Google,513.01,1304,37355
2023-11-21,Meta,651.31,701,43918
2023-11-21,Pinterest,99.69,266,19407
2023-11-22,Google,453.09,1066,28109
2023-11-22,Meta,738.9,736,42657
2023-11-22,Pinterest,96.71,247,17129
2023-11-23,Google,551.84,1553,47164
2023-11-23,Meta,731.58,812,44868
2023-11-23,Pinterest,99.59,285,16474
2023-11-24,Google,495.61,1186,45848
2023-11-24,Meta,720.25,651,37603
2023-11-24,Pinterest,104.9,294,16670
2023-11-25,Google,493.06,1818,44054
2023-11-25,Meta,717.0,752,45370
2023-11-25,Pinterest,97.3,307,18675
2023-11-26,Google,742.91,1408,44106
2023-11-26,Meta,771.91,941,59268
2023-11-26,Pinterest,103.0,377,22189
2023-11-27,Google,604.8,1547,33047
2023-11-27,Meta,744.0,665,43673
2023-11-27,Pinterest,95.57,236,18790
2023-11-28,Google,642.5,1470,35984
2023-11-28,Meta,601.7,488,31969
2023-11-28,Pinterest,103.01,248,20012
2023-11-29,Google,597.91,1609,44119
2023-11-29,Meta,503.4,389,24021
2023-11-29,Pinterest,102.59,220,19309
2023-11-30,Google,602.76,811,36480
2023-11-30,Meta,925.44,503,38460
2023-11-30,Pinterest,101.06,233,20161
2023-12-01,Google,592.36,1265,39207
2023-12-01,Meta,1170.27,579,49600
2023-12-01,Pinterest,95.5,247,20051
2023-12-02,Google,670.8,1366,45438
2023-12-02,Meta,1154.49,600,55986
2023-12-02,Pinterest,99.26,292,19886
2023-12-03,Google,747.26,1382,48248
2023-12-03,Meta,1231.6,664,62748
2023-12-03,Pinterest,101.14,336,23411
2023-12-04,Google,655.24,1644,43121
2023-12-04,Meta,1156.9,569,51287
2023-12-04,Pinterest,98.84,266,22697
2023-12-05,Google,755.9,1656,46605
2023-12-05,Meta,1241.87,531,48671
2023-12-05,Pinterest,100.77,237,21091
2023-12-06,Google,585.0,1226,42963
2023-12-06,Meta,1253.04,456,44826
2023-12-06,Pinterest,101.29,200,17912
2023-12-07,Google,630.3,1334,44209
2023-12-07,Meta,1259.56,471,41667
2023-12-07,Pinterest,99.93,213,17928
2023-12-08,Google,524.12,1625,59057
2023-12-08,Meta,1105.93,421,35114
2023-12-08,Pinterest,97.74,203,17372
2023-12-09,Google,693.38,1896,97623
2023-12-09,Meta,1048.61,344,28697
2023-12-09,Pinterest,100.29,219,16443
2023-12-10,Google,570.76,1825,78293
2023-12-10,Meta,1191.81,419,35974
2023-12-10,Pinterest,103.0,288,20013
2023-12-11,Google,637.84,1975,69611
2023-12-11,Meta,977.52,343,32956
2023-12-11,Pinterest,99.07,256,21223
2023-12-12,Google,674.63,1558,68424
2023-12-12,Meta,887.33,321,29239
2023-12-12,Pinterest,101.23,208,20278
2023-12-13,Google,889.69,2419,60742
2023-12-13,Meta,873.68,334,29505
2023-12-13,Pinterest,98.78,208,19276
2023-12-14,Google,935.34,2082,78061
2023-12-14,Meta,850.08,286,25282
2023-12-14,Pinterest,98.76,226,17155
2023-12-15,Google,957.22,2421,87051
2023-12-15,Meta,850.19,316,25241
2023-12-15,Pinterest,99.55,168,17217
2023-12-16,Google,1037.94,2485,115568
2023-12-16,Meta,733.96,223,21010
2023-12-16,Pinterest,99.59,223,18084
2023-12-17,Google,1105.65,2476,115449
2023-12-17,Influencer,650.0,0,0
2023-12-17,Meta,797.74,284,26598
2023-12-17,Pinterest,103.0,240,18883
2023-12-18,Google,910.82,2191,66646
2023-12-18,Meta,635.68,224,17916
2023-12-18,Pinterest,98.39,219,19878
2023-12-19,Google,985.68,2097,62548
2023-12-19,Meta,634.11,230,28598
2023-12-19,Pinterest,100.54,236,19304
2023-12-20,Google,914.36,2076,65581
2023-12-20,Meta,930.32,378,43289
2023-12-20,Pinterest,99.41,210,18161
2023-12-21,Google,977.68,2292,60592
2023-12-21,Meta,939.64,429,47850
2023-12-21,Pinterest,99.86,216,17322
2023-12-22,Google,895.99,2464,77839
2023-12-22,Meta,880.49,471,43117
2023-12-22,Pinterest,100.08,193,15885
2023-12-23,Google,937.26,2494,85915
2023-12-23,Meta,914.49,449,45396
2023-12-23,Pinterest,97.79,229,15674
2023-12-24,Google,889.2,2298,85459
2023-12-24,Meta,1008.79,551,52535
2023-12-24,Pinterest,100.43,257,16175
2023-12-25,Google,869.11,1972,77602
2023-12-25,Meta,967.93,563,53739
2023-12-25,Pinterest,102.42,253,16956
2023-12-26,Google,990.56,2081,68339
2023-12-26,Meta,933.07,522,52334
2023-12-26,Pinterest,100.02,317,23294
2023-12-27,Google,877.81,1486,65459
2023-12-27,Meta,910.23,583,47465
2023-12-27,Pinterest,99.49,349,25985
2023-12-28,Google,805.9,1576,93617
2023-12-28,Meta,921.95,606,51997
2023-12-28,Pinterest,97.73,290,25984
2023-12-29,Google,888.94,2174,71023
2023-12-29,Meta,863.62,532,44961
2023-12-29,Pinterest,102.59,302,25518
2023-12-30,Google,782.15,2230,86261
2023-12-30,Meta,902.15,598,51285
2023-12-30,Pinterest,97.31,324,25139
2023-12-31,Google,895.28,2143,75384
2023-12-31,Meta,975.29,538,54232
2023-12-31,Pinterest,103.0,395,30505
2024-01-01,Google,1028.38,2562,103906
2024-01-01,Meta,925.2,629,67568
2024-01-01,Pinterest,102.49,387,33865
2024-01-02,Google,939.02,2288,83767
2024-01-02,Meta,912.47,557,60853
2024-01-02,Pinterest,100.84,415,31570
2024-01-03,Google,991.67,2167,119131
2024-01-03,Meta,888.8,539,48200
2024-01-03,Pinterest,100.97,414,30697
2024-01-04,Google,851.28,2349,105240
2024-01-04,Influencer,1500.0,0,0
2024-01-04,Meta,799.83,376,47187
2024-01-04,Pinterest,100.1,299,26357
2024-01-05,Google,604.55,1463,41539
2024-01-05,Meta,368.68,196,22638
2024-01-05,Pinterest,99.18,391,26808
2024-01-06,Google,764.81,1239,25261
2024-01-06,Meta,285.72,184,16586
2024-01-06,Pinterest,93.41,416,25819
2024-01-07,Google,491.05,1340,26408
2024-01-07,Meta,318.07,228,20621
2024-01-07,Pinterest,103.0,477,27820
2024-01-08,Google,571.37,1439,42610
2024-01-08,Meta,125.41,120,9249
2024-01-08,Pinterest,102.11,290,25625
2024-01-09,Google,593.08,1506,33124
2024-01-09,Meta,99.78,172,8428
2024-01-09,Pinterest,101.95,312,26504
2024-01-10,Google,763.07,1174,33341
2024-01-10,Meta,523.66,793,63283
2024-01-10,Pinterest,99.13,326,28428
2024-01-11,Google,504.76,1282,36316
2024-01-11,Meta,565.57,1534,86478
2024-01-11,Pinterest,98.64,344,29198
2024-01-12,Google,618.24,1692,33454
2024-01-12,Meta,476.17,320,31184
2024-01-12,Pinterest,100.51,340,29023
2024-01-13,Google,709.92,1307,48250
2024-01-13,Meta,400.8,305,24490
2024-01-13,Pinterest,94.66,421,28285
2024-01-14,Google,678.15,1171,36029
2024-01-14,Meta,368.42,314,19854
2024-01-14,Pinterest,103.0,454,31594
2024-01-15,Google,591.03,1382,30733
2024-01-15,Meta,361.57,241,19095
2024-01-15,Pinterest,61.79,270,19656
2024-01-16,Google,637.92,1238,32006
2024-01-16,Meta,354.12,219,17133
2024-01-16,Pinterest,0.13,7,253
2024-01-17,Google,863.5,1497,28171
2024-01-17,Meta,345.52,217,17468
2024-01-17,Pinterest,0.0,1,179
2024-01-18,Google,1474.27,2055,41316
2024-01-18,Meta,428.86,246,19774
2024-01-18,Pinterest,0.0,8,212
2024-01-19,Google,1478.14,1487,29040
2024-01-19,Meta,546.59,313,25323
2024-01-19,Pinterest,0.0,1,191
2024-01-20,Google,1343.04,1230,24151
2024-01-20,Meta,547.08,388,26938
2024-01-20,Pinterest,0.0,6,201
2024-01-21,Google,1100.47,1000,19583
2024-01-21,Meta,577.95,491,30979
2024-01-21,Pinterest,0.0,6,200
2024-01-22,Google,1010.76,883,19267
2024-01-22,Meta,562.28,424,30808
2024-01-22,Pinterest,0.0,7,217
2024-01-23,Google,860.43,798,20185
2024-01-23,Meta,554.25,398,30448
2024-01-23,Pinterest,92.82,148,23956
2024-01-24,Google,1072.61,1408,37267
2024-01-24,Meta,547.24,387,33138
2024-01-24,Pinterest,108.84,196,21901
2024-01-25,Google,1020.03,1303,34269
2024-01-25,Meta,596.47,393,37441
2024-01-25,Pinterest,107.76,276,18916
2024-01-26,Google,866.21,907,27932
2024-01-26,Meta,722.41,565,42427
2024-01-26,Pinterest,101.56,270,14875
2024-01-27,Google,1299.89,1746,42697
2024-01-27,Meta,757.54,812,43309
2024-01-27,Pinterest,101.35,259,13089
2024-01-28,Google,1077.43,1530,36722
2024-01-28,Meta,777.0,708,49323
2024-01-28,Pinterest,101.1,317,15663
2024-01-29,Google,996.64,1156,37417
2024-01-29,Meta,819.75,706,54448
2024-01-29,Pinterest,100.24,242,16298
2024-01-30,Google,792.15,703,23359
2024-01-30,Meta,806.74,722,53797
2024-01-30,Pinterest,99.46,243,14951
2024-01-31,Google,892.81,839,27983
2024-01-31,Meta,787.07,600,43693
2024-01-31,Pinterest,100.5,231,13068
2024-02-01,Google,1071.47,1346,31329
2024-02-01,Influencer,10000.0,0,0
2024-02-01,Meta,777.39,565,52562
2024-02-01,Pinterest,101.69,295,14639
2024-02-02,Google,1257.57,1069,35068
2024-02-02,Meta,756.26,541,47827
2024-02-02,Pinterest,99.76,295,14790
2024-02-03,Google,962.46,991,26041
2024-02-03,Meta,812.12,598,51781
2024-02-03,Pinterest,97.24,330,17364
2024-02-04,Google,730.59,516,14761
2024-02-04,Meta,839.83,609,55952
2024-02-04,Pinterest,99.62,358,19113
2024-02-05,Google,500.59,294,8182
2024-02-05,Meta,617.45,313,34156
2024-02-05,Pinterest,97.92,264,15189
2024-02-06,Google,578.58,322,9520
2024-02-06,Meta,555.49,275,30517
2024-02-06,Pinterest,100.72,283,15538
2024-02-07,Google,658.9,469,45913
2024-02-07,Meta,542.28,303,28992
2024-02-07,Pinterest,100.58,305,14889
2024-02-08,Google,595.0,423,56460
2024-02-08,Meta,544.77,448,32620
2024-02-08,Pinterest,100.83,274,14555
2024-02-09,Google,524.77,473,33598
2024-02-09,Influencer,4500.0,0,0
2024-02-09,Meta,536.39,622,33376
2024-02-09,Pinterest,103.17,321,14551
2024-02-10,Google,828.45,697,29319
2024-02-10,Meta,449.13,341,24330
2024-02-10,Pinterest,95.62,307,13536
2024-02-11,Google,754.01,485,18554
2024-02-11,Meta,474.69,277,25018
2024-02-11,Pinterest,95.06,301,14842
2024-02-12,Google,732.52,744,52918
2024-02-12,Meta,464.26,249,27844
2024-02-12,Pinterest,103.85,213,13523
2024-02-13,Google,661.55,525,78311
2024-02-13,Meta,452.76,237,24484
2024-02-13,Pinterest,99.22,260,14010
2024-02-14,Google,1029.0,716,60389
2024-02-14,Meta,551.12,144,16942
2024-02-14,Pinterest,101.69,210,12801
2024-02-15,Google,833.94,584,58697
2024-02-15,Meta,399.35,267,25027
2024-02-15,Pinterest,102.69,187,12200
2024-02-16,Google,941.65,795,98413
2024-02-16,Meta,399.83,241,23203
2024-02-16,Pinterest,100.51,218,12464
2024-02-17,Google,753.43,1233,94435
2024-02-17,Meta,407.37,279,26027
2024-02-17,Pinterest,96.98,238,13826
2024-02-18,Google,647.04,617,19051
2024-02-18,Meta,475.12,299,35409
2024-02-18,Pinterest,103.0,208,13994
2024-02-19,Google,1067.59,667,19788
2024-02-19,Influencer,900.0,0,0
2024-02-19,Meta,460.3,234,23961
2024-02-19,Pinterest,101.08,245,14710
2024-02-20,Google,2224.66,4710,236904
2024-02-20,Meta,448.14,232,24267
2024-02-20,Pinterest,101.35,223,14527
2024-02-21,Google,1748.7,3288,176403
2024-02-21,Meta,500.78,262,32212
2024-02-21,Pinterest,94.55,247,14643
2024-02-22,Google,748.97,597,34075
2024-02-22,Meta,722.69,267,34819
2024-02-22,Pinterest,100.78,231,14815
2024-02-23,Google,616.62,456,26000
2024-02-23,Meta,713.78,243,35778
2024-02-23,Pinterest,101.82,188,13741
2024-02-24,Google,525.41,763,106990
2024-02-24,Meta,669.88,304,31222
2024-02-24,Pinterest,97.44,130,12613
2024-02-25,Google,1960.42,1785,188941
2024-02-25,Meta,712.96,315,31942
2024-02-25,Pinterest,101.01,110,12653
2024-02-26,Google,1068.39,1364,131308
2024-02-26,Meta,762.86,261,31607
2024-02-26,Pinterest,100.63,108,11531
2024-02-27,Google,1185.6,1690,164044
2024-02-27,Meta,837.1,270,33519
2024-02-27,Pinterest,99.01,108,11262
2024-02-28,Google,877.21,2745,187853
2024-02-28,Influencer,2000.0,0,0
2024-02-28,Meta,827.01,210,26233
2024-02-28,Pinterest,100.94,119,11450
2024-02-29,Google,654.84,2466,154246
2024-02-29,Meta,736.58,104,20230
2024-02-29,Pinterest,101.18,105,11483
2024-03-01,Google,727.59,2249,135864
2024-03-01,Influencer,5000.0,0,0
2024-03-01,Meta,808.97,55,14454
2024-03-01,Pinterest,99.56,95,10278
2024-03-02,Google,707.56,2479,207204
2024-03-02,Meta,686.01,83,19859
2024-03-02,Pinterest,96.98,96,10801
2024-03-03,Google,707.48,2334,177342
2024-03-03,Meta,856.41,114,25896
2024-03-03,Pinterest,99.23,102,10411
2024-03-04,Google,1010.02,2692,225265
2024-03-04,Meta,1399.99,473,44042
2024-03-04,Pinterest,102.87,83,10884
2024-03-05,Google,805.88,2187,201457
2024-03-05,Meta,1411.94,750,53641
2024-03-05,Pinterest,100.24,99,12906
2024-03-06,Google,314.58,512,64393
2024-03-06,Meta,1157.91,652,46445
2024-03-06,Pinterest,101.67,88,11240
2024-03-07,Google,323.52,369,33381
2024-03-07,Meta,437.7,591,25843
2024-03-07,Pinterest,98.89,83,10901
2024-03-08,Google,313.44,286,45159
2024-03-08,Meta,1017.34,1580,77518
2024-03-08,Pinterest,100.77,89,11512
2024-03-09,Google,572.91,518,70219
2024-03-09,Meta,1096.23,2324,93747
2024-03-09,Pinterest,96.33,83,10354
2024-03-10,Google,817.08,613,79592
2024-03-10,Meta,1090.53,2482,90198
2024-03-10,Pinterest,98.74,103,11695
2024-03-11,Google,264.78,251,42776
2024-03-11,Meta,1065.71,2137,88231
2024-03-11,Pinterest,101.56,91,11552
2024-03-12,Google,2854.59,4496,537492
2024-03-12,Meta,1194.85,2413,97448
2024-03-12,Pinterest,100.74,73,10749
2024-03-13,Google,3175.36,5678,536399
2024-03-13,Influencer,250.0,0,0
2024-03-13,Meta,1349.96,2400,100766
2024-03-13,Pinterest,101.19,76,10540
2024-03-14,Google,2311.23,12430,838439
2024-03-14,Influencer,100.0,0,0
2024-03-14,Meta,1450.32,2625,117088
2024-03-14,Pinterest,95.4,72,9213
2024-03-15,Google,711.36,1575,176354
2024-03-15,Meta,1470.3,3139,121251
2024-03-15,Pinterest,301.21,174,19364
2024-03-16,Google,2902.69,9645,645246
2024-03-16,Meta,1496.82,3426,127958
2024-03-16,Pinterest,304.41,259,27406
2024-03-17,Google,2050.61,7745,497186
2024-03-17,Influencer,250.0,0,0
2024-03-17,Meta,1573.37,3591,150050
2024-03-17,Pinterest,303.85,347,40537
2024-03-18,Google,910.43,1644,192219
2024-03-18,Meta,1535.82,3271,146717
2024-03-18,Pinterest,304.03,363,42417
2024-03-19,Google,520.35,483,89199
2024-03-19,Meta,1492.8,3158,135370
2024-03-19,Pinterest,292.67,289,30724
2024-03-20,Google,449.53,461,108475
2024-03-20,Meta,1482.04,2825,126925
2024-03-20,Pinterest,300.22,399,26117
2024-03-21,Google,470.41,505,126947
2024-03-21,Meta,1440.27,2865,126639
2024-03-21,Pinterest,304.37,339,26578
2024-03-22,Google,513.84,814,173029
2024-03-22,Meta,1472.3,3123,141365
2024-03-22,Pinterest,306.22,411,25651
2024-03-23,Google,591.17,1320,252780
2024-03-23,Meta,1497.41,3174,147333
2024-03-23,Pinterest,287.32,470,26826
2024-03-24,Google,683.85,951,203688
2024-03-24,Influencer,5000.0,0,0
2024-03-24,Meta,1562.9,3276,156928
2024-03-24,Pinterest,295.29,408,26818
2024-03-25,Google,552.61,618,148838
2024-03-25,Meta,1515.21,3142,148193
2024-03-25,Pinterest,360.17,355,27911
2024-03-26,Google,609.58,562,117773
2024-03-26,Influencer,2500.0,0,0
2024-03-26,Meta,1480.55,2956,143587
2024-03-26,Pinterest,404.3,389,30321
2024-03-27,Google,572.2,476,111929
2024-03-27,Meta,1190.45,1911,99305
2024-03-27,Pinterest,396.86,354,32594
2024-03-28,Google,414.07,306,53407
2024-03-28,Meta,1037.35,1578,76372
2024-03-28,Pinterest,406.22,394,32568
2024-03-29,Google,460.16,293,64363
2024-03-29,Meta,1275.45,1743,100938
2024-03-29,Pinterest,382.47,345,28463
2024-03-30,Google,388.42,401,92677
2024-03-30,Influencer,5000.0,0,0
2024-03-30,Meta,1618.7,2575,120867
2024-03-30,Pinterest,404.5,423,31555
2024-03-31,Google,532.52,403,101889
2024-03-31,Meta,1687.22,2775,128743
2024-03-31,Pinterest,412.0,469,32976
2024-04-01,Google,448.91,513,120037
2024-04-01,Influencer,420.0,0,0
2024-04-01,Meta,1769.02,3127,135554
2024-04-01,Pinterest,327.32,441,36020
2024-04-02,Google,447.05,393,80571
2024-04-02,Meta,1452.37,2792,116781
2024-04-02,Pinterest,466.58,586,46848
2024-04-03,Google,430.54,316,63089
2024-04-03,Meta,1368.81,2778,111821
2024-04-03,Pinterest,463.04,594,54323
2024-04-04,Google,454.79,373,81722
2024-04-04,Meta,1364.91,2478,110767
2024-04-04,Pinterest,458.38,570,51126
2024-04-05,Google,430.95,389,88115
2024-04-05,Meta,1351.31,2247,99742
2024-04-05,Mountain,175.25,1,0
2024-04-05,Pinterest,447.17,504,40541
2024-04-06,Google,432.38,517,124777
2024-04-06,Meta,1175.38,2649,88221
2024-04-06,Mountain,335.05,15,0
2024-04-06,Pinterest,429.55,551,40841
2024-04-07,Google,457.07,496,99128
2024-04-07,Meta,1553.9,2844,121422
2024-04-07,Mountain,334.13,19,0
2024-04-07,Pinterest,444.15,555,46551
2024-04-08,Google,555.41,478,77144
2024-04-08,Influencer,300.0,0,0
2024-04-08,Meta,998.55,1552,75642
2024-04-08,Mountain,389.89,23,0
2024-04-08,Pinterest,448.18,478,46930
2024-04-09,Google,1290.69,1794,109329
2024-04-09,Influencer,2500.0,0,0
2024-04-09,Meta,795.31,1067,55241
2024-04-09,Mountain,369.92,38,0
2024-04-09,Pinterest,446.86,483,43522
2024-04-10,Google,938.59,911,114011
2024-04-10,Meta,786.57,1084,57653
2024-04-10,Mountain,279.95,31,0
2024-04-10,Pinterest,437.01,413,42378
2024-04-11,Google,794.3,1056,128552
2024-04-11,Meta,777.77,1102,61888
2024-04-11,Mountain,356.44,19,0
2024-04-11,Pinterest,435.28,458,45610
2024-04-12,Google,757.3,584,55136
2024-04-12,Meta,798.3,1116,57074
2024-04-12,Mountain,323.86,23,0
2024-04-12,Pinterest,428.88,475,45239
2024-04-13,Google,745.97,582,58825
2024-04-13,Meta,783.7,1123,59506
2024-04-13,Mountain,464.7,116,0
2024-04-13,Pinterest,424.32,504,40963
2024-04-14,Google,750.83,496,62642
2024-04-14,Meta,842.04,1243,65758
2024-04-14,Mountain,612.64,140,0
2024-04-14,Pinterest,446.69,549,44180
2024-04-15,Google,667.92,463,42721
2024-04-15,Meta,821.1,1193,64807
2024-04-15,Mountain,582.07,94,0
2024-04-15,Pinterest,439.04,542,48132
2024-04-16,Google,296.15,186,42724
2024-04-16,Influencer,4000.0,0,0
2024-04-16,Meta,335.25,511,22881
2024-04-16,Mountain,422.47,64,0
2024-04-16,Pinterest,336.74,477,36718
2024-04-17,Google,309.27,222,38695
2024-04-17,Meta,440.15,523,28945
2024-04-17,Mountain,545.36,83,0
2024-04-17,Pinterest,234.3,370,26849
2024-04-18,Google,309.84,216,33660
2024-04-18,Meta,1073.18,875,53013
2024-04-18,Microsoft,100.52,764,4999
2024-04-18,Mountain,633.01,102,0
2024-04-18,Pinterest,260.41,279,25092
2024-04-19,Google,321.79,195,30470
2024-04-19,Meta,1105.21,985,52770
2024-04-19,Microsoft,732.55,2934,21291
2024-04-19,Mountain,357.45,56,0
2024-04-19,Pinterest,305.84,268,25873
2024-04-20,Google,306.67,221,31392
2024-04-20,Meta,1061.53,1704,55973
2024-04-20,Microsoft,1704.46,4127,43299
2024-04-20,Mountain,473.78,82,0
2024-04-20,Pinterest,306.54,295,25272
2024-04-21,Google,339.87,254,36973
2024-04-21,Meta,0.0,0,0
2024-04-21,Microsoft,1795.9,5207,51609
2024-04-21,Mountain,750.03,80,0
2024-04-21,Pinterest,300.75,356,27740
2024-04-22,Google,291.64,272,35198
2024-04-22,Meta,1216.73,2139,74847
2024-04-22,Microsoft,1338.9,4171,41682
2024-04-22,Mountain,397.83,80,0
2024-04-22,Pinterest,296.61,301,26367
2024-04-23,Google,279.7,213,31527
2024-04-23,Meta,1171.4,2119,83594
2024-04-23,Microsoft,0.0,0,0
2024-04-23,Mountain,509.82,77,0
2024-04-23,Pinterest,301.1,282,32681
2024-04-24,Google,308.52,272,29577
2024-04-24,Meta,1156.18,2205,88516
2024-04-24,Microsoft,0.0,0,0
2024-04-24,Mountain,574.58,96,0
2024-04-24,Pinterest,299.93,281,26714
2024-04-25,Google,351.46,257,41585
2024-04-25,Influencer,5000.0,0,0
2024-04-25,Meta,1111.63,1990,78543
2024-04-25,Mountain,473.74,63,0
2024-04-25,Pinterest,297.17,295,24216
2024-04-26,Google,397.31,251,42411
2024-04-26,Meta,1175.03,2130,81294
2024-04-26,Mountain,636.74,111,0
2024-04-26,Pinterest,293.28,267,22386
2024-04-27,Google,498.34,313,49730
2024-04-27,Meta,1238.98,1996,80605
2024-04-27,Mountain,587.68,93,0
2024-04-27,Pinterest,289.13,290,23172
2024-04-28,Google,506.34,357,55721
2024-04-28,Meta,1105.44,1752,71675
2024-04-28,Mountain,585.96,73,0
2024-04-28,Pinterest,289.07,335,27558
2024-04-29,Google,414.05,359,53453
2024-04-29,Influencer,1100.0,0,0
2024-04-29,Meta,1074.28,1585,74803
2024-04-29,Mountain,767.07,103,0
2024-04-29,Pinterest,303.3,280,31450
2024-04-30,Google,435.64,351,53134
2024-04-30,Meta,1043.69,1649,74317
2024-04-30,Mountain,253.54,108,0
2024-04-30,Pinterest,297.42,227,29741
2024-05-01,Google,394.33,364,52002
2024-05-01,Influencer,5300.0,0,0
2024-05-01,Meta,759.93,987,50333
2024-05-01,Mountain,146.47,69,0
2024-05-01,Pinterest,300.49,316,32891
2024-05-02,Google,433.18,406,61918
2024-05-02,Meta,536.05,499,31648
2024-05-02,Mountain,178.95,55,0
2024-05-02,Pinterest,298.58,313,30825
2024-05-03,Google,772.64,637,118868
2024-05-03,Influencer,5000.0,0,0
2024-05-03,Meta,526.52,507,29266
2024-05-03,Mountain,82.85,31,0
2024-05-03,Pinterest,290.27,228,28355
2024-05-04,Google,813.95,797,108701
2024-05-04,Meta,692.15,1441,52406
2024-05-04,Mountain,161.0,35,0
2024-05-04,Pinterest,298.84,271,27305
2024-05-05,Google,949.69,1113,125256
2024-05-05,Meta,856.46,2508,59483
2024-05-05,Mountain,145.94,129,0
2024-05-05,Pinterest,306.02,278,27517
2024-05-06,Google,783.44,726,94884
2024-05-06,Meta,1187.98,2712,87678
2024-05-06,Mountain,165.72,108,0
2024-05-06,Pinterest,355.02,269,29003
2024-05-07,Google,820.05,887,88130
2024-05-07,Meta,1092.41,2436,77184
2024-05-07,Microsoft,1732.72,5627,86744
2024-05-07,Mountain,253.66,75,0
2024-05-07,Pinterest,358.96,321,30606
2024-05-08,Google,618.82,566,71452
2024-05-08,Meta,860.16,1518,59408
2024-05-08,Microsoft,1204.85,1664,17439
2024-05-08,Mountain,166.3,21,0
2024-05-08,Pinterest,353.68,375,32831
2024-05-09,Google,1128.28,1059,86591
2024-05-09,Meta,741.76,1126,50485
2024-05-09,Microsoft,0.0,0,0
2024-05-09,Mountain,328.45,43,0
2024-05-09,Pinterest,330.65,361,29836
2024-05-10,Google,1681.35,1433,182021
2024-05-10,Meta,862.94,1299,58833
2024-05-10,Microsoft,0.0,0,0
2024-05-10,Mountain,315.08,80,0
2024-05-10,Pinterest,360.51,397,31626
2024-05-11,Google,1862.16,1854,199026
2024-05-11,Influencer,1000.0,0,0
2024-05-11,Meta,1026.39,1833,71546
2024-05-11,Mountain,186.28,54,0
2024-05-11,Pinterest,339.43,541,28658
2024-05-12,Google,2444.08,2071,166547
2024-05-12,Meta,934.66,2231,75077
2024-05-12,Mountain,440.87,66,0
2024-05-12,Pinterest,349.0,563,31454
2024-05-13,Google,2354.7,1953,140449
2024-05-13,Meta,868.35,2119,83259
2024-05-13,Mountain,307.87,56,0
2024-05-13,Pinterest,357.09,544,37271
2024-05-14,Google,2284.79,2141,149513
2024-05-14,Meta,826.72,2107,74653
2024-05-14,Mountain,242.77,55,0
2024-05-14,Pinterest,58.6,26,4365
2024-05-15,Google,1895.59,1887,142058
2024-05-15,Meta,760.14,1999,71857
2024-05-15,Mountain,245.01,89,0
2024-05-15,Pinterest,48.78,9,3272
2024-05-16,Google,1836.1,1888,115694
2024-05-16,Meta,909.15,1147,53089
2024-05-16,Mountain,401.1,76,0
2024-05-16,Pinterest,49.99,4,3523
2024-05-17,Google,2170.6,1561,100322
2024-05-17,Meta,784.65,539,34050
2024-05-17,Mountain,196.98,63,0
2024-05-17,Pinterest,50.41,14,3412
2024-05-18,Google,2392.17,1517,108741
2024-05-18,Influencer,2500.0,0,0
2024-05-18,Meta,790.48,581,35015
2024-05-18,Mountain,296.62,74,0
2024-05-18,Pinterest,49.9,20,3330
2024-05-19,Google,2889.42,1469,124120
2024-05-19,Meta,755.79,635,35400
2024-05-19,Mountain,366.53,75,0
2024-05-19,Pinterest,51.14,17,3149
2024-05-20,Google,3264.79,1619,64625
2024-05-20,Meta,1040.9,731,49346
2024-05-20,Mountain,255.21,58,0
2024-05-20,Pinterest,50.44,8,3217
2024-05-21,Google,3955.46,2755,170482
2024-05-21,Influencer,350.0,0,0
2024-05-21,Meta,1386.0,739,59937
2024-05-21,Mountain,338.27,96,0
2024-05-21,Pinterest,49.96,11,3336
2024-05-22,Google,2934.61,2385,140950
2024-05-22,Influencer,2000.0,0,0
2024-05-22,Meta,1417.69,738,55247
2024-05-22,Mountain,266.77,87,0
2024-05-22,Pinterest,50.47,6,3278
2024-05-23,Google,2874.63,2216,94059
2024-05-23,Influencer,525.0,0,0
2024-05-23,Meta,1759.28,1152,70807
2024-05-23,Mountain,293.17,68,0
2024-05-23,Pinterest,48.78,5,3469
2024-05-24,Google,3060.15,2110,105853
2024-05-24,Meta,1871.91,1315,82428
2024-05-24,Mountain,318.47,79,0
2024-05-24,Pinterest,50.44,8,3209
2024-05-25,Google,3525.95,2752,195908
2024-05-25,Meta,1813.79,1352,80583
2024-05-25,Mountain,315.0,84,0
2024-05-25,Pinterest,49.43,10,2842
2024-05-26,Google,2761.33,2066,192938
2024-05-26,Meta,1217.54,980,63271
2024-05-26,Mountain,342.72,69,0
2024-05-26,Pinterest,51.14,15,3049
2024-05-27,Google,3348.55,2454,173772
2024-05-27,Meta,1072.14,735,52989
2024-05-27,Mountain,381.6,76,0
2024-05-27,Pinterest,51.3,6,3544
2024-05-28,Google,1967.1,1238,83741
2024-05-28,Meta,1051.12,671,51006
2024-05-28,Mountain,143.0,50,0
2024-05-28,Pinterest,50.1,3,3579
2024-05-29,Google,1542.42,926,59344
2024-05-29,Meta,892.18,547,44500
2024-05-29,Mountain,377.47,104,0
2024-05-29,Pinterest,50.15,9,3243
2024-05-29,TikTok,12.74,16,848
2024-05-30,Google,2003.65,1331,80918
2024-05-30,Meta,700.92,416,28591
2024-05-30,Mountain,322.39,84,0
2024-05-30,Pinterest,48.5,11,3379
2024-05-30,TikTok,62.5,158,4710
2024-05-31,Google,1439.92,1245,100064
2024-05-31,Influencer,4000.0,0,0
2024-05-31,Meta,694.26,361,27380
2024-05-31,Mountain,217.46,69,0
2024-05-31,Pinterest,49.04,12,3615
2024-05-31,TikTok,62.5,166,3696
2024-06-01,Google,1533.56,1863,175079
2024-06-01,Meta,693.65,472,30768
2024-06-01,Mountain,395.51,96,0
2024-06-01,Pinterest,49.75,15,3545
2024-06-01,TikTok,62.26,214,4168
2024-06-02,Google,1673.17,1108,64401
2024-06-02,Meta,737.97,513,32751
2024-06-02,Mountain,195.07,67,0
2024-06-02,Pinterest,51.5,15,3752
2024-06-02,TikTok,50.16,225,5225
2024-06-03,Google,1604.22,1257,83645
2024-06-03,Meta,720.03,371,31881
2024-06-03,Mountain,323.99,114,0
2024-06-03,Pinterest,48.87,8,3591
2024-06-03,TikTok,50.05,150,4319
2024-06-04,Google,1378.75,1181,83217
2024-06-04,Meta,696.94,426,33350
2024-06-04,Mountain,245.17,112,0
2024-06-04,Pinterest,51.27,9,3611
2024-06-04,TikTok,50.14,161,5430
2024-06-05,Google,1510.98,1163,84932
2024-06-05,Meta,891.97,629,42399
2024-06-05,Mountain,292.83,100,0
2024-06-05,Pinterest,49.12,14,3390
2024-06-05,TikTok,50.54,142,4053
2024-06-06,Google,1373.66,852,58035
2024-06-06,Meta,1017.39,717,48171
2024-06-06,Mountain,233.83,85,0
2024-06-06,Pinterest,49.32,11,3497
2024-06-06,TikTok,50.49,116,4122
2024-06-07,Google,1364.58,963,67744
2024-06-07,Meta,1297.74,862,54491
2024-06-07,Mountain,242.84,90,0
2024-06-07,Pinterest,51.46,15,3317
2024-06-07,TikTok,153.35,233,10547
2024-06-08,Google,610.24,376,32384
2024-06-08,Influencer,305.0,0,0
2024-06-08,Meta,1383.65,869,57642
2024-06-08,Mountain,362.06,252,0
2024-06-08,Pinterest,48.51,18,2895
2024-06-08,TikTok,237.5,351,18877
2024-06-09,Google,1074.17,4284,71047
2024-06-09,Influencer,115.0,0,0
2024-06-09,Meta,1470.48,1010,56066
2024-06-09,Mountain,175.01,177,0
2024-06-09,Pinterest,51.5,6,2905
2024-06-09,TikTok,201.34,224,14904
2024-06-10,Google,1277.94,5332,81276
2024-06-10,Meta,1579.81,1035,66396
2024-06-10,Mountain,283.28,385,0
2024-06-10,Pinterest,51.24,11,3046
2024-06-10,TikTok,199.81,187,11480
2024-06-11,Google,1470.73,5590,115064
2024-06-11,Meta,1655.9,1437,73336
2024-06-11,Mountain,388.68,143,0
2024-06-11,Pinterest,48.97,7,2997
2024-06-11,TikTok,199.95,150,10047
2024-06-12,Google,2178.16,7397,170649
2024-06-12,Meta,1637.67,1594,79137
2024-06-12,Mountain,397.63,86,0
2024-06-12,Pinterest,49.82,18,3574
2024-06-12,TikTok,200.01,123,9277
2024-06-13,Google,1980.01,7002,154527
2024-06-13,Meta,1612.96,1648,83693
2024-06-13,Mountain,420.75,185,0
2024-06-13,Pinterest,49.61,13,3491
2024-06-13,TikTok,152.4,117,8524
2024-06-14,Google,1936.97,6774,148581
2024-06-14,Meta,1576.59,1538,74813
2024-06-14,Mountain,442.07,158,0
2024-06-14,Pinterest,48.08,14,2929
2024-06-14,TikTok,219.23,149,15875
2024-06-15,Google,1656.09,5748,142622
2024-06-15,Influencer,140.0,0,0
2024-06-15,Meta,1791.53,1463,88436
2024-06-15,Mountain,364.59,98,0
2024-06-15,Pinterest,54.42,27,3750
2024-06-15,TikTok,135.03,74,8679
2024-06-16,Google,1763.31,5384,115350
2024-06-16,Meta,2436.83,1800,114514
2024-06-16,Mountain,520.04,198,0
2024-06-16,Pinterest,427.34,401,70673
2024-06-16,TikTok,0.0,0,31
2024-06-17,Google,1913.66,5014,112782
2024-06-17,Meta,1733.99,1285,78718
2024-06-17,Mountain,338.04,153,0
2024-06-17,Pinterest,466.49,339,86041
2024-06-17,TikTok,217.86,195,17972
2024-06-18,Google,1512.76,3230,83926
2024-06-18,Meta,2223.02,1249,99380
2024-06-18,Mountain,367.3,187,0
2024-06-18,Pinterest,457.34,370,87062
2024-06-18,TikTok,261.34,196,16852
2024-06-19,Google,1857.92,3310,131750
2024-06-19,Meta,2219.52,1081,102093
2024-06-19,Mountain,465.2,239,0
2024-06-19,Pinterest,460.87,337,85288
2024-06-19,TikTok,254.58,186,16054
2024-06-20,Google,1798.26,3072,130298
2024-06-20,Meta,1676.27,758,76486
2024-06-20,Mountain,364.85,151,0
2024-06-20,Pinterest,448.62,365,75465
2024-06-20,TikTok,262.19,262,15698
2024-06-21,Google,4349.4,2378,91850
2024-06-21,Meta,1731.61,1204,83067
2024-06-21,Microsoft,198.5,611,7406
2024-06-21,Mountain,384.13,184,0
2024-06-21,Pinterest,449.86,390,66448
2024-06-21,TikTok,4.03,6,295
2024-06-22,Google,5095.32,2921,77640
2024-06-22,Meta,1683.85,1132,72036
2024-06-22,Microsoft,325.73,547,12299
2024-06-22,Mountain,473.21,200,0
2024-06-22,Pinterest,439.48,480,61214
2024-06-22,TikTok,0.0,0,8
2024-06-23,Google,4682.3,2887,92911
2024-06-23,Meta,1734.51,1125,72010
2024-06-23,Microsoft,340.73,602,11071
2024-06-23,Mountain,408.13,143,0
2024-06-23,Pinterest,450.16,613,63895
2024-06-23,TikTok,0.0,0,4
2024-06-24,Google,4826.59,2380,87145
2024-06-24,Meta,1636.23,994,71906
2024-06-24,Microsoft,318.6,467,9383
2024-06-24,Mountain,427.45,217,0
2024-06-24,Pinterest,446.39,542,61849
2024-06-24,TikTok,0.0,0,2
2024-06-25,Google,3376.53,1644,68421
2024-06-25,Meta,2083.72,1263,77472
2024-06-25,Microsoft,457.09,1445,17636
2024-06-25,Mountain,567.14,267,0
2024-06-25,Pinterest,447.09,495,64011
2024-06-25,TikTok,0.0,0,1
2024-06-26,Google,3346.37,1487,42827
2024-06-26,Meta,1969.33,1161,84611
2024-06-26,Microsoft,503.73,1885,21820
2024-06-26,Mountain,406.91,187,0
2024-06-26,Pinterest,454.26,496,72061
2024-06-26,TikTok,0.0,0,0
2024-06-27,Google,2288.38,1205,56724
2024-06-27,Meta,1703.7,983,68356
2024-06-27,Microsoft,381.28,2028,20974
2024-06-27,Mountain,515.06,169,0
2024-06-27,Pinterest,464.22,464,72611
2024-06-27,TikTok,0.0,0,0
2024-06-28,Google,1995.85,1024,55362
2024-06-28,Meta,2052.99,1278,86823
2024-06-28,Microsoft,0.0,0,0
2024-06-28,Mountain,424.91,134,0
2024-06-28,Pinterest,448.02,427,59855
2024-06-28,TikTok,0.0,0,0
2024-06-29,Google,2312.44,1288,48559
2024-06-29,Meta,1596.62,1004,58427
2024-06-29,Microsoft,0.0,0,0
2024-06-29,Mountain,479.38,165,0
2024-06-29,Pinterest,439.85,416,52566
2024-06-29,TikTok,0.0,0,0
2024-06-30,Google,2240.85,1444,62676
2024-06-30,Meta,0.0,0,0
2024-06-30,Mountain,464.39,103,0
2024-06-30,Pinterest,463.5,443,62934
2024-06-30,TikTok,0.0,0,0
2024-07-01,Google,2150.94,1327,49333
2024-07-01,Influencer,10097.99,0,0
2024-07-01,Meta,1865.92,1440,97766
2024-07-01,Mountain,429.72,135,0
2024-07-01,Pinterest,444.91,559,86085
2024-07-01,TikTok,0.0,0,0
2024-07-02,Google,1941.51,1468,70590
2024-07-02,Meta,1859.73,1298,87681
2024-07-02,Mountain,398.5,138,0
2024-07-02,Pinterest,439.87,497,69138
2024-07-02,TikTok,0.0,0,0
2024-07-03,Google,1197.66,1138,122878
2024-07-03,Meta,1998.54,1111,88588
2024-07-03,Mountain,317.06,151,0
2024-07-03,Pinterest,460.03,581,75311
2024-07-03,TikTok,0.0,0,0
2024-07-04,Google,923.13,1224,175595
2024-07-04,Meta,1193.6,511,47083
2024-07-04,Mountain,246.2,106,0
2024-07-04,Pinterest,440.48,557,73684
2024-07-04,TikTok,0.0,0,0
2024-07-05,Google,2953.47,2746,201963
2024-07-05,Meta,1131.85,461,45169
2024-07-05,Microsoft,242.77,1399,19727
2024-07-05,Mountain,457.05,151,0
2024-07-05,Pinterest,333.86,252,35686
2024-07-05,TikTok,0.0,0,0
2024-07-06,Google,2590.0,2329,236232
2024-07-06,Meta,1072.16,481,48203
2024-07-06,Microsoft,264.25,1696,23142
2024-07-06,Mountain,295.05,151,0
2024-07-06,Pinterest,148.79,59,16898
2024-07-06,TikTok,0.0,0,0
2024-07-07,Google,2710.5,2654,202840
2024-07-07,Meta,1198.17,608,55618
2024-07-07,Microsoft,325.01,1406,20688
2024-07-07,Mountain,227.41,86,0
2024-07-07,Pinterest,151.5,65,25489
2024-07-07,TikTok,0.0,0,0
2024-07-08,Google,2420.53,2466,184834
2024-07-08,Meta,1180.02,594,55859
2024-07-08,Microsoft,569.94,1698,37583
2024-07-08,Mountain,445.36,42,0
2024-07-08,Pinterest,148.41,43,26662
2024-07-08,TikTok,0.0,0,0
2024-07-09,Google,1885.98,1615,83230
2024-07-09,Meta,1187.65,692,55013
2024-07-09,Microsoft,567.0,1614,26072
2024-07-09,Mountain,320.02,2,0
2024-07-09,Pinterest,151.58,53,26691
2024-07-10,Google,1920.66,1930,141820
2024-07-10,Meta,1103.26,633,47968
2024-07-10,Microsoft,569.47,2069,30506
2024-07-10,Mountain,411.29,0,0
2024-07-10,Pinterest,201.13,124,36351
2024-07-10,TikTok,0.0,0,0
2024-07-11,Google,1854.51,1414,62507
2024-07-11,Meta,1080.07,535,43452
2024-07-11,Microsoft,573.3,2111,33122
2024-07-11,Mountain,408.52,2,0
2024-07-11,Pinterest,200.29,89,33279
2024-07-12,Google,1658.57,1429,71775
2024-07-12,Influencer,10000.0,0,0
2024-07-12,Meta,1068.17,610,41168
2024-07-12,Microsoft,571.98,2332,32623
2024-07-12,Mountain,428.47,104,0
2024-07-12,Pinterest,193.91,84,30731
2024-07-13,Google,1877.69,2103,108272
2024-07-13,Influencer,400.0,0,0
2024-07-13,Meta,1058.29,554,43062
2024-07-13,Microsoft,571.5,2467,34478
2024-07-13,Mountain,338.35,225,0
2024-07-13,Pinterest,198.07,133,42697
2024-07-14,Google,1832.27,1889,87523
2024-07-14,Meta,1148.15,683,50769
2024-07-14,Microsoft,263.26,1202,7682
2024-07-14,Mountain,322.35,95,0
2024-07-14,Pinterest,201.5,147,40045
2024-07-15,Google,1738.41,1555,79633
2024-07-15,Influencer,900.0,0,0
2024-07-15,Meta,984.2,594,44977
2024-07-15,Microsoft,0.0,0,0
2024-07-15,Mountain,436.19,188,0
2024-07-15,Pinterest,201.24,101,44615
2024-07-16,Google,1781.55,1793,76403
2024-07-16,Meta,893.41,526,40391
2024-07-16,Microsoft,0.0,0,0
2024-07-16,Mountain,305.86,94,0
2024-07-16,Pinterest,200.93,92,35341
2024-07-17,Google,1776.67,1902,93925
2024-07-17,Meta,842.03,491,35675
2024-07-17,Mountain,406.66,84,0
2024-07-17,Pinterest,200.08,97,35835
2024-07-18,Google,2016.62,2136,108463
2024-07-18,Influencer,700.0,0,0
2024-07-18,Meta,850.19,554,37346
2024-07-18,Mountain,583.28,116,0
2024-07-18,Pinterest,199.28,91,34595
2024-07-19,Google,1953.88,1541,100369
2024-07-19,Meta,811.34,603,35747
2024-07-19,Mountain,448.69,91,0
2024-07-19,Pinterest,196.78,119,36535
2024-07-20,Google,1638.23,2192,144148
2024-07-20,Meta,828.81,692,34113
2024-07-20,Mountain,443.42,92,0
2024-07-20,Pinterest,199.21,149,40885
2024-07-21,Google,1695.83,1626,136903
2024-07-21,Meta,903.33,741,34375
2024-07-21,Mountain,541.22,121,0
2024-07-21,Pinterest,201.5,148,38914
2024-07-22,Google,1761.84,2863,226519
2024-07-22,Influencer,525.0,0,0
2024-07-22,Meta,843.23,619,33699
2024-07-22,Mountain,423.46,134,0
2024-07-22,Pinterest,201.24,133,38873
2024-07-23,Google,3202.75,4025,282724
2024-07-23,Meta,672.52,505,27153
2024-07-23,Mountain,511.53,190,0
2024-07-23,Pinterest,200.94,118,34357
2024-07-24,Google,2958.78,3951,363705
2024-07-24,Meta,688.65,464,28319
2024-07-24,Mountain,450.32,168,0
2024-07-24,Pinterest,200.44,116,33482
2024-07-25,Google,2145.71,2338,245514
2024-07-25,Influencer,5000.0,0,0
2024-07-25,Meta,655.55,405,22756
2024-07-25,Mountain,337.37,103,0
2024-07-25,Pinterest,199.45,135,31587
2024-07-26,Google,2612.01,2881,340474
2024-07-26,Meta,675.36,360,22684
2024-07-26,Mountain,618.32,162,0
2024-07-26,Pinterest,197.61,136,26035
2024-07-27,Google,2424.47,2424,371021
2024-07-27,Meta,697.32,504,23981
2024-07-27,Mountain,354.09,105,0
2024-07-27,Pinterest,198.82,105,23294
2024-07-28,Google,2538.65,2784,461645
2024-07-28,Meta,718.44,425,25245
2024-07-28,Mountain,514.71,185,0
2024-07-28,Pinterest,200.82,128,27086
2024-07-29,Google,2328.59,2693,372552
2024-07-29,Influencer,560.0,0,0
2024-07-29,Meta,624.1,295,23163
2024-07-29,Mountain,357.37,142,0
2024-07-29,Pinterest,201.36,130,31008
2024-07-30,Google,2247.41,3256,332572
2024-07-30,Influencer,14947.0,0,0
2024-07-30,Meta,671.46,390,22257
2024-07-30,Mountain,404.41,133,0
2024-07-30,Pinterest,201.05,130,33041
2024-07-31,Google,2474.99,3127,338323
2024-07-31,Influencer,5155.0,0,0
2024-07-31,Meta,615.32,397,29619
2024-07-31,Mountain,507.7,152,0
2024-07-31,Pinterest,200.67,148,37938
2024-07-31,TikTok,0.0,0,0
2024-08-01,Google,2549.57,3265,255828
2024-08-01,Meta,632.32,403,29154
2024-08-01,Mountain,362.5,131,0
2024-08-01,Pinterest,198.42,148,45528
2024-08-01,TikTok,0.0,0,0
2024-08-02,Google,2587.84,2971,176577
2024-08-02,Influencer,16210.0,0,0
2024-08-02,Meta,586.7,420,29177
2024-08-02,Mountain,472.34,143,0
2024-08-02,Pinterest,199.02,138,38439
2024-08-02,TikTok,0.0,0,0
2024-08-03,Google,2875.21,2995,186200
2024-08-03,Meta,818.8,895,47638
2024-08-03,Mountain,388.81,150,0
2024-08-03,Pinterest,198.42,154,37648
2024-08-03,TikTok,0.0,0,0
2024-08-04,Google,1921.13,2373,126885
2024-08-04,Meta,933.45,1143,58914
2024-08-04,Mountain,369.61,152,0
2024-08-04,Pinterest,201.5,157,41889
2024-08-04,TikTok,0.0,0,0
2024-08-05,Google,2049.04,1865,114662
2024-08-05,Influencer,720.0,0,0
2024-08-05,Meta,928.26,1124,58435
2024-08-05,Mountain,328.38,125,0
2024-08-05,Pinterest,201.19,178,49581
2024-08-05,TikTok,0.0,0,0
2024-08-06,Google,2009.82,2299,163743
2024-08-06,Influencer,275.0,0,0
2024-08-06,Meta,900.92,1099,53821
2024-08-06,Mountain,267.63,112,0
2024-08-06,Pinterest,199.73,190,47762
2024-08-06,TikTok,0.0,0,0
2024-08-07,Google,2084.51,2071,217162
2024-08-07,Meta,886.24,899,49514
2024-08-07,Mountain,495.89,127,0
2024-08-07,Pinterest,200.47,156,42121
2024-08-07,TikTok,0.0,0,0
2024-08-08,Google,1740.53,2415,195512
2024-08-08,Meta,1608.96,1687,77873
2024-08-08,Mountain,343.31,118,0
2024-08-08,Pinterest,199.11,149,40749
2024-08-08,TikTok,0.0,0,0
2024-08-09,Google,2715.42,2428,201712
2024-08-09,Influencer,10000.0,0,0
2024-08-09,Meta,1866.25,2048,88891
2024-08-09,Mountain,255.29,96,0
2024-08-09,Pinterest,160.72,118,36171
2024-08-09,TikTok,0.0,0,0
2024-08-10,Google,3049.7,2871,201346
2024-08-10,Meta,2077.72,2535,103325
2024-08-10,Mountain,423.14,97,0
2024-08-10,Pinterest,48.0,11,3094
2024-08-10,TikTok,0.0,0,0
2024-08-11,Google,2432.86,2525,169211
2024-08-11,Influencer,5400.0,0,0
2024-08-11,Meta,2359.28,2733,134978
2024-08-11,Mountain,410.73,142,0
2024-08-11,Pinterest,48.8,11,3258
2024-08-11,TikTok,0.0,0,0
2024-08-12,Google,1661.67,1728,114355
2024-08-12,Meta,2241.02,2506,140731
2024-08-12,Microsoft,351.9,785,13035
2024-08-12,Mountain,258.54,118,0
2024-08-12,Pinterest,50.18,11,3192
2024-08-13,Google,1768.66,1961,186516
2024-08-13,Meta,2009.64,2193,120000
2024-08-13,Microsoft,349.5,868,12014
2024-08-13,Mountain,468.7,156,0
2024-08-13,Pinterest,51.67,12,2887
2024-08-14,Google,2145.98,2255,141920
2024-08-14,Meta,2516.48,2022,109732
2024-08-14,Microsoft,353.35,634,13027
2024-08-14,Mountain,420.49,124,0
2024-08-14,Pinterest,50.37,5,2643
2024-08-15,Google,2594.16,2934,201943
2024-08-15,Influencer,275.0,0,0
2024-08-15,Meta,1941.14,2510,137325
2024-08-15,Microsoft,357.44,740,13794
2024-08-15,Mountain,321.09,123,0
2024-08-15,Pinterest,50.09,12,2756
2024-08-16,Google,2142.3,2452,206603
2024-08-16,Influencer,100.0,0,0
2024-08-16,Meta,1600.08,1402,94496
2024-08-16,Microsoft,463.89,836,39938
2024-08-16,Mountain,441.87,129,0
2024-08-16,Pinterest,46.36,10,2513
2024-08-17,Google,2141.08,2575,180785
2024-08-17,Meta,0.0,0,0
2024-08-17,Microsoft,476.66,970,30405
2024-08-17,Mountain,395.06,130,0
2024-08-17,Pinterest,52.53,16,2779
2024-08-18,Google,1851.39,2678,161978
2024-08-18,Meta,0.0,0,0
2024-08-18,Microsoft,516.69,987,28445
2024-08-18,Mountain,396.92,129,0
2024-08-18,Pinterest,50.44,11,3112
2024-08-19,Google,2315.83,2600,160406
2024-08-19,Influencer,6134.85,0,0
2024-08-19,Meta,2247.3,1162,196062
2024-08-19,Microsoft,496.32,991,21572
2024-08-19,Mountain,227.21,132,0
2024-08-19,Pinterest,50.36,14,3037
2024-08-20,Google,5411.09,3711,740533
2024-08-20,Influencer,420.0,0,0
2024-08-20,Meta,2866.73,1401,311685
2024-08-20,Microsoft,0.0,0,0
2024-08-20,Mountain,1678.3,248,0
2024-08-20,Pinterest,50.87,13,3051
2024-08-21,Google,3256.51,3283,423902
2024-08-21,Meta,3051.04,2561,304168
2024-08-21,Microsoft,0.0,0,0
2024-08-21,Mountain,1946.96,257,0
2024-08-21,Pinterest,49.06,8,2900
2024-08-22,Google,2792.03,3040,291310
2024-08-22,Influencer,50.0,0,0
2024-08-22,Meta,2548.09,2876,266476
2024-08-22,Mountain,967.81,221,0
2024-08-22,Pinterest,51.13,9,3014
2024-08-23,Google,3065.98,3020,260338
2024-08-23,Meta,1889.31,1391,131714
2024-08-23,Mountain,805.0,213,0
2024-08-23,Pinterest,49.65,8,2611
2024-08-24,Google,3349.64,3107,216563
2024-08-24,Meta,1580.89,953,95183
2024-08-24,Mountain,516.05,169,0
2024-08-24,Pinterest,48.38,10,2743
2024-08-25,Google,2264.52,2391,153103
2024-08-25,Meta,1477.54,852,81898
2024-08-25,Mountain,652.65,201,0
2024-08-25,Pinterest,51.5,9,2802
2024-08-26,Google,2844.09,2594,207067
2024-08-26,Influencer,165.0,0,0
2024-08-26,Meta,1487.56,1037,91757
2024-08-26,Mountain,422.17,185,0
2024-08-26,Pinterest,47.26,11,2620
2024-08-27,Google,2196.28,2551,201992
2024-08-27,Influencer,210.0,0,0
2024-08-27,Meta,1436.92,931,80388
2024-08-27,Mountain,766.35,216,0
2024-08-27,Pinterest,51.75,15,3184
2024-08-28,Google,2693.07,2737,213617
2024-08-28,Meta,1914.9,1555,111430
2024-08-28,Mountain,670.52,202,0
2024-08-28,Pinterest,47.61,12,2780
2024-08-29,Google,2837.16,2970,246472
2024-08-29,Meta,2665.93,2560,142921
2024-08-29,Mountain,634.36,228,0
2024-08-29,Pinterest,52.14,9,3201
2024-08-30,Google,2694.06,2396,199814
2024-08-30,Influencer,140.0,0,0
2024-08-30,Meta,2758.89,3080,154065
2024-08-30,Mountain,610.24,185,0
2024-08-30,Pinterest,49.81,12,2603
2024-08-31,Google,3071.4,2383,192694
2024-08-31,Influencer,2999.65,0,0
2024-08-31,Meta,1834.07,2230,90860
2024-08-31,Mountain,546.53,200,0
2024-08-31,Pinterest,49.92,12,2761
2024-09-01,Google,2809.63,2366,186430
2024-09-01,Influencer,-94.85,0,0
2024-09-01,Meta,2968.13,3671,189836
2024-09-01,Mountain,782.22,213,0
2024-09-01,Pinterest,46.18,13,2757
2024-09-02,Google,3061.05,2474,182138
2024-09-02,Influencer,510.0,0,0
2024-09-02,Meta,2569.5,3291,156930
2024-09-02,Mountain,451.54,197,0
2024-09-02,Pinterest,37.08,8,2373
2024-09-03,Google,2558.57,1901,133373
2024-09-03,Meta,1913.22,2409,114161
2024-09-03,Mountain,424.86,197,0
2024-09-03,Pinterest,0.05,3,105
2024-09-04,Google,2874.16,2138,146817
2024-09-04,Influencer,3000.0,0,0
2024-09-04,Meta,1062.81,1755,65565
2024-09-04,Mountain,406.53,178,0
2024-09-04,Pinterest,0.0,0,81
2024-09-05,Google,2869.34,2046,130676
2024-09-05,Influencer,4085.21,0,0
2024-09-05,Meta,984.94,1592,61874
2024-09-05,Mountain,410.56,140,0
2024-09-05,Pinterest,0.0,0,49
2024-09-06,Google,2455.79,1811,136297
2024-09-06,Meta,1294.88,1845,72456
2024-09-06,Mountain,431.86,129,0
2024-09-06,Pinterest,0.0,0,42
2024-09-07,Google,2492.12,2064,152453
2024-09-07,Meta,1573.69,2179,79823
2024-09-07,Mountain,396.45,153,0
2024-09-07,Pinterest,0.0,1,44
2024-09-08,Google,2787.11,2333,153902
2024-09-08,Meta,1717.66,2558,88148
2024-09-08,Mountain,418.75,148,0
2024-09-08,Pinterest,0.0,0,50
2024-09-09,Google,2619.17,2039,136100
2024-09-09,Influencer,700.0,0,0
2024-09-09,Meta,1680.61,2425,99818
2024-09-09,Mountain,421.01,157,0
2024-09-09,Pinterest,0.0,1,55
2024-09-10,Google,2644.52,2061,149361
2024-09-10,Meta,1669.06,2307,99570
2024-09-10,Mountain,404.65,159,0
2024-09-10,Pinterest,0.0,8,57
2024-09-11,Google,3663.0,2668,194107
2024-09-11,Influencer,350.0,0,0
2024-09-11,Meta,1585.75,2528,113350
2024-09-11,Mountain,444.4,154,0
2024-09-11,Pinterest,0.0,0,68
2024-09-11,TikTok,109.35,59,7142
2024-09-12,Google,3485.27,2754,184842
2024-09-12,Meta,1500.98,2300,92546
2024-09-12,Mountain,417.02,144,0
2024-09-12,Pinterest,0.0,4,64
2024-09-12,TikTok,305.11,139,20024
2024-09-13,Google,3434.41,2874,144239
2024-09-13,Meta,1792.48,2711,124304
2024-09-13,Mountain,395.64,135,0
2024-09-13,Pinterest,0.0,0,49
2024-09-13,TikTok,347.95,157,21823
2024-09-14,Google,3569.83,2911,203390
2024-09-14,Meta,2238.11,3616,137070
2024-09-14,Mountain,427.84,144,0
2024-09-14,Pinterest,0.0,0,50
2024-09-14,TikTok,354.73,184,22840
2024-09-15,Google,3277.71,2901,135804
2024-09-15,Meta,2383.68,3766,169211
2024-09-15,Mountain,418.89,129,0
2024-09-15,Pinterest,0.0,0,49
2024-09-15,TikTok,396.36,259,31467
2024-09-16,Google,2891.92,2181,97240
2024-09-16,Influencer,2000.0,0,0
2024-09-16,Meta,1807.16,2261,121927
2024-09-16,Mountain,430.52,152,0
2024-09-16,Pinterest,0.0,1,54
2024-09-16,TikTok,351.22,190,26640
2024-09-17,Google,3378.21,2441,121471
2024-09-17,Meta,1623.27,2081,102957
2024-09-17,Mountain,425.32,154,0
2024-09-17,Pinterest,0.0,0,66
2024-09-17,TikTok,298.71,145,21353
2024-09-18,Google,3147.37,2198,106035
2024-09-18,Meta,1626.31,2115,103045
2024-09-18,Mountain,397.11,146,0
2024-09-18,Pinterest,0.0,1,95
2024-09-18,TikTok,299.9,145,18940
2024-09-19,Google,3147.84,2322,104573
2024-09-19,Meta,1606.67,2298,103281
2024-09-19,Mountain,423.68,140,0
2024-09-19,Pinterest,0.0,0,61
2024-09-19,TikTok,296.56,109,16825
2024-09-20,Google,2711.88,1859,79746
2024-09-20,Meta,1623.02,2207,94589
2024-09-20,Mountain,410.93,137,0
2024-09-20,Pinterest,0.0,1,72
2024-09-20,TikTok,297.39,112,17182
2024-09-21,Google,2934.25,2239,117885
2024-09-21,Meta,1640.25,2085,104706
2024-09-21,Mountain,430.66,116,0
2024-09-21,Pinterest,0.0,0,49
2024-09-21,TikTok,298.63,117,17325
2024-09-22,Google,3405.1,2573,121825
2024-09-22,Meta,1690.06,2232,104235
2024-09-22,Mountain,407.12,109,0
2024-09-22,Pinterest,0.0,0,181
2024-09-22,TikTok,298.08,175,17926
2024-09-23,Google,1640.97,1189,54233
2024-09-23,Influencer,517.94,0,0
2024-09-23,Meta,1508.77,1403,91169
2024-09-23,Mountain,16.96,1,0
2024-09-23,Pinterest,0.0,0,69
2024-09-23,TikTok,190.6,77,11450
2024-09-24,Google,1279.9,943,42873
2024-09-24,Meta,1243.32,714,59882
2024-09-24,Pinterest,0.0,0,131
2024-09-24,TikTok,0.0,0,0
2024-09-25,Google,1365.81,934,45899
2024-09-25,Meta,1236.41,735,57119
2024-09-25,Pinterest,0.0,0,74
2024-09-25,TikTok,0.0,0,0
2024-09-26,Google,1615.81,994,54126
2024-09-26,Influencer,2000.0,0,0
2024-09-26,Meta,1225.88,823,61526
2024-09-26,Pinterest,0.0,0,66
2024-09-26,TikTok,0.0,0,0
2024-09-27,Google,1586.57,1146,41374
2024-09-27,Influencer,325.0,0,0
2024-09-27,Meta,1143.21,878,45601
2024-09-27,Pinterest,0.0,1,63
2024-09-27,TikTok,0.0,0,0
2024-09-28,Google,1930.53,1294,42374
2024-09-28,Meta,1177.4,990,44050
2024-09-28,Pinterest,0.0,0,65
2024-09-28,TikTok,0.0,0,0
2024-09-29,Google,1631.94,1184,45375
2024-09-29,Meta,1266.47,1039,49615
2024-09-29,Pinterest,0.0,1,46
2024-09-29,TikTok,0.0,0,0
2024-09-30,Google,1930.75,1282,51795
2024-09-30,Influencer,1500.0,0,0
2024-09-30,Meta,1282.89,958,48227
2024-09-30,Pinterest,0.0,0,65
2024-09-30,TikTok,0.0,0,0
2024-10-01,Google,2010.4,1415,112942
2024-10-01,Influencer,300.0,0,0
2024-10-01,Meta,1266.75,1036,51299
2024-10-01,Pinterest,0.0,0,43
2024-10-01,TikTok,121.57,51,8013
2024-10-02,Google,2766.65,1690,119899
2024-10-02,Meta,1279.73,861,56906
2024-10-02,Mountain,188.8,79,0
2024-10-02,Pinterest,0.0,0,46
2024-10-02,TikTok,323.47,137,21932
2024-10-03,Google,2701.33,1765,119466
2024-10-03,Influencer,2755.0,0,0
2024-10-03,Meta,1249.2,811,54662
2024-10-03,Mountain,206.86,82,0
2024-10-03,Pinterest,0.0,0,43
2024-10-03,TikTok,348.88,101,21396
2024-10-04,Google,3043.19,1868,136245
2024-10-04,Influencer,275.0,0,0
2024-10-04,Meta,1235.68,771,53493
2024-10-04,Mountain,231.13,79,0
2024-10-04,Pinterest,0.0,1,39
2024-10-04,TikTok,348.03,111,24000
2024-10-05,Google,3483.18,2204,130513
2024-10-05,Meta,1353.7,1003,58730
2024-10-05,Mountain,502.31,78,0
2024-10-05,Pinterest,0.0,0,39
2024-10-05,TikTok,348.0,117,23233
2024-10-06,Google,3654.42,2591,133868
2024-10-06,Meta,1559.6,1200,70965
2024-10-06,Mountain,363.08,76,0
2024-10-06,Pinterest,0.0,0,35
2024-10-06,TikTok,347.95,148,24102
2024-10-07,Google,2843.82,1739,97425
2024-10-07,Meta,1516.39,901,68084
2024-10-07,Mountain,310.18,91,0
2024-10-07,Pinterest,0.0,1,84
2024-10-07,TikTok,342.55,158,20016
2024-10-08,Google,2965.33,1788,92289
2024-10-08,Meta,1726.96,468,58331
2024-10-08,Mountain,394.04,54,0
2024-10-08,Pinterest,0.0,0,67
2024-10-08,TikTok,347.85,139,22490
2024-10-09,Google,2120.68,1409,88350
2024-10-09,Influencer,382.86,0,0
2024-10-09,Meta,1787.53,564,68495
2024-10-09,Mountain,414.12,54,0
2024-10-09,Pinterest,0.0,1,74
2024-10-09,TikTok,348.71,128,25943
2024-10-10,Google,2860.62,1623,87122
2024-10-10,Influencer,3000.0,0,0
2024-10-10,Meta,1807.47,530,51650
2024-10-10,Mountain,451.9,85,0
2024-10-10,Pinterest,0.0,0,73
2024-10-10,TikTok,360.44,161,31024
2024-10-11,Google,2460.09,1484,85895
2024-10-11,Influencer,1050.0,0,0
2024-10-11,Meta,1871.06,681,63262
2024-10-11,Mountain,459.2,47,0
2024-10-11,Pinterest,0.0,0,47
2024-10-11,TikTok,412.51,151,31849
2024-10-12,Google,2686.99,1776,87038
2024-10-12,Meta,1830.28,713,60057
2024-10-12,Mountain,463.34,41,0
2024-10-12,Pinterest,0.0,0,163
2024-10-12,TikTok,446.77,174,26209
2024-10-13,Google,3122.76,1919,122712
2024-10-13,Influencer,350.0,0,0
2024-10-13,Meta,1931.29,694,63111
2024-10-13,Mountain,486.37,90,0
2024-10-13,Pinterest,0.0,0,49
2024-10-13,TikTok,444.98,159,27570
2024-10-14,Google,2832.72,1661,103837
2024-10-14,Meta,1897.68,654,61309
2024-10-14,Mountain,425.29,73,0
2024-10-14,Pinterest,0.0,0,65
2024-10-14,TikTok,444.46,203,32596
2024-10-15,Google,2448.34,1390,82866
2024-10-15,Influencer,3000.0,0,0
2024-10-15,Meta,1865.97,672,72817
2024-10-15,Mountain,347.82,79,0
2024-10-15,Pinterest,0.0,0,50
2024-10-15,TikTok,448.59,150,30169
2024-10-16,Google,3207.14,1914,125486
2024-10-16,Meta,1880.35,618,68177
2024-10-16,Mountain,361.58,85,0
2024-10-16,Pinterest,0.0,0,54
2024-10-16,TikTok,447.31,141,31424
2024-10-17,Google,2984.47,1898,159871
2024-10-17,Meta,1813.25,687,63695
2024-10-17,Mountain,459.77,76,0
2024-10-17,Pinterest,0.0,0,64
2024-10-17,TikTok,447.73,138,27233
2024-10-18,Google,2437.84,1664,156047
2024-10-18,Influencer,1500.0,0,0
2024-10-18,Meta,1591.34,431,50944
2024-10-18,Mountain,439.79,96,0
2024-10-18,Pinterest,0.0,1,60
2024-10-18,TikTok,448.47,129,28294
2024-10-19,Google,2591.55,1914,173240
2024-10-19,Meta,1457.7,430,42865
2024-10-19,Mountain,192.33,80,0
2024-10-19,Pinterest,0.0,1,50
2024-10-19,TikTok,447.46,146,29977
2024-10-20,Google,3097.08,2217,136069
2024-10-20,Influencer,1000.0,0,0
2024-10-20,Meta,1586.95,473,45509
2024-10-20,Mountain,279.7,101,0
2024-10-20,Pinterest,0.0,1,45
2024-10-20,TikTok,446.65,128,28173
2024-10-21,Google,2775.49,2130,140326
2024-10-21,Meta,1559.51,638,60524
2024-10-21,Mountain,251.87,91,0
2024-10-21,Pinterest,0.0,0,65
2024-10-21,TikTok,395.04,170,25347
2024-10-22,Google,3175.91,2130,125427
2024-10-22,Influencer,179.13,0,0
2024-10-22,Meta,1464.08,549,45240
2024-10-22,Mountain,226.25,57,0
2024-10-22,Pinterest,0.0,0,69
2024-10-22,TikTok,292.02,103,17312
2024-10-23,Google,3114.36,1926,106981
2024-10-23,Meta,1581.79,584,50505
2024-10-23,Mountain,158.34,81,0
2024-10-23,Pinterest,0.0,0,44
2024-10-23,TikTok,193.48,69,12474
2024-10-24,Google,3547.61,2109,122082
2024-10-24,Meta,1878.14,355,45375
2024-10-24,Microsoft,114.52,61,4193
2024-10-24,Mountain,153.89,56,0
2024-10-24,Pinterest,0.0,0,41
2024-10-24,TikTok,199.61,95,12898
2024-10-25,Google,3005.99,1760,113264
2024-10-25,Influencer,1000.0,0,0
2024-10-25,Meta,1464.76,892,45760
2024-10-25,Microsoft,55.47,51,1563
2024-10-25,Mountain,195.05,50,0
2024-10-25,Pinterest,10.47,31,1497
2024-10-25,TikTok,199.51,85,13159
2024-10-26,Google,4473.68,2261,111853
2024-10-26,Meta,1518.13,1479,54261
2024-10-26,Microsoft,62.25,56,1979
2024-10-26,Mountain,154.42,33,0
2024-10-26,Pinterest,212.26,239,14376
2024-10-26,TikTok,199.08,78,14005
2024-10-27,Google,3838.48,2085,100469
2024-10-27,Meta,1220.89,1457,63368
2024-10-27,Microsoft,62.9,50,1518
2024-10-27,Mountain,159.19,52,0
2024-10-27,Pinterest,323.74,275,17092
2024-10-27,TikTok,195.6,88,14043
2024-10-28,Google,3033.93,1632,75357
2024-10-28,Influencer,135.0,0,0
2024-10-28,Meta,1708.34,1697,71902
2024-10-28,Microsoft,351.8,234,14212
2024-10-28,Mountain,169.95,58,0
2024-10-28,Pinterest,412.86,281,20196
2024-10-28,TikTok,199.52,71,14460
2024-10-29,Google,2949.62,1661,73895
2024-10-29,Meta,1733.06,1411,60635
2024-10-29,Microsoft,152.92,236,5530
2024-10-29,Mountain,102.34,37,0
2024-10-29,Pinterest,478.94,354,24209
2024-10-29,TikTok,93.23,35,6359
2024-10-30,Google,2945.59,1633,83048
2024-10-30,Meta,3440.55,1425,70562
2024-10-30,Microsoft,155.31,264,5523
2024-10-30,Mountain,153.42,73,0
2024-10-30,Pinterest,503.02,345,25894
2024-10-30,TikTok,0.0,0,0
2024-10-31,Google,2327.98,1241,77113
2024-10-31,Influencer,255.0,0,0
2024-10-31,Meta,2854.54,2885,101950
2024-10-31,Microsoft,160.28,151,9472
2024-10-31,Mountain,131.55,59,0
2024-10-31,Pinterest,464.65,356,23814
2024-10-31,TikTok,0.0,0,0
2024-11-01,Google,2773.84,1601,109878
2024-11-01,Meta,3260.28,3174,163849
2024-11-01,Microsoft,156.07,106,10000
2024-11-01,Mountain,168.57,35,0
2024-11-01,Pinterest,505.63,337,24973
2024-11-01,TikTok,0.0,0,0
2024-11-02,Google,3306.11,2070,75731
2024-11-02,Meta,2512.39,1735,130869
2024-11-02,Microsoft,150.11,88,12524
2024-11-02,Mountain,489.75,69,0
2024-11-02,Pinterest,466.14,393,26319
2024-11-02,TikTok,0.0,0,0
2024-11-03,Google,4067.04,2553,88123
2024-11-03,Meta,3890.82,3517,173225
2024-11-03,Microsoft,138.73,84,13353
2024-11-03,Mountain,512.58,103,0
2024-11-03,Pinterest,484.53,374,27383
2024-11-03,TikTok,0.0,0,0
2024-11-04,Google,3799.36,2174,85015
2024-11-04,Influencer,1725.0,0,0
2024-11-04,Meta,3451.01,2802,170351
2024-11-04,Microsoft,161.8,68,14725
2024-11-04,Mountain,464.45,101,0
2024-11-04,Pinterest,503.27,353,27353
2024-11-04,TikTok,0.0,0,0
2024-11-05,Google,2828.09,1633,47590
2024-11-05,Meta,3162.85,3831,234020
2024-11-05,Microsoft,142.35,88,12471
2024-11-05,Mountain,484.36,113,0
2024-11-05,Pinterest,517.66,314,26428
2024-11-05,TikTok,0.0,0,0
2024-11-06,Google,4385.82,2291,48298
2024-11-06,Meta,3295.26,4363,245176
2024-11-06,Microsoft,181.04,110,17800
2024-11-06,Mountain,486.6,103,0
2024-11-06,Pinterest,479.04,269,21861
2024-11-06,TikTok,0.0,0,0
2024-11-07,Google,4431.76,2401,50727
2024-11-07,Meta,2196.22,2508,134534
2024-11-07,Microsoft,204.25,90,4989
2024-11-07,Mountain,381.7,145,0
2024-11-07,Pinterest,468.29,254,20411
2024-11-07,TikTok,0.0,0,0
2024-11-08,Google,1948.94,3247,47005
2024-11-08,Meta,1807.53,2281,103677
2024-11-08,Microsoft,104.99,37,4171
2024-11-08,Mountain,471.42,152,0
2024-11-08,Pinterest,515.79,270,19950
2024-11-08,TikTok,0.0,0,0
2024-11-09,Google,1763.14,1276,34998
2024-11-09,Meta,1638.32,2211,118134
2024-11-09,Microsoft,108.52,29,3933
2024-11-09,Mountain,170.59,93,0
2024-11-09,Pinterest,533.26,274,19296
2024-11-09,TikTok,0.0,0,0
2024-11-10,Google,2150.85,1448,36974
2024-11-10,Meta,2072.62,2307,119963
2024-11-10,Microsoft,100.41,35,4380
2024-11-10,Mountain,81.83,18,0
2024-11-10,Pinterest,510.75,347,21268
2024-11-10,TikTok,0.0,0,0
2024-11-11,Google,1837.02,1066,28677
2024-11-11,Meta,1659.67,2118,90127
2024-11-11,Microsoft,102.4,32,3789
2024-11-11,Mountain,94.22,54,0
2024-11-11,Pinterest,489.96,297,21063
2024-11-11,TikTok,0.0,0,0
2024-11-12,Google,1706.73,1024,26518
2024-11-12,Influencer,1400.0,0,0
2024-11-12,Meta,1158.17,1277,67046
2024-11-12,Microsoft,78.0,23,1151
2024-11-12,Mountain,130.62,66,0
2024-11-12,Pinterest,462.28,251,20439
2024-11-12,TikTok,0.0,0,0
2024-11-13,Google,1820.16,996,25919
2024-11-13,Meta,1267.87,1612,93994
2024-11-13,Microsoft,74.65,23,674
2024-11-13,Mountain,102.09,32,0
2024-11-13,Pinterest,499.99,274,18957
2024-11-13,TikTok,0.0,0,0
2024-11-14,Google,2217.55,1254,25931
2024-11-14,Meta,718.19,1231,56888
2024-11-14,Microsoft,77.64,77,4995
2024-11-14,Mountain,188.66,83,0
2024-11-14,Pinterest,500.6,260,19141
2024-11-14,TikTok,0.0,0,0
2024-11-15,Google,1967.97,1123,25647
2024-11-15,Influencer,1255.0,0,0
2024-11-15,Meta,732.96,1500,42473
2024-11-15,Microsoft,76.23,99,3775
2024-11-15,Mountain,145.99,83,0
2024-11-15,Pinterest,490.22,259,18972
2024-11-15,TikTok,0.0,0,0
2024-11-16,Google,1983.54,1222,27232
2024-11-16,Influencer,240.0,0,0
2024-11-16,Meta,782.07,1465,39744
2024-11-16,Microsoft,80.73,55,3334
2024-11-16,Mountain,236.44,99,0
2024-11-16,Pinterest,473.43,262,18294
2024-11-16,TikTok,0.0,0,0
2024-11-17,Google,1698.57,1066,24045
2024-11-17,Influencer,75.0,0,0
2024-11-17,Meta,849.28,1502,39893
2024-11-17,Microsoft,83.61,53,4895
2024-11-17,Mountain,120.91,57,0
2024-11-17,Pinterest,493.3,299,20537
2024-11-17,TikTok,0.0,0,0
2024-11-18,Google,1974.95,1139,27003
2024-11-18,Meta,1011.28,1731,48271
2024-11-18,Microsoft,82.39,41,6277
2024-11-18,Mountain,149.92,70,0
2024-11-18,Pinterest,499.98,228,20269
2024-11-18,TikTok,0.0,0,0
2024-11-19,Google,1748.28,1045,29079
2024-11-19,Meta,998.86,1656,47240
2024-11-19,Microsoft,79.88,35,3982
2024-11-19,Mountain,154.74,51,0
2024-11-19,Pinterest,469.99,254,19062
2024-11-19,TikTok,0.0,0,0
2024-11-20,Google,2503.07,1296,57083
2024-11-20,Influencer,2800.0,0,0
2024-11-20,Meta,976.0,1819,43443
2024-11-20,Microsoft,77.25,169,7582
2024-11-20,Mountain,127.18,58,0
2024-11-20,Pinterest,478.43,248,19162
2024-11-20,TikTok,0.0,0,0
2024-11-21,Google,3089.39,1622,37038
2024-11-21,Meta,965.4,1863,42375
2024-11-21,Microsoft,81.8,28,1018
2024-11-21,Mountain,133.19,62,0
2024-11-21,Pinterest,488.68,232,19508
2024-11-21,TikTok,0.0,0,0
2024-11-22,Google,2731.05,1395,42443
2024-11-22,Influencer,1000.0,0,0
2024-11-22,Meta,1169.99,2157,49826
2024-11-22,Microsoft,81.62,122,8100
2024-11-22,Mountain,211.91,94,0
2024-11-22,Pinterest,391.93,209,15425
2024-11-22,TikTok,0.0,0,0
2024-11-23,Google,2468.47,1338,39742
2024-11-23,Meta,1292.86,2184,49563
2024-11-23,Microsoft,81.07,143,4717
2024-11-23,Mountain,131.3,59,0
2024-11-23,Pinterest,534.9,295,19330
2024-11-23,TikTok,0.0,0,0
2024-11-24,Google,2279.54,1293,44119
2024-11-24,Influencer,410.0,0,0
2024-11-24,Meta,1687.75,2804,62712
2024-11-24,Microsoft,81.15,166,4868
2024-11-24,Mountain,121.99,46,0
2024-11-24,Pinterest,511.14,309,18967
2024-11-24,TikTok,0.0,0,0
2024-11-25,Google,2386.62,1338,41225
2024-11-25,Meta,1695.89,2312,59614
2024-11-25,Microsoft,76.77,132,7597
2024-11-25,Mountain,159.42,59,0
2024-11-25,Pinterest,471.55,286,18036
2024-11-25,TikTok,0.0,0,0
2024-11-26,Google,2006.03,1144,37780
2024-11-26,Influencer,750.0,0,0
2024-11-26,Meta,1576.33,2559,55512
2024-11-26,Microsoft,77.82,45,1491
2024-11-26,Mountain,205.12,67,0
2024-11-26,Pinterest,702.15,394,36777
2024-11-27,Google,2439.57,1243,43610
2024-11-27,Meta,1364.37,2841,52523
2024-11-27,Microsoft,76.74,107,4583
2024-11-27,Mountain,152.15,65,0
2024-11-27,Pinterest,385.34,231,38499
2024-11-28,Google,613.97,505,20389
2024-11-28,Meta,1244.49,2479,49720
2024-11-28,Microsoft,0.05,1,217
2024-11-28,Mountain,239.67,65,0
2024-11-28,Pinterest,371.48,258,39717
2024-11-28,TikTok,0.0,0,0
2024-11-29,Google,1942.06,1089,31463
2024-11-29,Influencer,930.0,0,0
2024-11-29,Meta,1328.95,2265,44380
2024-11-29,Microsoft,0.0,0,0
2024-11-29,Mountain,252.72,54,0
2024-11-29,Pinterest,345.01,244,37396
2024-11-30,Google,2117.04,1499,35614
2024-11-30,Meta,1351.02,1820,43071
2024-11-30,Mountain,298.86,73,0
2024-11-30,Pinterest,339.27,316,39101
2024-12-01,Google,2668.89,1696,40572
2024-12-01,Meta,2395.63,3048,75224
2024-12-01,Mountain,178.47,51,0
2024-12-01,Pinterest,362.85,293,41677
2024-12-02,Google,3011.59,1752,38385
2024-12-02,Meta,2397.56,2799,71966
2024-12-02,Mountain,530.04,59,0
2024-12-02,Pinterest,456.59,274,38947
2024-12-03,Google,3013.72,1644,33439
2024-12-03,Influencer,2545.0,0,0
2024-12-03,Meta,2405.01,2970,77180
2024-12-03,Mountain,394.45,41,0
2024-12-03,Pinterest,437.51,254,38231
2024-12-04,Google,3544.35,1888,45167
2024-12-04,Meta,1898.26,2849,69164
2024-12-04,Mountain,425.29,84,0
2024-12-04,Pinterest,371.67,296,38573
2024-12-05,Google,3578.93,2109,57200
2024-12-05,Influencer,350.0,0,0
2024-12-05,Meta,1775.81,2971,69914
2024-12-05,Mountain,714.99,80,0
2024-12-05,Pinterest,367.4,227,35379
2024-12-06,Google,3595.11,1982,47609
2024-12-06,Meta,2299.19,4134,92103
2024-12-06,Mountain,858.14,96,0
2024-12-06,Pinterest,386.7,266,35223
2024-12-07,Google,3812.03,2155,44392
2024-12-07,Meta,2100.73,3872,88286
2024-12-07,Mountain,716.74,102,0
2024-12-07,Pinterest,367.01,280,40014
2024-12-08,Google,3634.67,2175,42542
2024-12-08,Influencer,135.0,0,0
2024-12-08,Meta,2673.62,5021,111406
2024-12-08,Mountain,840.88,112,0
2024-12-08,Pinterest,356.46,344,46816
2024-12-09,Google,4073.83,2354,47688
2024-12-09,Influencer,250.0,0,0
2024-12-09,Meta,2514.57,4366,103204
2024-12-09,Mountain,1129.38,131,0
2024-12-09,Pinterest,381.04,348,54301
2024-12-09,TikTok,0.0,0,0
2024-12-10,Google,4012.3,2318,44083
2024-12-10,Meta,2340.14,3852,94198
2024-12-10,Mountain,1035.07,184,0
2024-12-10,Pinterest,368.34,286,42631
2024-12-11,Google,3711.4,2138,41383
2024-12-11,Meta,2277.94,3357,91820
2024-12-11,Mountain,1014.85,159,0
2024-12-11,Pinterest,370.18,341,46763
2024-12-12,Google,4012.59,2073,39113
2024-12-12,Meta,2316.26,3213,89079
2024-12-12,Mountain,1160.95,243,0
2024-12-12,Pinterest,370.95,293,44341
2024-12-13,Google,3306.72,1801,44701
2024-12-13,Meta,2256.02,3062,84128
2024-12-13,Mountain,1166.07,143,0
2024-12-13,Pinterest,372.05,291,41143
2024-12-14,Google,4674.8,2541,59710
2024-12-14,Meta,2207.59,3134,86974
2024-12-14,Mountain,1082.57,103,0
2024-12-14,Pinterest,368.77,402,39669
2024-12-15,Google,4697.63,2954,65964
2024-12-15,Influencer,400.0,0,0
2024-12-15,Meta,2724.65,4097,107665
2024-12-15,Mountain,1035.45,95,0
2024-12-15,Pinterest,380.08,467,40477
2024-12-16,Google,3692.56,2271,48953
2024-12-16,Influencer,1000.0,0,0
2024-12-16,Meta,2598.86,4232,108784
2024-12-16,Mountain,731.71,59,0
2024-12-16,Pinterest,364.61,504,38857
2024-12-16,TikTok,0.0,0,0
2024-12-17,Google,4426.02,2358,48069
2024-12-17,Meta,2497.3,4115,111987
2024-12-17,Mountain,661.27,108,0
2024-12-17,Pinterest,353.03,450,40767
2024-12-18,Google,4025.5,2455,48883
2024-12-18,Meta,2439.82,3963,104670
2024-12-18,Mountain,843.51,100,0
2024-12-18,Pinterest,366.31,446,41517
2024-12-19,Google,4827.8,2705,51788
2024-12-19,Meta,2152.57,2560,82762
2024-12-19,Mountain,1418.76,113,0
2024-12-19,Pinterest,380.2,425,38407
2024-12-19,TikTok,0.0,0,0
2024-12-20,Google,4282.63,3318,70597
2024-12-20,Meta,2409.79,2262,101330
2024-12-20,Mountain,753.34,73,0
2024-12-20,Pinterest,358.24,506,37918
2024-12-21,Google,3315.14,3020,71365
2024-12-21,Meta,2305.83,2383,96001
2024-12-21,Mountain,1152.29,80,0
2024-12-21,Pinterest,384.76,526,37774
2024-12-22,Google,4435.29,3529,73761
2024-12-22,Meta,2967.5,3365,125638
2024-12-22,Mountain,1066.24,107,0
2024-12-22,Pinterest,374.15,623,44763
2024-12-23,Google,3455.29,3579,76460
2024-12-23,Influencer,405.0,0,0
2024-12-23,Meta,2582.49,2988,128478
2024-12-23,Mountain,709.61,93,0
2024-12-23,Pinterest,372.47,595,50306
2024-12-23,TikTok,0.0,0,0
2024-12-24,Google,4157.39,3074,83615
2024-12-24,Meta,2585.66,3120,138743
2024-12-24,Mountain,443.79,40,0
2024-12-24,Pinterest,359.18,570,47313
2024-12-25,Google,3973.93,3101,67998
2024-12-25,Meta,2550.83,3383,147986
2024-12-25,Mountain,810.26,63,0
2024-12-25,Pinterest,378.94,452,42511
2024-12-26,Google,3817.92,3421,76374
2024-12-26,Influencer,950.0,0,0
2024-12-26,Meta,2551.45,3278,132724
2024-12-26,Mountain,724.42,120,0
2024-12-26,Pinterest,372.63,603,52606
2024-12-27,Google,3566.65,3872,74304
2024-12-27,Meta,2345.01,2839,122616
2024-12-27,Mountain,758.0,127,0
2024-12-27,Pinterest,360.77,717,54859
2024-12-28,Google,3718.2,3597,67735
2024-12-28,Meta,2483.76,3228,131537
2024-12-28,Mountain,172.61,80,0
2024-12-28,Pinterest,371.87,699,64652
2024-12-29,Google,3500.48,3502,77401
2024-12-29,Meta,2791.64,3623,148615
2024-12-29,Mountain,194.64,45,0
2024-12-29,Pinterest,374.64,740,73683
2024-12-30,Google,4439.58,3225,160046
2024-12-30,Meta,3830.93,4807,217594
2024-12-30,Mountain,154.55,50,0
2024-12-30,Pinterest,375.02,649,82329
2024-12-31,Google,5260.35,3552,236414
2024-12-31,Influencer,270.0,0,0
2024-12-31,Meta,4358.26,6316,280205
2024-12-31,Mountain,864.33,80,0
2024-12-31,Pinterest,567.23,813,119222
2024-12-31,TikTok,46.82,92,10591
2025-01-01,Google,6595.33,4129,324532
2025-01-01,Meta,4183.96,8227,349645
2025-01-01,Mountain,801.89,60,0
2025-01-01,Pinterest,577.15,1076,188045
2025-01-01,TikTok,124.89,297,11971
2025-01-02,Google,7286.06,4885,256164
2025-01-02,Meta,4595.64,7791,372444
2025-01-02,Mountain,398.47,15,0
2025-01-02,Pinterest,571.53,1178,182762
2025-01-02,TikTok,123.98,265,8160
2025-01-03,Google,7547.1,5004,277295
2025-01-03,Meta,4734.85,8362,378736
2025-01-03,Mountain,818.94,66,0
2025-01-03,Pinterest,560.95,1133,152851
2025-01-03,TikTok,94.69,139,10522
2025-01-04,Google,8156.53,5377,340750
2025-01-04,Meta,3999.17,7297,316340
2025-01-04,Mountain,1033.26,115,0
2025-01-04,Pinterest,562.65,1164,163016
2025-01-04,TikTok,109.27,199,8893
2025-01-05,Google,5737.71,4338,272960
2025-01-05,Meta,5100.87,9885,395686
2025-01-05,Mountain,1168.12,137,0
2025-01-05,Pinterest,574.88,1180,177535
2025-01-05,TikTok,113.22,225,9062
2025-01-06,Google,6483.15,4058,274970
2025-01-06,Meta,4782.61,8647,361590
2025-01-06,Mountain,1116.56,147,0
2025-01-06,Pinterest,566.12,961,197542
2025-01-06,TikTok,99.39,174,9152
2025-01-07,Google,5705.14,3508,242949
2025-01-07,Meta,4521.19,7183,321309
2025-01-07,Mountain,1115.01,152,0
2025-01-07,Pinterest,572.14,924,208223
2025-01-07,TikTok,95.2,138,10084
2025-01-08,Google,5867.22,3190,190191
2025-01-08,Meta,4424.11,4454,261759
2025-01-08,Mountain,1082.44,177,0
2025-01-08,Pinterest,406.41,599,241694
2025-01-08,TikTok,79.42,119,6797
2025-01-09,Google,5147.48,3548,90031
2025-01-09,Meta,3881.11,4687,210276
2025-01-09,Mountain,343.94,90,0
2025-01-09,Pinterest,358.94,422,231712
2025-01-09,TikTok,0.0,0,0
2025-01-10,Google,5385.9,5537,140161
2025-01-10,Influencer,1270.0,0,0
2025-01-10,Meta,3761.7,4905,215478
2025-01-10,Mountain,285.45,79,0
2025-01-10,Pinterest,354.25,432,199221
2025-01-10,TikTok,0.0,0,0
2025-01-11,Google,5502.91,17466,379619
2025-01-11,Meta,3849.23,4245,226730
2025-01-11,Mountain,299.04,100,0
2025-01-11,Pinterest,333.18,694,168282
2025-01-11,TikTok,0.0,0,0
2025-01-12,Google,4486.24,10817,217954
2025-01-12,Influencer,400.0,0,0
2025-01-12,Meta,3932.23,4190,230877
2025-01-12,Mountain,437.95,148,0
2025-01-12,Pinterest,355.85,684,173452
2025-01-12,TikTok,0.0,0,0
2025-01-13,Google,2889.78,3657,76826
2025-01-13,Meta,3693.05,2738,208514
2025-01-13,Pinterest,347.52,606,164039
2025-01-13,TikTok,0.0,0,0
2025-01-14,Google,3782.19,3905,99130
2025-01-14,Meta,3254.83,3027,181454
2025-01-14,Pinterest,359.81,464,168931
2025-01-14,TikTok,0.0,0,0
2025-01-15,Google,3047.07,3590,75684
2025-01-15,Influencer,650.0,0,0
2025-01-15,Meta,2347.59,3660,144752
2025-01-15,Pinterest,338.59,460,164266
2025-01-15,TikTok,0.0,0,0
2025-01-16,Google,3992.36,4227,76754
2025-01-16,Meta,2156.77,3444,133716
2025-01-16,Pinterest,358.29,475,150326
2025-01-16,TikTok,0.0,0,0
2025-01-17,Google,2873.54,3590,63310
2025-01-17,Meta,2067.19,3051,124908
2025-01-17,Pinterest,346.13,478,148849
2025-01-17,TikTok,0.0,0,0
2025-01-18,Google,3512.93,4036,98956
2025-01-18,Meta,2132.5,3681,125862
2025-01-18,Pinterest,343.8,503,154282
2025-01-18,TikTok,0.0,0,0
2025-01-19,Google,3079.55,3925,126096
2025-01-19,Meta,2348.53,3711,159292
2025-01-19,Pinterest,338.39,612,188734
2025-01-19,TikTok,0.0,0,0
2025-01-20,Google,3530.89,3548,124560
2025-01-20,Influencer,4000.0,0,0
2025-01-20,Meta,2380.27,3651,169285
2025-01-20,Pinterest,362.5,620,160584
2025-01-20,TikTok,0.0,0,0
2025-01-21,Google,4171.22,3762,134682
2025-01-21,Influencer,385.0,0,0
2025-01-21,Meta,2321.43,3196,171123
2025-01-21,Pinterest,355.36,481,159466
2025-01-21,TikTok,0.0,0,0
2025-01-22,Google,3797.44,3624,130503
2025-01-22,Meta,2343.08,3264,167663
2025-01-22,Pinterest,341.14,423,161169
2025-01-22,TikTok,0.0,0,0
2025-01-23,Google,3084.77,3510,125474
2025-01-23,Influencer,800.0,0,0
2025-01-23,Meta,2225.66,3242,151718
2025-01-23,Pinterest,352.93,435,151066
2025-01-23,TikTok,0.0,0,0
2025-01-24,Google,2686.66,2861,106325
2025-01-24,Meta,2502.3,4573,204481
2025-01-24,Pinterest,353.8,430,132712
2025-01-24,TikTok,0.0,0,0
2025-01-25,Google,3027.67,3306,106766
2025-01-25,Meta,2716.79,5508,211022
2025-01-25,Pinterest,345.88,524,149190
2025-01-25,TikTok,0.0,0,0
2025-01-26,Google,2486.87,2355,89685
2025-01-26,Meta,2409.33,5020,180464
2025-01-26,Pinterest,348.49,584,144120
2025-01-26,TikTok,0.0,0,0
2025-01-27,Google,2260.62,1617,99773
2025-01-27,Meta,2782.6,5287,210608
2025-01-27,Pinterest,344.72,566,141482
2025-01-27,TikTok,0.0,0,0
2025-01-28,Google,2250.52,1368,97454
2025-01-28,Influencer,2050.0,0,0
2025-01-28,Meta,2756.57,4767,193377
2025-01-28,Pinterest,361.9,565,139454
2025-01-29,Google,2597.8,1814,114105
2025-01-29,Meta,2617.15,5215,191484
2025-01-29,Pinterest,353.92,473,145761
2025-01-29,TikTok,0.0,0,0
2025-01-30,Google,2881.7,1976,110596
2025-01-30,Influencer,850.0,0,0
2025-01-30,Meta,2986.25,5629,206071
2025-01-30,Pinterest,370.68,464,138530
2025-01-30,TikTok,0.0,0,0
2025-01-31,Google,4726.82,2745,151440
2025-01-31,Influencer,2000.0,0,0
2025-01-31,Meta,3513.86,6010,244953
2025-01-31,Pinterest,562.83,535,170728
2025-02-01,Google,5256.4,3152,186720
2025-02-01,Influencer,1500.0,0,0
2025-02-01,Meta,3536.86,6810,278073
2025-02-01,Pinterest,537.94,679,186175
2025-02-01,TikTok,0.0,0,0
2025-02-02,Google,5622.03,3705,179378
2025-02-02,Meta,4040.44,7382,306412
2025-02-02,Pinterest,555.3,773,188390
2025-02-03,Google,5096.3,3180,143218
2025-02-03,Meta,3734.04,6380,273025
2025-02-03,Pinterest,543.94,696,159804
2025-02-03,TikTok,0.0,0,0
2025-02-04,Google,4651.5,2852,102019
2025-02-04,Meta,3138.69,5267,221139
2025-02-04,Pinterest,558.75,614,155400
2025-02-05,Google,5918.89,3662,105253
2025-02-05,Meta,3099.47,4805,213468
2025-02-05,Pinterest,546.83,500,134466
2025-02-06,Google,5927.02,3968,104344
2025-02-06,Meta,3229.28,5067,212178
2025-02-06,Mountain,967.88,133,0
2025-02-06,Pinterest,564.85,594,141085
2025-02-07,Google,6154.17,3342,107246
2025-02-07,Influencer,700.0,0,0
2025-02-07,Meta,3411.33,4967,208403
2025-02-07,Mountain,3544.83,202,0
2025-02-07,Pinterest,852.62,1011,170655
2025-02-08,Google,7043.23,5345,190667
2025-02-08,Meta,3324.86,5070,210054
2025-02-08,Mountain,3358.57,291,0
2025-02-08,Pinterest,730.43,1338,201475
2025-02-09,Google,6963.16,5648,214834
2025-02-09,Meta,3568.39,5378,230061
2025-02-09,Mountain,3624.67,317,0
2025-02-09,Pinterest,745.25,1405,220677
2025-02-10,Google,5658.51,3537,166128
2025-02-10,Meta,2936.09,3762,193319
2025-02-10,Mountain,3107.01,338,0
2025-02-10,Pinterest,747.49,1274,218225
2025-02-11,Google,4548.14,2974,154526
2025-02-11,Meta,2625.81,3188,167171
2025-02-11,Mountain,1243.67,254,0
2025-02-11,Pinterest,560.75,975,182635
2025-02-12,Google,4937.92,3300,162350
2025-02-12,Meta,2727.24,3553,190500
2025-02-12,Mountain,1409.85,317,0
2025-02-12,Pinterest,562.5,1471,211276
2025-02-13,Google,3484.79,2023,196325
2025-02-13,Meta,2536.92,3741,183692
2025-02-13,Mountain,1605.0,391,0
2025-02-13,Pinterest,522.4,1110,174899
2025-02-14,Google,6120.43,3295,158310
2025-02-14,Influencer,3010.0,0,0
2025-02-14,Meta,2640.91,3536,185365
2025-02-14,Mountain,1487.84,350,0
2025-02-14,Pinterest,554.57,1043,210877
2025-02-15,Google,5486.64,3520,155664
2025-02-15,Meta,2676.83,3749,175412
2025-02-15,Mountain,1488.21,371,0
2025-02-15,Pinterest,548.84,1139,249691
2025-02-15,TikTok,0.0,0,0
2025-02-16,Google,6256.42,3884,166782
2025-02-16,Influencer,385.0,0,0
2025-02-16,Meta,3899.3,5314,283093
2025-02-16,Mountain,1484.08,379,0
2025-02-16,Pinterest,555.38,1558,284845
2025-02-16,TikTok,0.0,0,0
2025-02-17,Google,7058.61,3664,145220
2025-02-17,Meta,3504.23,5219,236430
2025-02-17,Mountain,1786.4,410,0
2025-02-17,Pinterest,552.3,1286,293062
2025-02-18,Google,6126.66,3304,198408
2025-02-18,Influencer,1000.0,0,0
2025-02-18,Meta,3480.07,3978,209938
2025-02-18,Mountain,2246.27,474,0
2025-02-18,Pinterest,540.5,1164,247873
2025-02-19,Google,5955.53,3161,122632
2025-02-19,Influencer,450.0,0,0
2025-02-19,Meta,3235.55,3761,217215
2025-02-19,Mountain,2068.09,492,0
2025-02-19,Pinterest,546.43,1156,252468
2025-02-20,Google,4648.15,3118,120505
2025-02-20,Meta,2980.89,3425,195024
2025-02-20,Mountain,1877.72,506,0
2025-02-20,Pinterest,542.2,883,241901
2025-02-21,Google,6101.56,3839,125832
2025-02-21,Meta,2944.65,3130,192274
2025-02-21,Mountain,1966.65,448,0
2025-02-21,Pinterest,562.41,926,219287
2025-02-22,Google,6760.03,3966,123808
2025-02-22,Meta,2814.46,3236,178090
2025-02-22,Mountain,2299.24,423,0
2025-02-22,Pinterest,550.37,994,243551
2025-02-23,Google,6808.5,4488,187515
2025-02-23,Meta,0.0,0,0
2025-02-23,Mountain,2036.0,359,0
2025-02-23,Pinterest,559.66,998,258144
2025-02-24,Google,4770.93,2795,91932
2025-02-24,Influencer,2500.0,0,0
2025-02-24,Meta,3868.22,4572,312018
2025-02-24,Mountain,2078.89,509,0
2025-02-24,Pinterest,558.04,1248,238018
2025-02-25,Google,4825.37,3083,91209
2025-02-25,Influencer,325.0,0,0
2025-02-25,Meta,4529.92,5438,302030
2025-02-25,Mountain,2225.14,530,0
2025-02-25,Pinterest,546.38,1025,220438
2025-02-26,Google,4612.42,3682,101561
2025-02-26,Meta,3787.77,5300,267195
2025-02-26,Mountain,2269.86,551,0
2025-02-26,Pinterest,535.44,901,208968
2025-02-26,TikTok,0.0,0,0
2025-02-27,Google,3823.09,3252,76266
2025-02-27,Meta,3863.74,5067,311813
2025-02-27,Mountain,2316.26,524,0
2025-02-27,Pinterest,561.13,703,181709
2025-02-28,Google,4261.79,4016,114463
2025-02-28,Influencer,2280.0,0,0
2025-02-28,Meta,3490.02,4733,324282
2025-02-28,Mountain,2358.74,480,0
2025-02-28,Pinterest,543.85,700,159654
2025-03-01,Google,4941.01,4802,138922
2025-03-01,Influencer,2110.0,0,0
2025-03-01,Meta,3538.01,4741,293518
2025-03-01,Mountain,1776.68,424,0
2025-03-01,Pinterest,686.56,1031,220069
2025-03-02,Google,7078.03,5297,156644
2025-03-02,Meta,4017.17,6129,335558
2025-03-02,Mountain,3170.53,548,0
2025-03-02,Pinterest,1130.44,1864,355892
2025-03-03,Google,6900.78,6160,158360
2025-03-03,Influencer,650.0,0,0
2025-03-03,Meta,3767.96,4741,313874
2025-03-03,Mountain,2613.08,759,0
2025-03-03,Pinterest,1116.33,1888,327089
2025-03-04,Criteo,9.58,12,2514
2025-03-04,Google,7108.36,5297,151931
2025-03-04,Influencer,125.0,0,0
2025-03-04,Meta,4499.54,5218,373115
2025-03-04,Mountain,2925.01,968,0
2025-03-04,Pinterest,300.78,811,105699
2025-03-05,Criteo,122.41,219,72755
2025-03-05,Google,6611.48,4101,98568
2025-03-05,Meta,4411.77,5187,365142
2025-03-05,Mountain,1606.95,521,0
2025-03-05,Pinterest,1051.29,1003,244607
2025-03-06,Criteo,655.02,1008,356803
2025-03-06,Google,8045.15,4063,132336
2025-03-06,Meta,4380.69,5398,296100
2025-03-06,Mountain,1026.91,296,0
2025-03-06,Pinterest,1341.12,1866,353444
2025-03-07,Criteo,337.48,574,109671
2025-03-07,Google,9167.06,4788,110228
2025-03-07,Meta,4659.97,5623,325805
2025-03-07,Mountain,1108.61,451,0
2025-03-07,Pinterest,1335.79,1583,313291
2025-03-07,TikTok,0.0,0,0
2025-03-08,Criteo,339.57,1140,175472
2025-03-08,Google,11891.86,5775,166251
2025-03-08,Meta,6624.57,7662,411380
2025-03-08,Mountain,2063.47,457,0
2025-03-08,Pinterest,1829.43,2332,397197
2025-03-09,Criteo,340.41,1228,145872
2025-03-09,Google,14176.16,7244,224768
2025-03-09,Meta,8873.96,9649,512707
2025-03-09,Mountain,1931.4,720,0
2025-03-09,Pinterest,2543.23,2553,501682
2025-03-10,Criteo,348.48,1716,141370
2025-03-10,Google,13057.54,5717,174329
2025-03-10,Influencer,6920.0,0,0
2025-03-10,Meta,9066.14,8774,523414
2025-03-10,Mountain,3030.46,654,0
2025-03-10,Pinterest,2318.8,3088,500611
2025-03-11,Criteo,451.86,956,247208
2025-03-11,Google,11177.98,5249,163383
2025-03-11,Meta,8804.64,8172,503153
2025-03-11,Mountain,3115.07,772,0
2025-03-11,Pinterest,1771.35,1997,377083
2025-03-12,Criteo,428.57,590,267238
2025-03-12,Google,11433.43,5784,173591
2025-03-12,Influencer,1200.0,0,0
2025-03-12,Meta,8802.37,8326,499438
2025-03-12,Mountain,3958.62,963,0
2025-03-12,Pinterest,1834.22,2739,505513
2025-03-13,Criteo,644.49,957,400975
2025-03-13,Google,11000.31,5617,174933
2025-03-13,Influencer,650.0,0,0
2025-03-13,Meta,8536.12,7940,503404
2025-03-13,Mountain,4553.71,884,0
2025-03-13,Pinterest,1875.31,2656,490367
2025-03-14,Criteo,622.62,1066,588933
2025-03-14,Google,9709.89,5620,189558
2025-03-14,Influencer,2500.0,0,0
2025-03-14,Meta,8922.61,8346,566011
2025-03-14,Mountain,4076.51,943,0
2025-03-14,Pinterest,1826.56,2309,486802
2025-03-15,Criteo,651.51,1417,531684
2025-03-15,Google,10616.54,6902,189165
2025-03-15,Meta,8954.23,8689,583972
2025-03-15,Mountain,4189.1,1024,0
2025-03-15,Pinterest,1810.09,2486,502156
2025-03-16,Criteo,669.51,1818,632589
2025-03-16,Google,12414.6,7271,200301
2025-03-16,Influencer,485.0,0,0
2025-03-16,Meta,2223.02,1965,109296
2025-03-16,Mountain,6308.4,868,0
2025-03-16,Pinterest,1878.87,2625,528674
2025-03-17,Criteo,667.61,1140,487385
2025-03-17,Google,10793.22,5692,177369
2025-03-17,Influencer,1000.0,0,0
2025-03-17,Meta,6972.42,6961,480755
2025-03-17,Mountain,6859.49,842,0
2025-03-17,Pinterest,1868.55,2435,492666
2025-03-18,Criteo,668.79,1589,498845
2025-03-18,Google,11237.81,5323,167814
2025-03-18,Influencer,100.0,0,0
2025-03-18,Meta,9818.54,9085,590498
2025-03-18,Mountain,5558.98,693,0
2025-03-18,Pinterest,1801.01,2266,453419
2025-03-19,Criteo,669.9,1953,436983
2025-03-19,Google,10129.97,5637,186267
2025-03-19,Influencer,4000.0,0,0
2025-03-19,Meta,10575.12,9941,666569
2025-03-19,Mountain,7042.46,965,0
2025-03-19,Pinterest,1917.19,2184,431114
2025-03-20,Criteo,618.83,1347,355818
2025-03-20,Google,11722.54,5860,173325
2025-03-20,Influencer,400.0,0,0
2025-03-20,Meta,10006.55,9218,631254
2025-03-20,Mountain,6836.02,544,0
2025-03-20,Pinterest,1875.62,1990,280787
2025-03-21,Criteo,668.76,1684,342123
2025-03-21,Google,10381.44,5241,159371
2025-03-21,Meta,10635.57,15057,776448
2025-03-21,Mountain,8141.38,855,0
2025-03-21,Pinterest,1613.4,1721,248940
2025-03-22,Criteo,535.36,1406,223784
2025-03-22,Google,9425.63,6089,198643
2025-03-22,Meta,10744.67,22297,972468
2025-03-22,Mountain,10443.68,1013,0
2025-03-22,Pinterest,1655.67,1999,206770
2025-03-23,Criteo,640.01,2848,796580
2025-03-23,Google,11517.61,6878,180470
2025-03-23,Influencer,280.0,0,0
2025-03-23,Meta,10464.49,17461,805033
2025-03-23,Mountain,10624.32,1097,0
2025-03-23,Pinterest,1784.31,3060,233037
2025-03-23,TikTok,0.0,0,0
2025-03-24,Criteo,669.16,3158,899027
2025-03-24,Google,12793.02,6274,188680
2025-03-24,Meta,10521.54,16759,919376
2025-03-24,Mountain,9929.98,972,0
2025-03-24,Pinterest,1922.04,2825,224569
2025-03-25,Criteo,738.03,2669,915613
2025-03-25,Google,7969.33,5117,153220
2025-03-25,Influencer,1050.0,0,0
2025-03-25,Meta,10535.06,15299,938165
2025-03-25,Mountain,10323.24,1292,0
2025-03-25,Pinterest,1668.48,2360,184396
2025-03-26,Criteo,903.84,2385,595479
2025-03-26,Google,5259.69,3533,110192
2025-03-26,Meta,9528.85,15662,697828
2025-03-26,Mountain,6316.93,1181,0
2025-03-26,Pinterest,1101.97,1537,136436
2025-03-27,Criteo,1224.4,2777,720515
2025-03-27,Google,5814.21,3659,111686
2025-03-27,Influencer,500.0,0,0
2025-03-27,Meta,7522.3,13227,543101
2025-03-27,Mountain,3960.18,933,0
2025-03-27,Pinterest,1300.59,1702,138615
2025-03-28,Criteo,1292.96,6006,1875970
2025-03-28,Google,6649.65,4614,127768
2025-03-28,Influencer,180.0,0,0
2025-03-28,Meta,9259.94,14874,634024
2025-03-28,Mountain,9306.07,1055,0
2025-03-28,Pinterest,1259.47,1669,179793
2025-03-29,Criteo,1097.58,5274,1825174
2025-03-29,Google,10071.76,5797,140003
2025-03-29,Meta,10144.07,19010,697211
2025-03-29,Mountain,7739.44,1131,0
2025-03-29,Pinterest,1277.0,1978,167926
2025-03-30,Criteo,871.92,2928,609646
2025-03-30,Google,8515.64,5679,117057
2025-03-30,Influencer,887.5,0,0
2025-03-30,Meta,11392.59,20192,817786
2025-03-30,Mountain,7621.28,1472,0
2025-03-30,Pinterest,1260.34,2159,204518
2025-03-31,Criteo,0.52,33,278
2025-03-31,Google,8996.34,6967,193988
2025-03-31,Influencer,325.0,0,0
2025-03-31,Meta,14791.47,21100,1075151
2025-03-31,Mountain,17582.06,1577,0
2025-03-31,Pinterest,1271.07,1803,251790
2025-04-01,Criteo,1370.55,2197,723134
2025-04-01,Google,12818.27,7209,226409
2025-04-01,Influencer,3482.9,0,0
2025-04-01,Meta,13389.42,21292,1086504
2025-04-01,Mountain,3653.48,461,0
2025-04-01,Pinterest,1235.91,1809,299826
2025-04-02,Criteo,351.62,338,104338
2025-04-02,Google,13678.01,7535,236571
2025-04-02,Influencer,4340.0,0,0
2025-04-02,Meta,11362.0,14725,842674
2025-04-02,Mountain,6602.01,1310,0
2025-04-02,Pinterest,1252.87,1820,269091
2025-04-03,Criteo,1189.81,4513,844833
2025-04-03,Google,14515.14,7849,288998
2025-04-03,Influencer,3500.0,0,0
2025-04-03,Meta,8580.22,10337,574306
2025-04-03,Mountain,6532.56,1096,0
2025-04-03,Pinterest,1139.63,1599,241281
2025-04-04,Criteo,1266.12,6907,904526
2025-04-04,Google,12303.55,7303,256151
2025-04-04,Meta,8299.52,9987,566520
2025-04-04,Mountain,6864.81,1221,0
2025-04-04,Pinterest,1300.56,1944,264870
2025-04-05,Criteo,912.49,5328,923160
2025-04-05,Google,15452.76,8931,306489
2025-04-05,Meta,8421.08,10856,548683
2025-04-05,Mountain,6175.73,1202,0
2025-04-05,Pinterest,1245.49,2107,228798
2025-04-06,Criteo,1297.23,8420,1017687
2025-04-06,Google,14392.9,9658,314708
2025-04-06,Influencer,1040.0,0,0
2025-04-06,Meta,9863.45,12708,640521
2025-04-06,Mountain,5732.86,1187,0
2025-04-06,Pinterest,1249.86,2545,226710
2025-04-07,Criteo,1291.23,7416,1390048
2025-04-07,Google,13763.37,8930,297245
2025-04-07,Influencer,4300.0,0,0
2025-04-07,Meta,9325.68,11567,599141
2025-04-07,Mountain,6104.74,1323,0
2025-04-07,Pinterest,1252.4,2289,215893
2025-04-08,Criteo,816.13,3189,624739
2025-04-08,Google,14696.02,9782,295942
2025-04-08,Meta,8962.59,10364,553528
2025-04-08,Mountain,6081.94,1296,0
2025-04-08,Pinterest,1238.01,2001,213162
2025-04-09,Criteo,1128.45,2933,619964
2025-04-09,Google,11857.74,9186,322542
2025-04-09,Influencer,2400.0,0,0
2025-04-09,Meta,9041.45,10121,549000
2025-04-09,Mountain,6559.17,1414,0
2025-04-09,Pinterest,1259.93,1762,238403
2025-04-10,Criteo,2028.88,7105,2134463
2025-04-10,Google,14486.04,9186,368009
2025-04-10,Meta,8093.14,9083,435780
2025-04-10,Mountain,6621.24,1092,0
2025-04-10,Pinterest,1261.57,1738,232011
2025-04-11,Criteo,2274.33,8308,2941125
2025-04-11,Google,13362.7,8936,365957
2025-04-11,Influencer,450.0,0,0
2025-04-11,Meta,8516.58,9945,460001
2025-04-11,Mountain,6493.28,1120,0
2025-04-11,Pinterest,1107.06,1865,232232
2025-04-12,Criteo,1249.65,2903,1925594
2025-04-12,Google,18014.03,11563,353617
2025-04-12,Influencer,650.0,0,0
2025-04-12,Meta,8147.5,11253,484495
2025-04-12,Mountain,6632.06,918,0
2025-04-12,Pinterest,1337.01,2172,235717
2025-04-12,TikTok,0.0,0,0
2025-04-13,Criteo,2076.41,5358,5165127
2025-04-13,Google,14934.28,9959,264423
2025-04-13,Meta,9665.63,13093,590158
2025-04-13,Mountain,6612.28,932,0
2025-04-13,Pinterest,1253.21,2320,221151
2025-04-14,Criteo,2380.19,7057,8338781
2025-04-14,Google,14117.08,9495,280145
2025-04-14,Meta,4669.49,8628,402661
2025-04-14,Mountain,6558.16,823,0
2025-04-14,Pinterest,1231.06,2142,203027
2025-04-15,Criteo,2175.74,7706,7409845
2025-04-15,Google,14940.75,9856,296578
2025-04-15,Influencer,4985.0,0,0
2025-04-15,Meta,6908.16,10290,494355
2025-04-15,Mountain,6730.39,871,0
2025-04-15,Pinterest,1229.72,2234,189850
2025-04-16,Criteo,1174.19,5068,1840068
2025-04-16,Google,11846.31,8444,358910
2025-04-16,Meta,8013.29,11572,652953
2025-04-16,Mountain,6279.67,831,0
2025-04-16,Pinterest,626.39,1435,111012
2025-04-17,Criteo,1711.19,8539,1887118
2025-04-17,Google,9190.2,7093,208113
2025-04-17,Influencer,6750.0,0,0
2025-04-17,Meta,8419.73,12381,640935
2025-04-17,Mountain,4970.7,502,0
2025-04-17,Pinterest,617.66,1432,121685
2025-04-18,Criteo,1569.3,8165,1471398
2025-04-18,Google,8738.62,7271,192950
2025-04-18,Influencer,3950.0,0,0
2025-04-18,Meta,9688.17,11627,598688
2025-04-18,Mountain,3803.43,386,0
2025-04-18,Pinterest,769.32,883,122727
2025-04-19,Criteo,1265.89,6035,991155
2025-04-19,Google,10052.27,7434,176800
2025-04-19,Meta,9194.7,10666,496907
2025-04-19,Mountain,5697.57,449,0
2025-04-19,Pinterest,919.84,374,136351
2025-04-20,Criteo,1356.17,5078,498221
2025-04-20,Google,8470.05,6766,183476
2025-04-20,Meta,10666.03,13234,666082
2025-04-20,Mountain,3818.0,492,0
2025-04-20,Pinterest,971.61,360,148096
2025-04-21,Criteo,1013.49,1616,368513
2025-04-21,Google,7681.45,5330,134341
2025-04-21,Meta,7866.46,9295,479158
2025-04-21,Mountain,3540.12,457,0
2025-04-21,Pinterest,941.29,326,146436
2025-04-22,Criteo,768.91,3698,638186
2025-04-22,Google,3533.25,2682,73871
2025-04-22,Meta,3656.07,4372,235528
2025-04-22,Mountain,1001.83,180,0
2025-04-22,Pinterest,842.39,182,130621
2025-04-23,Criteo,1352.02,8397,2388434
2025-04-23,Google,3651.37,3025,108024
2025-04-23,Influencer,2000.0,0,0
2025-04-23,Meta,2925.58,3316,170425
2025-04-23,Pinterest,1002.9,271,157815
2025-04-24,Criteo,1291.19,6362,1025020
2025-04-24,Google,3917.72,2656,78687
2025-04-24,Influencer,4750.0,0,0
2025-04-24,Meta,3671.15,4587,261781
2025-04-24,Pinterest,947.09,276,154762
2025-04-25,Criteo,787.6,2362,391880
2025-04-25,Google,3222.14,3219,160764
2025-04-25,Influencer,1500.0,0,0
2025-04-25,Meta,3719.24,4617,257979
2025-04-25,Pinterest,463.03,153,75043
2025-04-26,Criteo,615.11,2558,789367
2025-04-26,Google,4910.6,3588,95457
2025-04-26,Influencer,350.0,0,0
2025-04-26,Meta,3211.47,6491,361221
2025-04-26,Mountain,88.65,21,0
2025-04-26,Pinterest,459.4,194,70382
2025-04-27,Criteo,952.95,3438,775802
2025-04-27,Google,5109.75,3821,87834
2025-04-27,Meta,4197.34,7876,325441
2025-04-27,Mountain,1265.9,148,0
2025-04-27,Pinterest,479.42,282,66959
2025-04-28,Criteo,833.06,3223,526980
2025-04-28,Google,4041.61,2959,84914
2025-04-28,Influencer,590.0,0,0
2025-04-28,Meta,4041.36,6569,333068
2025-04-28,Mountain,798.64,147,0
2025-04-28,Pinterest,469.04,220,66228
2025-04-28,TikTok,0.0,0,0
2025-04-29,Criteo,917.47,3745,716278
2025-04-29,Google,4976.72,3143,103958
2025-04-29,Influencer,4950.0,0,0
2025-04-29,Meta,3757.77,6410,353695
2025-04-29,Mountain,798.25,117,0
2025-04-29,Pinterest,489.02,239,59817
2025-04-30,Criteo,829.34,2741,613227
2025-04-30,Google,5745.87,3884,137662
2025-04-30,Influencer,2770.0,0,0
2025-04-30,Meta,3884.96,6430,342249
2025-04-30,Mountain,1494.32,225,0
2025-04-30,Pinterest,418.62,200,54144
2025-05-01,Criteo,1607.54,4371,823815
2025-05-01,Google,3961.99,2755,94124
2025-05-01,Influencer,2552.96,0,0
2025-05-01,Meta,3742.7,6606,314372
2025-05-01,Mountain,1181.08,116,0
2025-05-01,Pinterest,504.35,269,80639
2025-05-02,Criteo,1203.72,3730,593604
2025-05-02,Google,4317.56,2769,137445
2025-05-02,Meta,4222.72,6826,333866
2025-05-02,Mountain,210.42,20,0
2025-05-02,Pinterest,477.48,287,71159
2025-05-03,Criteo,0.41,107,367
2025-05-03,Google,4366.85,2599,86798
2025-05-03,Meta,4942.61,7353,347584
2025-05-03,Mountain,2006.78,158,0
2025-05-03,Pinterest,487.07,333,73823
2025-05-04,Criteo,0.0,0,0
2025-05-04,Google,4874.0,3308,141240
2025-05-04,Meta,5644.69,8636,387263
2025-05-04,Mountain,2235.53,309,0
2025-05-04,Pinterest,481.09,393,77202
2025-05-05,Criteo,0.0,0,1
2025-05-05,Google,3855.04,2195,102157
2025-05-05,Influencer,9500.0,0,0
2025-05-05,Meta,5475.09,8895,402537
2025-05-05,Mountain,1890.54,295,0
2025-05-05,Pinterest,480.14,319,72653
2025-05-06,Criteo,0.0,0,0
2025-05-06,Google,4310.33,2668,142997
2025-05-06,Meta,5319.25,9033,407655
2025-05-06,Mountain,2055.23,347,0
2025-05-06,Pinterest,478.17,249,75090
2025-05-06,TikTok,0.0,0,0
2025-05-07,Criteo,0.0,0,0
2025-05-07,Google,4042.35,2646,100725
2025-05-07,Influencer,1500.0,0,0
2025-05-07,Meta,4389.95,6461,292925
2025-05-07,Mountain,1954.01,374,0
2025-05-07,Pinterest,476.44,273,69162
2025-05-08,Criteo,0.0,0,0
2025-05-08,Google,4100.34,2469,128229
2025-05-08,Influencer,750.0,0,0
2025-05-08,Meta,4356.17,5907,236473
2025-05-08,Mountain,2227.56,468,0
2025-05-08,Pinterest,457.83,294,54032
2025-05-08,TikTok,0.0,0,0
2025-05-09,Google,4219.81,2516,121414
2025-05-09,Influencer,350.0,0,0
2025-05-09,Meta,3432.73,4477,211823
2025-05-09,Mountain,2113.85,335,0
2025-05-09,Pinterest,437.37,285,49870
2025-05-10,Criteo,0.0,0,0
2025-05-10,Google,4535.78,2835,117957
2025-05-10,Influencer,2000.0,0,0
2025-05-10,Meta,3336.32,4652,220102
2025-05-10,Mountain,2648.12,400,0
2025-05-10,Pinterest,514.0,433,60721
2025-05-10,TikTok,0.0,0,0
2025-05-11,Criteo,0.0,0,0
2025-05-11,Google,5045.13,3224,86704
2025-05-11,Influencer,5400.0,0,0
2025-05-11,Meta,3933.84,5532,266156
2025-05-11,Mountain,2601.81,501,0
2025-05-11,Pinterest,480.24,388,62031
2025-05-12,Criteo,0.0,0,0
2025-05-12,Google,4487.83,2955,126477
2025-05-12,Influencer,1425.0,0,0
2025-05-12,Meta,3934.05,5301,259985
2025-05-12,Mountain,2328.3,456,0
2025-05-12,Pinterest,480.48,344,68758
2025-05-13,Google,5664.08,3451,123001
2025-05-13,Influencer,180.0,0,0
2025-05-13,Meta,4549.38,6417,293702
2025-05-13,Mountain,1661.92,202,0
2025-05-13,Pinterest,463.68,302,69446
2025-05-14,Google,4492.61,2938,88683
2025-05-14,Influencer,2850.0,0,0
2025-05-14,Meta,4353.12,5991,267590
2025-05-14,Mountain,4258.81,523,0
2025-05-14,Pinterest,488.43,292,66371
2025-05-15,Criteo,0.0,0,0
2025-05-15,Google,4869.68,2922,103602
2025-05-15,Influencer,350.0,0,0
2025-05-15,Meta,4277.73,5758,252578
2025-05-15,Mountain,3242.58,657,0
2025-05-15,Pinterest,475.49,196,55464
2025-05-16,Criteo,0.0,0,0
2025-05-16,Google,4295.76,2796,84662
2025-05-16,Influencer,2299.0,0,0
2025-05-16,Meta,4289.39,5259,257102
2025-05-16,Mountain,3794.67,584,0
2025-05-16,Pinterest,429.91,134,40312
2025-05-17,Criteo,0.0,0,0
2025-05-17,Google,4573.91,3254,65956
2025-05-17,Meta,4916.82,6480,291387
2025-05-17,Mountain,3302.03,567,0
2025-05-17,Pinterest,506.77,382,48691
2025-05-18,Criteo,0.0,0,0
2025-05-18,Google,4771.6,3237,108604
2025-05-18,Influencer,1130.0,0,0
2025-05-18,Meta,6078.09,8364,342227
2025-05-18,Mountain,2641.36,455,0
2025-05-18,Pinterest,486.25,480,41276
2025-05-19,Google,3812.05,2519,72861
2025-05-19,Influencer,450.0,0,0
2025-05-19,Meta,5077.43,6831,284495
2025-05-19,Pinterest,482.85,404,39066
2025-05-19,TikTok,0.0,0,0
2025-05-20,Criteo,0.0,0,0
2025-05-20,Google,4157.01,2370,55627
2025-05-20,Influencer,1850.0,0,0
2025-05-20,Meta,4470.95,5459,243398
2025-05-20,Pinterest,460.72,441,36106
2025-05-21,Criteo,0.0,0,0
2025-05-21,Google,3868.52,2367,64781
2025-05-21,Influencer,560.0,0,0
2025-05-21,Meta,3853.47,5213,222482
2025-05-21,Pinterest,483.16,431,44358
2025-05-22,Criteo,0.0,0,0
2025-05-22,Google,4197.03,2474,60641
2025-05-22,Meta,2694.53,4088,162142
2025-05-22,Pinterest,469.85,378,44038
2025-05-22,TikTok,0.0,0,0
2025-05-23,Criteo,0.0,0,0
2025-05-23,Google,3537.93,1982,45828
2025-05-23,Influencer,4950.0,0,0
2025-05-23,Meta,2334.37,3304,133147
2025-05-23,Pinterest,457.67,311,43262
2025-05-24,Google,3404.29,1958,55316
2025-05-24,Influencer,1000.0,0,0
2025-05-24,Meta,2925.24,3160,148435
2025-05-24,Pinterest,484.5,296,53776
2025-05-25,Criteo,0.0,0,0
2025-05-25,Google,3866.25,2337,91536
2025-05-25,Meta,2990.15,3400,152641
2025-05-25,Pinterest,475.78,209,63930
2025-05-26,Criteo,0.0,0,0
2025-05-26,Google,3476.67,2166,85206
2025-05-26,Meta,2907.3,3893,148524
2025-05-26,Pinterest,473.32,339,58195
2025-05-27,Criteo,0.0,0,0
2025-05-27,Google,3436.25,2067,77829
2025-05-27,Influencer,900.0,0,0
2025-05-27,Meta,2381.16,3327,126600
2025-05-27,Pinterest,482.96,347,52284
2025-05-28,Criteo,0.0,0,0
2025-05-28,Google,3461.88,1960,52180
2025-05-28,Meta,2491.37,3570,142664
2025-05-28,Pinterest,442.22,308,47166
2025-05-29,Criteo,0.0,0,0
2025-05-29,Google,3490.9,2092,42877
2025-05-29,Influencer,2100.0,0,0
2025-05-29,Meta,2627.8,3732,148698
2025-05-29,Pinterest,498.08,326,54344
2025-05-30,Criteo,0.0,0,0
2025-05-30,Google,3002.51,1800,36425
2025-05-30,Influencer,2350.0,0,0
2025-05-30,Meta,2184.67,3284,121999
2025-05-30,Pinterest,490.61,319,44249
2025-05-31,Criteo,0.0,0,0
2025-05-31,Google,3456.38,2137,39633
2025-05-31,Influencer,1005.0,0,0
2025-05-31,Meta,2294.42,3782,130805
2025-05-31,Pinterest,462.03,310,48522
2025-05-31,TikTok,0.0,0,0
2025-06-01,Criteo,0.0,0,0
2025-06-01,Google,3630.79,2475,41678
2025-06-01,Influencer,3571.0,0,0
2025-06-01,Meta,2964.42,4716,185188
2025-06-01,Pinterest,466.2,339,52010
2025-06-02,Criteo,0.0,0,0
2025-06-02,Google,3214.03,1936,24129
2025-06-02,Influencer,375.0,0,0
2025-06-02,Meta,2444.13,3162,153182
2025-06-02,Pinterest,471.15,337,48436
2025-06-03,Criteo,0.0,0,0
2025-06-03,Google,3725.76,2607,36385
2025-06-03,Influencer,950.0,0,0
2025-06-03,Meta,2263.42,2753,122769
2025-06-03,Pinterest,489.22,332,44686
2025-06-04,Criteo,0.0,0,0
2025-06-04,Google,4111.4,2479,33800
2025-06-04,Meta,2121.6,2638,114730
2025-06-04,Pinterest,451.99,401,38796
2025-06-05,Criteo,0.0,0,0
2025-06-05,Google,3161.54,1886,25785
2025-06-05,Influencer,1200.0,0,0
2025-06-05,Meta,2080.43,2503,116013
2025-06-05,Pinterest,496.34,463,41851
2025-06-06,Criteo,59.95,23,17246
2025-06-06,Google,2537.17,1748,23046
2025-06-06,Influencer,3550.0,0,0
2025-06-06,Meta,2052.14,2487,114312
2025-06-06,Pinterest,489.3,397,38319
2025-06-07,Criteo,794.3,627,163941
2025-06-07,Google,3328.62,2157,31444
2025-06-07,Meta,2968.94,3095,130366
2025-06-07,Pinterest,450.72,432,27183
2025-06-08,Criteo,812.21,2235,255992
2025-06-08,Google,4084.62,2394,36699
2025-06-08,Influencer,1015.0,0,0
2025-06-08,Meta,3081.16,3357,145706
2025-06-08,Pinterest,469.56,504,28639
2025-06-09,Criteo,801.11,5283,818236
2025-06-09,Google,3492.63,1976,37273
2025-06-09,Meta,2169.02,2149,109008
2025-06-09,Pinterest,480.96,491,35883
2025-06-10,Criteo,792.98,3648,603150
2025-06-10,Google,2891.24,1616,26898
2025-06-10,Influencer,1000.0,0,0
2025-06-10,Meta,2031.37,1772,85964
2025-06-10,Pinterest,483.31,345,36854
2025-06-11,Criteo,876.18,3429,653076
2025-06-11,Google,2653.94,1902,44203
2025-06-11,Meta,1864.49,1617,88441
2025-06-11,Pinterest,467.07,380,36186
2025-06-12,Criteo,996.32,3833,626533
2025-06-12,Google,1067.44,871,21380
2025-06-12,Influencer,1000.0,0,0
2025-06-12,Meta,1913.5,1619,88830
2025-06-12,Pinterest,488.94,433,39554
2025-06-13,Criteo,1100.02,4490,626851
2025-06-13,Google,1668.03,1176,27652
2025-06-13,Influencer,350.0,0,0
2025-06-13,Meta,1832.2,1714,89091
2025-06-13,Pinterest,467.85,356,33554
2025-06-14,Criteo,1563.88,5691,680237
2025-06-14,Google,2120.49,1609,43976
2025-06-14,Meta,1834.15,1678,90106
2025-06-14,Pinterest,467.3,384,33264
2025-06-15,Criteo,1669.56,4474,735891
2025-06-15,Google,1450.03,1091,20779
2025-06-15,Influencer,300.0,0,0
2025-06-15,Meta,2016.45,2336,104159
2025-06-15,Pinterest,476.99,394,31391
2025-06-16,Criteo,1589.19,5568,826092
2025-06-16,Google,1916.75,1613,34313
2025-06-16,Influencer,1475.0,0,0
2025-06-16,Meta,2086.4,2109,114558
2025-06-16,Pinterest,477.75,463,33549
2025-06-17,Criteo,1990.92,5806,774707
2025-06-17,Google,1352.95,1019,16822
2025-06-17,Influencer,1000.0,0,0
2025-06-17,Meta,1862.28,1586,101112
2025-06-17,Pinterest,486.35,367,37662
2025-06-18,Criteo,1961.63,6543,528014
2025-06-18,Google,1839.66,1569,27239
2025-06-18,Meta,1815.41,1571,99475
2025-06-18,Pinterest,466.3,424,33452
2025-06-18,TikTok,0.0,0,0
2025-06-19,Criteo,1910.35,6911,418424
2025-06-19,Google,2079.34,1578,29705
2025-06-19,Influencer,1500.0,0,0
2025-06-19,Meta,1445.68,1288,77967
2025-06-19,Pinterest,482.15,416,33614
2025-06-20,Criteo,1955.96,7322,409050
2025-06-20,Google,1785.43,1461,24389
2025-06-20,Meta,1541.08,1338,78984
2025-06-20,Pinterest,461.72,315,32484
2025-06-21,Criteo,1954.38,6969,424434
2025-06-21,Google,2541.69,1980,33276
2025-06-21,Meta,1860.11,1710,87586
2025-06-21,Pinterest,473.75,376,34422
2025-06-22,Criteo,2649.88,7430,593858
2025-06-22,Google,2396.05,2288,44848
2025-06-22,Meta,2210.44,2078,103939
2025-06-22,Pinterest,482.35,339,34686
2025-06-23,Criteo,2705.18,9231,498170
2025-06-23,Google,2484.82,2682,60817
2025-06-23,Influencer,2360.0,0,0
2025-06-23,Meta,1903.69,1713,99327
2025-06-23,Pinterest,477.56,345,47130
2025-06-24,Criteo,2581.47,9763,488698
2025-06-24,Google,2908.77,2572,62795
2025-06-24,Influencer,212.5,0,0
2025-06-24,Meta,1846.6,1641,100947
2025-06-24,Pinterest,473.72,294,34950
2025-06-24,TikTok,0.0,0,0
2025-06-25,Criteo,2511.1,7209,448709
2025-06-25,Google,2257.66,2358,52736
2025-06-25,Influencer,600.0,0,0
2025-06-25,Meta,2107.15,1803,105316
2025-06-25,Pinterest,474.25,315,31567
2025-06-26,Criteo,2604.88,6961,528223
2025-06-26,Google,2412.06,2450,59124
2025-06-26,Influencer,450.0,0,0
2025-06-26,Meta,2767.82,2388,128170
2025-06-26,Pinterest,476.66,401,36256
2025-06-27,Criteo,2606.42,7544,484647
2025-06-27,Google,2872.95,2617,57936
2025-06-27,Influencer,1275.0,0,0
2025-06-27,Meta,2621.84,2059,117046
2025-06-27,Pinterest,449.62,379,37250
2025-06-28,Criteo,2548.26,6218,443469
2025-06-28,Google,3461.58,3106,68146
2025-06-28,Influencer,1000.0,0,0
2025-06-28,Meta,2739.87,2457,122313
2025-06-28,Pinterest,493.57,413,40108
2025-06-29,Criteo,2604.53,8157,465347
2025-06-29,Google,3694.92,3282,69866
2025-06-29,Influencer,910.0,0,0
2025-06-29,Meta,3157.35,2673,137971
2025-06-29,Pinterest,487.79,395,46394
2025-06-30,Criteo,2605.02,7287,540813
2025-06-30,Google,4681.07,4440,92009
2025-06-30,Influencer,2490.0,0,0
2025-06-30,Meta,2924.65,2413,139513
2025-06-30,Pinterest,472.72,369,47492
2025-07-01,Criteo,2605.03,5253,597782
2025-07-01,Google,3704.91,3821,92223
2025-07-01,Influencer,520.0,0,0
2025-07-01,Meta,2892.03,2530,173504
2025-07-01,Pinterest,483.22,473,73196
2025-07-02,Criteo,2603.2,6524,557874
2025-07-02,Google,5889.92,4683,106090
2025-07-02,Meta,2957.39,3008,186302
2025-07-02,Pinterest,475.37,469,49439
2025-07-03,Criteo,2606.66,6427,508548
2025-07-03,Google,3758.0,3659,116347
2025-07-03,Meta,2436.97,2486,166376
2025-07-03,Pinterest,460.67,399,42720
2025-07-04,Criteo,2455.54,4480,461742
2025-07-04,Google,3674.25,3252,71026
2025-07-04,Meta,1753.57,1920,123146
2025-07-04,Pinterest,478.37,449,35365
2025-07-05,Criteo,2604.8,4536,447930
2025-07-05,Google,2781.33,2960,62609
2025-07-05,Meta,1882.54,2263,133041
2025-07-05,Pinterest,462.84,388,35544
2025-07-06,Criteo,2604.57,3546,483528
2025-07-06,Google,2322.18,2212,40750
2025-07-06,Meta,2014.18,2394,138321
2025-07-06,Pinterest,469.05,442,43652
2025-07-07,Criteo,2203.67,4213,499419
2025-07-07,Google,2727.51,2788,74081
2025-07-07,Influencer,2500.0,0,0
2025-07-07,Meta,2307.35,2446,161627
2025-07-07,Pinterest,480.54,414,44184
2025-07-08,Criteo,2099.56,4391,490843
2025-07-08,Google,4374.16,3996,113595
2025-07-08,Influencer,2000.0,0,0
2025-07-08,Meta,2374.98,2127,148276
2025-07-08,Pinterest,475.14,389,40518
2025-07-09,Criteo,2202.79,4834,602502
2025-07-09,Google,3745.8,3890,111006
2025-07-09,Influencer,1000.0,0,0
2025-07-09,Meta,2309.06,2022,143350
2025-07-09,Pinterest,482.37,350,42036
2025-07-10,Criteo,2201.77,4655,649054
2025-07-10,Google,4321.32,3814,100306
2025-07-10,Influencer,1900.0,0,0
2025-07-10,Meta,2407.49,2107,158545
2025-07-10,Pinterest,480.87,356,42146
2025-07-11,Criteo,3858.0,8561,2083697
2025-07-11,Google,3878.79,3626,93759
2025-07-11,Meta,2796.01,2544,184827
2025-07-11,Pinterest,476.37,271,40592
2025-07-12,Criteo,3600.0,10070,1885203
2025-07-12,Google,4101.52,3546,84953
2025-07-12,Influencer,550.0,0,0
2025-07-12,Meta,2662.77,3074,182123
2025-07-12,Pinterest,460.68,328,38737
2025-07-13,Criteo,4514.62,16032,2628469
2025-07-13,Google,5307.12,4734,117391
2025-07-13,Meta,3170.27,3641,209103
2025-07-13,Pinterest,486.08,364,43706
2025-07-14,Criteo,4368.01,17506,4104575
2025-07-14,Google,4083.14,3770,100034
2025-07-14,Meta,3062.89,2997,215363
2025-07-14,Pinterest,479.89,318,45440
2025-07-15,Criteo,4338.57,14707,1823304
2025-07-15,Google,6528.47,6021,172622
2025-07-15,Influencer,3900.0,0,0
2025-07-15,Meta,3528.36,5889,447743
2025-07-15,Pinterest,473.78,575,45356
2025-07-16,Criteo,4507.36,16707,1608580
2025-07-16,Google,3952.83,3563,100836
2025-07-16,Influencer,1065.0,0,0
2025-07-16,Meta,3511.97,8187,537140
2025-07-16,Pinterest,469.98,591,43235
2025-07-17,Criteo,4507.79,43171,1786173
2025-07-17,Google,5664.63,4584,108067
2025-07-17,Influencer,350.0,0,0
2025-07-17,Meta,3654.69,8731,561155
2025-07-17,Pinterest,471.18,779,40693
2025-07-18,Criteo,4508.28,43235,1613204
2025-07-18,Google,5346.55,4463,107790
2025-07-18,Influencer,1700.0,0,0
2025-07-18,Meta,4367.82,13329,800171
2025-07-18,Pinterest,446.78,674,40528
2025-07-19,Criteo,4510.64,42504,1409879
2025-07-19,Google,8594.49,7112,188403
2025-07-19,Influencer,1500.0,0,0
2025-07-19,Meta,4376.23,20790,1202894
2025-07-19,Pinterest,497.33,749,42587
2025-07-20,Criteo,4508.98,39627,1332545
2025-07-20,Google,4311.26,3202,61906
2025-07-20,Influencer,1335.0,0,0
2025-07-20,Meta,4758.37,23020,1223237
2025-07-20,Pinterest,458.53,757,42464
2025-07-21,Criteo,4508.96,36518,1243359
2025-07-21,Google,6533.2,5654,163448
2025-07-21,Influencer,300.0,0,0
2025-07-21,Meta,4417.11,23439,1159276
2025-07-21,Pinterest,479.14,754,42162
2025-07-22,Criteo,3130.22,29130,1003027
2025-07-22,Google,5704.65,4851,126366
2025-07-22,Influencer,2225.0,0,0
2025-07-22,Meta,4233.14,22436,1182599
2025-07-22,Pinterest,488.79,653,42296
2025-07-23,Criteo,4038.52,29838,1243683
2025-07-23,Google,6661.9,5423,156624
2025-07-23,Influencer,720.0,0,0
2025-07-23,Meta,4092.14,32981,1297273
2025-07-23,Pinterest,475.66,643,39556
2025-07-24,Criteo,4504.78,35565,2649809
2025-07-24,Google,5848.42,5111,133320
2025-07-24,Influencer,1600.0,0,0
2025-07-24,Meta,4309.02,40191,1407811
2025-07-24,Pinterest,476.94,548,39297
2025-07-25,Criteo,4102.94,31569,1131056
2025-07-25,Google,5636.96,4337,122933
2025-07-25,Influencer,2000.0,0,0
2025-07-25,Meta,4882.78,23812,991158
2025-07-25,Microsoft,57.61,76,1978
2025-07-25,Pinterest,454.65,477,38975
2025-07-26,Criteo,4505.2,35125,1219364
2025-07-26,Google,4505.66,3799,113099
2025-07-26,Influencer,550.0,0,0
2025-07-26,Meta,3453.96,16765,581500
2025-07-26,Microsoft,87.47,111,3274
2025-07-26,Pinterest,491.28,491,41942
2025-07-27,Criteo,4291.46,35759,1110580
2025-07-27,Google,6261.53,5382,157662
2025-07-27,Influencer,250.0,0,0
2025-07-27,Meta,4771.29,16350,446828
2025-07-27,Microsoft,202.28,258,19736
2025-07-27,Pinterest,489.25,493,40906
2025-07-28,Criteo,3177.1,24508,797886
2025-07-28,Google,6036.32,5149,149055
2025-07-28,Influencer,1521.99,0,0
2025-07-28,Meta,4556.36,13206,361884
2025-07-28,Microsoft,210.85,142,16750
2025-07-28,Pinterest,469.73,428,43860
2025-07-29,Criteo,2991.84,17200,942665
2025-07-29,Google,7241.94,5817,182827
2025-07-29,Influencer,700.0,0,0
2025-07-29,Meta,4353.34,5987,196295
2025-07-29,Microsoft,72.56,49,2766
2025-07-29,Pinterest,477.39,423,40206
2025-07-30,Criteo,3141.22,13988,1324322
2025-07-30,Google,4554.91,3682,146054
2025-07-30,Meta,3449.0,3486,153235
2025-07-30,Microsoft,538.17,440,44420
2025-07-30,Pinterest,479.46,422,41980
2025-07-31,Criteo,2899.54,7980,1694316
2025-07-31,Google,5556.06,5590,242334
2025-07-31,Influencer,5210.0,0,0
2025-07-31,Meta,3421.18,11275,387707
2025-07-31,Microsoft,514.15,411,85175
2025-07-31,Pinterest,451.2,386,36963
2025-08-01,Criteo,3138.78,10389,5520487
2025-08-01,Google,3383.63,4023,159026
2025-08-01,Influencer,6815.0,0,0
2025-08-01,Meta,3896.4,15282,439262
2025-08-01,Microsoft,536.09,112,19430
2025-08-01,Pinterest,489.58,254,38346
2025-08-02,Criteo,2844.8,12753,1228802
2025-08-02,Google,5842.69,6300,290774
2025-08-02,Meta,3566.84,12536,365538
2025-08-02,Microsoft,520.36,97,8273
2025-08-02,Pinterest,461.61,218,38044
2025-08-03,Criteo,3138.31,13083,1863766
2025-08-03,Google,6228.64,6602,458870
2025-08-03,Influencer,350.0,0,0
2025-08-03,Meta,3740.87,27838,577144
2025-08-03,Microsoft,444.53,127,12394
2025-08-03,Pinterest,477.04,220,45712
2025-08-04,,53.43,61,1707
2025-08-04,Criteo,2788.4,9687,916920
2025-08-04,Google,4525.36,3897,138818
2025-08-04,Influencer,600.0,0,0
2025-08-04,Meta,4165.23,52460,720941
2025-08-04,Microsoft,555.04,155,24582
2025-08-04,Pinterest,433.53,223,43585
2025-08-04,TikTok,277.56,390,56694
2025-08-05,,57.68,45,1555
2025-08-05,Criteo,3129.4,9007,2339877
2025-08-05,Google,6255.95,5919,311380
2025-08-05,Influencer,3000.0,0,0
2025-08-05,Meta,4437.01,143274,1036023
2025-08-05,Microsoft,536.33,157,31041
2025-08-05,Pinterest,497.38,223,47648
2025-08-05,TikTok,709.47,552,89707
2025-08-06,,287.18,128,5782
2025-08-06,Criteo,3138.53,6478,2199084
2025-08-06,Google,6320.18,3102,169980
2025-08-06,Influencer,2850.0,0,0
2025-08-06,Meta,4419.85,70023,783501
2025-08-06,Microsoft,550.07,124,16522
2025-08-06,Pinterest,447.49,221,36606
2025-08-06,TikTok,702.26,495,38016
2025-08-07,,224.21,151,3112
2025-08-07,Criteo,3073.89,7311,2069717
2025-08-07,Google,7787.93,6197,316653
2025-08-07,Influencer,2750.0,0,0
2025-08-07,Meta,7976.42,74372,1827215
2025-08-07,Microsoft,567.71,109,15705
2025-08-07,Pinterest,497.5,223,32818
2025-08-07,TikTok,604.96,360,30021
2025-08-08,,210.56,69,2771
2025-08-08,Criteo,2772.99,7116,1597180
2025-08-08,Google,5693.73,4402,465006
2025-08-08,Influencer,500.0,0,0
2025-08-08,Meta,5100.95,18800,1033024
2025-08-08,Microsoft,571.75,119,15656
2025-08-08,Pinterest,479.2,251,38171
2025-08-08,TikTok,694.72,408,42881
2025-08-09,,137.42,60,1634
2025-08-09,Criteo,237.71,387,95859
2025-08-09,Google,10179.1,6130,342754
2025-08-09,Meta,3022.27,9210,517284
2025-08-09,Microsoft,547.57,140,15610
2025-08-09,Pinterest,492.86,260,35093
2025-08-09,TikTok,702.64,328,52572
2025-08-10,,136.35,42,1384
2025-08-10,Criteo,350.8,35,86064
2025-08-10,Google,5041.72,3533,137335
2025-08-10,Meta,3996.53,11609,713186
2025-08-10,Microsoft,547.75,137,15076
2025-08-10,Pinterest,461.0,280,35551
2025-08-10,TikTok,601.6,420,43170
2025-08-11,,221.44,87,2963
2025-08-11,Criteo,3290.75,1100,1023122
2025-08-11,Google,4750.97,4310,670807
2025-08-11,Influencer,1830.0,0,0
2025-08-11,Meta,3791.81,12530,762552
2025-08-11,Microsoft,585.49,146,14962
2025-08-11,Pinterest,491.65,211,36540
2025-08-11,TikTok,763.91,456,54494
2025-08-12,,232.31,103,3555
2025-08-12,Criteo,3262.88,1946,1253878
2025-08-12,Google,6852.3,5269,437128
2025-08-12,Influencer,275.0,0,0
2025-08-12,Meta,3636.18,11709,778175
2025-08-12,Microsoft,556.12,131,17245
2025-08-12,Pinterest,482.42,219,33979
2025-08-12,TikTok,932.57,542,57921
2025-08-13,,270.85,77,2630
2025-08-13,Criteo,3232.36,2572,1905931
2025-08-13,Google,2408.45,2162,250431
2025-08-13,Influencer,150.0,0,0
2025-08-13,Meta,4010.04,8931,738618
2025-08-13,Microsoft,103.82,48,12468
2025-08-13,Pinterest,473.72,246,30423
2025-08-13,TikTok,659.06,245,42817
2025-08-14,,220.12,71,2270
2025-08-14,Criteo,244.91,61,138362
2025-08-14,Google,2315.76,1692,163294
2025-08-14,Influencer,2100.0,0,0
2025-08-14,Meta,3873.77,7075,489823
2025-08-14,Microsoft,75.4,69,17757
2025-08-14,Pinterest,470.86,208,37621
2025-08-14,TikTok,722.75,260,44073
2025-08-15,,135.28,25,1155
2025-08-15,Criteo,579.33,35,268855
2025-08-15,Google,1881.9,1252,114211
2025-08-15,Influencer,1012.5,0,0
2025-08-15,Meta,3737.14,7577,539825
2025-08-15,Microsoft,227.29,105,14873
2025-08-15,Pinterest,475.52,188,36022
2025-08-15,TikTok,802.87,404,48585
2025-08-16,Criteo,1291.22,63,483065
2025-08-16,Google,1433.59,1176,126586
2025-08-16,Influencer,450.0,0,0
2025-08-16,Meta,3440.82,8820,539468
2025-08-16,Microsoft,211.82,125,10164
2025-08-16,Pinterest,469.84,227,34235
2025-08-16,TikTok,791.22,615,54126
2025-08-17,Criteo,2041.67,111,640555
2025-08-17,Google,1527.81,1201,109191
2025-08-17,Meta,4100.1,9348,671428
2025-08-17,Microsoft,204.16,104,17472
2025-08-17,Pinterest,483.82,265,39559
2025-08-17,TikTok,734.46,487,45833
2025-08-18,Criteo,3277.97,425,722833
2025-08-18,Google,1089.34,912,103561
2025-08-18,Influencer,1230.0,0,0
2025-08-18,Meta,3817.51,11234,815276
2025-08-18,Microsoft,207.13,88,7897
2025-08-18,Pinterest,474.67,258,38750
2025-08-18,TikTok,666.5,295,48487
2025-08-19,Criteo,3403.86,2259,1122560
2025-08-19,Google,1085.94,769,85282
2025-08-19,Influencer,1000.0,0,0
2025-08-19,Meta,4220.02,9785,888782
2025-08-19,Microsoft,207.43,86,5804
2025-08-19,Pinterest,471.5,235,38212
2025-08-19,TikTok,657.87,376,65360
2025-08-20,Criteo,3260.75,3334,1590210
2025-08-20,Google,1634.21,943,46750
2025-08-20,Meta,4124.21,7010,684455
2025-08-20,Microsoft,206.92,98,8953
2025-08-20,Pinterest,444.04,245,34324
2025-08-20,TikTok,679.94,552,90644
2025-08-21,Criteo,3275.19,3072,1587975
2025-08-21,Google,1834.75,1190,67197
2025-08-21,Influencer,1875.0,0,0
2025-08-21,Meta,3684.76,6636,430524
2025-08-21,Microsoft,144.29,81,5580
2025-08-21,Pinterest,426.14,161,31610
2025-08-21,TikTok,899.59,580,52521
2025-08-22,Criteo,3136.34,9625,4487863
2025-08-22,Google,2250.22,1219,76384
2025-08-22,Influencer,2000.0,0,0
2025-08-22,Meta,4383.28,6328,416996
2025-08-22,Microsoft,111.84,70,4327
2025-08-22,Pinterest,447.36,185,31763
2025-08-22,TikTok,344.76,306,21171
2025-08-23,Criteo,2190.42,9158,3803471
2025-08-23,Google,2472.36,1382,71061
2025-08-23,Influencer,1000.0,0,0
2025-08-23,Meta,3841.14,5126,321292
2025-08-23,Microsoft,102.66,66,4651
2025-08-23,Pinterest,434.15,164,30219
2025-08-23,TikTok,289.03,385,19388
2025-08-24,Criteo,3139.5,13523,5029559
2025-08-24,Google,3028.21,1669,61263
2025-08-24,Meta,4202.96,5379,407665
2025-08-24,Microsoft,159.93,107,7008
2025-08-24,Pinterest,487.47,163,42584
2025-08-24,TikTok,410.46,706,65297
2025-08-25,Criteo,2977.54,11117,4506648
2025-08-25,Google,2739.92,1190,49978
2025-08-25,Influencer,3450.0,0,0
2025-08-25,Meta,4060.0,4321,440412
2025-08-25,Microsoft,201.1,131,7127
2025-08-25,Pinterest,480.59,116,46077
2025-08-25,TikTok,395.4,1946,75162
2025-08-26,Criteo,2316.5,7590,3179053
2025-08-26,Google,2313.85,1149,49579
2025-08-26,Influencer,5970.0,0,0
2025-08-26,Meta,4574.49,3578,380611
2025-08-26,Microsoft,242.9,148,7153
2025-08-26,Pinterest,473.77,112,43684
2025-08-26,TikTok,371.62,508,32008
2025-08-27,Criteo,3138.95,7823,3886615
2025-08-27,Google,2460.61,1248,77054
2025-08-27,Influencer,3750.0,0,0
2025-08-27,Meta,4991.05,3023,232694
2025-08-27,Microsoft,251.48,163,6942
2025-08-27,Pinterest,474.29,138,42424
2025-08-27,TikTok,386.8,601,58229
2025-08-28,Criteo,3079.85,7913,9159022
2025-08-28,Google,1873.7,1034,61344
2025-08-28,Influencer,1505.0,0,0
2025-08-28,Meta,2157.77,1908,127217
2025-08-28,Microsoft,249.42,151,7717
2025-08-28,Pinterest,463.45,173,39116
2025-08-28,TikTok,429.96,569,43924
2025-08-29,Criteo,2852.46,8031,6791076
2025-08-29,Google,1985.86,1214,76379
2025-08-29,Meta,3414.8,4948,290333
2025-08-29,Microsoft,229.92,141,6499
2025-08-29,Pinterest,473.35,157,37631
2025-08-29,TikTok,405.34,505,33195
2025-08-30,Criteo,2980.36,9310,5897365
2025-08-30,Google,1886.57,1089,84314
2025-08-30,Meta,4003.97,6343,346495
2025-08-30,Microsoft,221.17,149,6293
2025-08-30,Pinterest,468.73,130,35118
2025-08-30,TikTok,376.38,337,28367
2025-08-31,Criteo,2675.03,7025,3765102
2025-08-31,Google,1548.54,1055,82736
2025-08-31,Influencer,2416.25,0,0
2025-08-31,Meta,4320.03,9712,383898
2025-08-31,Microsoft,238.28,155,6366
2025-08-31,Pinterest,484.02,174,36375
2025-08-31,TikTok,423.07,479,29862
2025-09-01,Criteo,2866.21,8746,3559808
2025-09-01,Google,2378.18,1382,93515
2025-09-01,Influencer,5500.0,0,0
2025-09-01,Meta,4697.55,3650,261434
2025-09-01,Microsoft,204.01,136,6635
2025-09-01,Pinterest,475.24,158,42401
2025-09-01,TikTok,409.77,565,48839
2025-09-02,Criteo,3047.03,6521,2070674
2025-09-02,Google,2275.71,1338,161354
2025-09-02,Meta,3873.85,3238,305535
2025-09-02,Microsoft,203.49,141,6473
2025-09-02,Pinterest,477.47,227,40928
2025-09-02,TikTok,382.69,573,34020
2025-09-03,Criteo,3056.0,7396,1693442
2025-09-03,Google,2410.67,1769,201446
2025-09-03,Meta,4097.07,3512,378419
2025-09-03,Microsoft,207.71,130,6133
2025-09-03,Pinterest,557.64,261,46273
2025-09-03,TikTok,407.68,751,66282
2025-09-04,Criteo,3014.8,7124,2556680
2025-09-04,Google,1732.51,1477,203697
2025-09-04,Influencer,1500.0,0,0
2025-09-04,Meta,3614.92,3995,379050
2025-09-04,Microsoft,204.25,132,8979
2025-09-04,Pinterest,764.48,392,57308
2025-09-04,TikTok,473.58,770,88919
2025-09-05,Criteo,2957.84,6963,4206090
2025-09-05,Google,1921.52,1793,224377
2025-09-05,Meta,3536.17,2907,395851
2025-09-05,Microsoft,203.46,133,8497
2025-09-05,Pinterest,739.81,383,54849
2025-09-05,TikTok,424.03,768,77464
2025-09-06,Criteo,2587.96,6091,4241201
2025-09-06,Google,1865.09,2021,251599
2025-09-06,Meta,3400.91,3443,372428
2025-09-06,Microsoft,204.19,140,7151
2025-09-06,Pinterest,781.03,513,60248
2025-09-06,TikTok,456.29,1096,86425
2025-09-07,Criteo,2559.12,5808,1865432
2025-09-07,Google,2967.85,2970,456887
2025-09-07,Influencer,735.0,0,0
2025-09-07,Meta,4004.66,3852,472359
2025-09-07,Microsoft,204.13,138,6301
2025-09-07,Pinterest,854.02,484,63260
2025-09-07,TikTok,420.55,1247,62382
2025-09-08,Criteo,3139.69,6116,1694325
2025-09-08,Google,2048.92,1284,129733
2025-09-08,Influencer,750.0,0,0
2025-09-08,Meta,3839.67,2681,409636
2025-09-08,Microsoft,209.14,145,5606
2025-09-08,Pinterest,848.43,449,61183
2025-09-08,TikTok,420.44,746,108008
2025-09-09,Criteo,2655.46,3828,836466
2025-09-09,Google,2380.34,2619,102039
2025-09-09,Influencer,500.0,0,0
2025-09-09,Meta,4445.5,2930,401071
2025-09-09,Microsoft,203.05,131,5999
2025-09-09,Pinterest,826.31,440,60295
2025-09-09,TikTok,420.38,598,77080
2025-09-10,Criteo,3138.8,4724,3072218
2025-09-10,Google,2062.87,2546,187103
2025-09-10,Influencer,1000.0,0,0
2025-09-10,Meta,3907.06,3480,401393
2025-09-10,Microsoft,189.47,110,4037
2025-09-10,Pinterest,848.62,333,59254
2025-09-10,TikTok,420.83,620,105763
2025-09-11,Criteo,2943.75,6387,2637399
2025-09-11,Google,1490.84,2033,216911
2025-09-11,Influencer,1500.0,0,0
2025-09-11,Meta,3979.6,3678,345261
2025-09-11,Microsoft,176.34,109,3610
2025-09-11,Pinterest,866.7,306,56925
2025-09-11,TikTok,423.3,762,53215
2025-09-12,Criteo,2424.07,4488,875461
2025-09-12,Google,3761.96,3461,203479
2025-09-12,Influencer,360.0,0,0
2025-09-12,Meta,4136.22,6187,556964
2025-09-12,Microsoft,182.92,120,3678
2025-09-12,Pinterest,901.19,347,61530
2025-09-12,TikTok,189.56,371,46267
2025-09-13,Criteo,3139.85,6653,3700947
2025-09-13,Google,4721.59,4497,227090
2025-09-13,Meta,4957.39,7744,656396
2025-09-13,Microsoft,141.27,97,3094
2025-09-13,Pinterest,1164.76,400,70585
2025-09-13,TikTok,118.23,265,27627
2025-09-14,Criteo,2708.12,5687,1973532
2025-09-14,Google,4745.22,4063,277369
2025-09-14,Influencer,450.0,0,0
2025-09-14,Meta,5930.09,8880,840023
2025-09-14,Microsoft,110.19,74,3246
2025-09-14,Pinterest,1153.2,474,70145
2025-09-14,TikTok,119.54,290,26063
2025-09-15,Criteo,2668.39,4090,906766
2025-09-15,Google,3173.71,2942,166650
2025-09-15,Meta,2920.41,3465,378846
2025-09-15,Microsoft,170.49,116,5254
2025-09-15,Pinterest,1054.51,307,68750
2025-09-15,TikTok,119.97,337,26124
2025-09-16,Criteo,1503.56,5110,1417327
2025-09-16,Google,2323.79,2662,199542
2025-09-16,Meta,2306.28,2170,182771
2025-09-16,Microsoft,224.14,146,5552
2025-09-16,Pinterest,691.75,268,52358
2025-09-16,TikTok,120.33,277,27883
2025-09-17,Criteo,1454.38,3761,359225
2025-09-17,Google,1985.51,2309,173893
2025-09-17,Influencer,480.0,0,0
2025-09-17,Meta,1915.68,2146,233642
2025-09-17,Microsoft,191.57,132,5132
2025-09-17,Pinterest,762.51,309,57369
2025-09-17,TikTok,120.35,314,28015
2025-09-18,Criteo,1081.3,1523,234386
2025-09-18,Google,1949.4,2178,249603
2025-09-18,Influencer,1000.0,0,0
2025-09-18,Meta,2168.14,2759,279537
2025-09-18,Microsoft,134.02,103,4480
2025-09-18,Pinterest,737.59,227,52331
2025-09-18,TikTok,94.58,235,28282
2025-09-19,Criteo,1457.42,2927,383440
2025-09-19,Google,1488.43,1869,156995
2025-09-19,Influencer,5280.0,0,0
2025-09-19,Meta,1874.96,2253,235870
2025-09-19,Microsoft,109.65,75,2764
2025-09-19,Pinterest,757.03,208,50666
2025-09-19,TikTok,132.81,325,19902
2025-09-20,Criteo,1216.22,2484,355566
2025-09-20,Google,1613.17,1745,99125
2025-09-20,Influencer,350.0,0,0
2025-09-20,Meta,1848.12,2161,201526
2025-09-20,Microsoft,75.74,57,3364
2025-09-20,Pinterest,751.05,272,49827
2025-09-20,TikTok,132.11,361,19370
2025-09-21,Criteo,1495.62,3812,762867
2025-09-21,Google,1617.06,1935,110589
2025-09-21,Influencer,1880.0,0,0
2025-09-21,Meta,2379.7,2828,269474
2025-09-21,Microsoft,106.01,59,2960
2025-09-21,Pinterest,759.26,344,55839
2025-09-21,TikTok,120.24,241,13642
2025-09-22,Criteo,1501.99,2992,1058296
2025-09-22,Google,1407.07,1456,69001
2025-09-22,Influencer,350.0,0,0
2025-09-22,Meta,2282.26,2242,286855
2025-09-22,Microsoft,173.57,109,3631
2025-09-22,Pinterest,755.44,274,52945
2025-09-22,TikTok,120.35,189,17385
2025-09-23,Criteo,1295.08,2381,561679
2025-09-23,Google,1281.78,1342,43158
2025-09-23,Meta,2056.08,2308,279225
2025-09-23,Microsoft,154.85,91,2864
2025-09-23,Pinterest,743.6,338,51223
2025-09-23,TikTok,120.18,240,15856
2025-09-24,Criteo,1455.16,1977,429436
2025-09-24,Google,1161.56,1323,66341
2025-09-24,Influencer,2450.0,0,0
2025-09-24,Meta,2230.82,2665,226539
2025-09-24,Microsoft,173.73,92,2968
2025-09-24,Pinterest,731.73,288,46833
2025-09-24,TikTok,100.24,140,15207
2025-09-25,Criteo,1502.29,3114,676251
2025-09-25,Google,1287.53,1414,50799
2025-09-25,Influencer,1000.0,0,0
2025-09-25,Meta,2250.88,2298,202505
2025-09-25,Microsoft,95.15,57,1997
2025-09-25,Pinterest,764.0,153,47477
2025-09-25,TikTok,90.23,106,15555
2025-09-26,Criteo,1412.04,10376,340650
2025-09-26,Google,1272.03,1329,43136
2025-09-26,Influencer,7000.0,0,0
2025-09-26,Meta,2538.53,1224,100133
2025-09-26,Microsoft,131.88,80,2325
2025-09-26,Pinterest,762.34,46,15649
2025-09-26,TikTok,127.81,106,32697
2025-09-27,Criteo,1283.73,7609,221158
2025-09-27,Google,1519.68,1752,56843
2025-09-27,Influencer,350.0,0,0
2025-09-27,Meta,1736.95,950,52951
2025-09-27,Microsoft,77.84,43,1896
2025-09-27,Pinterest,733.4,154,44567
2025-09-27,TikTok,104.19,126,45641
2025-09-28,Criteo,1504.41,2637,1549068
2025-09-28,Google,1420.7,1591,50034
2025-09-28,Influencer,480.0,0,0
2025-09-28,Meta,2332.8,2637,270162
2025-09-28,Microsoft,101.07,71,2629
2025-09-28,Pinterest,757.54,214,46260
2025-09-28,TikTok,100.44,109,65417
2025-09-29,Criteo,1502.87,2806,1638022
2025-09-29,Google,1169.62,1363,42963
2025-09-29,Meta,2635.15,3756,312906
2025-09-29,Microsoft,177.43,112,3810
2025-09-29,Pinterest,760.46,167,47904
2025-09-29,TikTok,100.06,102,46579
2025-09-30,Criteo,1370.16,4448,1365852
2025-09-30,Google,1243.96,1261,29559
2025-09-30,Influencer,350.0,0,0
2025-09-30,Meta,2768.23,3408,288696
2025-09-30,Microsoft,337.6,156,17831
2025-09-30,Pinterest,801.34,178,49327
2025-09-30,TikTok,100.77,108,52238
2025-10-01,Criteo,1294.02,4246,1316910
2025-10-01,Google,1292.97,1356,47037
2025-10-01,Influencer,6630.0,0,0
2025-10-01,Meta,3036.88,3628,333267
2025-10-01,Microsoft,210.72,417,21356
2025-10-01,Pinterest,950.03,242,68173
2025-10-01,TikTok,184.83,173,48237
2025-10-02,Criteo,1283.46,5360,407264
2025-10-02,Google,1358.58,1090,36963
2025-10-02,Influencer,1000.0,0,0
2025-10-02,Meta,2728.81,2966,246513
2025-10-02,Microsoft,31.4,187,5962
2025-10-02,Pinterest,929.21,214,62048
2025-10-02,TikTok,302.53,268,43996
2025-10-03,Criteo,1302.48,3755,314203
2025-10-03,Google,1571.99,1465,51508
2025-10-03,Influencer,1015.0,0,0
2025-10-03,Meta,3436.68,4520,314978
2025-10-03,Microsoft,99.3,327,3790
2025-10-03,Pinterest,970.21,239,61005
2025-10-03,TikTok,289.16,225,43348
2025-10-04,Criteo,1118.17,3614,268044
2025-10-04,Google,1557.37,1545,39143
2025-10-04,Meta,3415.1,4451,297330
2025-10-04,Microsoft,367.62,203,11919
2025-10-04,Pinterest,1050.91,273,55294
2025-10-04,TikTok,247.03,142,37119
2025-10-05,Criteo,1301.89,4687,470341
2025-10-05,Google,1812.9,1638,42422
2025-10-05,Meta,4158.78,6582,481873
2025-10-05,Microsoft,298.95,170,8565
2025-10-05,Pinterest,1034.59,254,62690
2025-10-05,TikTok,250.41,165,52472
2025-10-06,Criteo,1239.19,5166,353315
2025-10-06,Google,1113.33,1240,15925
2025-10-06,Influencer,1000.0,0,0
2025-10-06,Meta,5712.83,5789,783782
2025-10-06,Microsoft,584.03,324,19023
2025-10-06,Pinterest,933.11,240,59133
2025-10-06,TikTok,252.82,162,38634
2025-10-07,Criteo,1295.89,3232,370140
2025-10-07,Google,956.51,920,11049
2025-10-07,Meta,3576.31,3557,422919
2025-10-07,Microsoft,724.23,439,19623
2025-10-07,Pinterest,543.33,98,33735
2025-10-07,TikTok,254.39,157,24622
2025-10-08,Criteo,1313.59,4381,348993
2025-10-08,Google,1149.66,1073,19381
2025-10-08,Influencer,2000.0,0,0
2025-10-08,Meta,4208.91,5781,648850
2025-10-08,Microsoft,97.43,71,3308
2025-10-08,Pinterest,544.03,132,30948
2025-10-08,TikTok,255.24,188,25443
2025-10-09,Criteo,1501.96,5624,673463
2025-10-09,Google,729.14,933,25590
2025-10-09,Influencer,700.0,0,0
2025-10-09,Meta,4452.52,5724,584836
2025-10-09,Pinterest,538.68,87,25226
2025-10-09,TikTok,242.95,95,23904
2025-10-10,Criteo,1479.97,4490,618872
2025-10-10,Google,501.5,639,42595
2025-10-10,Influencer,1450.0,0,0
2025-10-10,Meta,5048.61,7812,671537
2025-10-10,Pinterest,537.03,102,33547
2025-10-10,TikTok,245.95,120,23933
2025-10-11,Criteo,1515.09,5705,495485
2025-10-11,Google,3134.99,1991,91602
2025-10-11,Influencer,3000.0,0,0
2025-10-11,Meta,5137.37,7874,681643
2025-10-11,Pinterest,564.81,107,35904
2025-10-11,TikTok,183.73,157,10246
2025-10-12,Criteo,1503.07,9176,446141
2025-10-12,Google,1990.96,1683,26147
2025-10-12,Influencer,250.0,0,0
2025-10-12,Meta,6424.62,6359,564610
2025-10-12,Pinterest,555.01,89,38948
2025-10-12,TikTok,180.03,122,10178
2025-10-13,Criteo,1502.97,12676,453408
2025-10-13,Google,1638.86,1186,27013
2025-10-13,Meta,4609.63,4810,399112
2025-10-13,Pinterest,557.58,91,40355
2025-10-13,TikTok,205.58,198,17266
2025-10-14,Criteo,1502.8,13984,480251
2025-10-14,Google,1682.62,1265,24674
2025-10-14,Meta,5809.98,6105,632480
2025-10-14,Pinterest,537.39,91,35226
2025-10-14,TikTok,252.26,328,51339
2025-10-15,Criteo,1502.6,14097,454424
2025-10-15,Google,1237.71,1179,27931
2025-10-15,Meta,6834.97,5221,546224
2025-10-15,Pinterest,665.75,93,36363
2025-10-15,TikTok,216.25,209,52972
2025-10-16,Criteo,1494.1,12402,588314
2025-10-16,Google,1657.35,1592,51059
2025-10-16,Meta,5885.0,4697,458906
2025-10-16,Pinterest,638.52,118,36458
2025-10-16,TikTok,151.16,185,48460
2025-10-17,Criteo,1803.36,19760,1018965
2025-10-17,Google,1781.27,1840,101094
2025-10-17,Influencer,3870.0,0,0
2025-10-17,Meta,5669.97,3086,403155
2025-10-17,Pinterest,665.62,134,32324
2025-10-17,TikTok,249.33,248,58971
2025-10-18,Criteo,1803.69,26320,934607
2025-10-18,Google,1624.51,2052,153803
2025-10-18,Meta,4364.63,3119,334760
2025-10-18,Pinterest,660.93,121,33736
2025-10-18,TikTok,248.9,310,57039
2025-10-19,Criteo,1803.38,27129,973323
2025-10-19,Google,1378.98,1554,29980
2025-10-19,Meta,5148.95,4442,456915
2025-10-19,Pinterest,663.94,116,36171
2025-10-19,TikTok,220.42,298,67792
2025-10-20,Criteo,1734.06,24161,1434737
2025-10-20,Google,1436.18,1517,27184
2025-10-20,Influencer,400.0,0,0
2025-10-20,Meta,5644.05,4697,358059
2025-10-20,Pinterest,639.25,113,33866
2025-10-20,TikTok,200.24,411,87396
2025-10-21,Criteo,1782.31,27847,1221181
2025-10-21,Google,690.04,714,13272
2025-10-21,Influencer,500.0,0,0
2025-10-21,Meta,3828.42,2316,208126
2025-10-21,Pinterest,629.59,119,33843
2025-10-21,TikTok,179.29,438,134308
2025-10-22,Criteo,1702.42,27104,929646
2025-10-22,Google,449.16,409,6472
2025-10-22,Influencer,400.0,0,0
2025-10-22,Meta,2792.23,1324,155249
2025-10-22,Pinterest,528.09,72,27420
2025-10-22,TikTok,181.42,492,340637
2025-10-23,Criteo,1702.62,26133,914892
2025-10-23,Google,707.09,625,12497
2025-10-23,Influencer,1000.0,0,0
2025-10-23,Meta,2490.15,1026,134605
2025-10-23,Pinterest,564.23,78,26545
2025-10-23,TikTok,214.8,519,356109
2025-10-24,Criteo,1401.35,27655,728070
2025-10-24,Google,1854.39,1338,21035
2025-10-24,Meta,2293.5,914,123812
2025-10-24,Pinterest,536.44,74,25433
2025-10-24,TikTok,211.8,541,120734
2025-10-25,Criteo,1400.96,24324,1611009
2025-10-25,Google,2124.06,1483,25935
2025-10-25,Meta,1892.79,949,105783
2025-10-25,Pinterest,550.8,86,24834
2025-10-25,TikTok,211.49,464,90738
2025-10-26,Criteo,1402.72,22857,3019210
2025-10-26,Google,2166.82,1663,29835
2025-10-26,Meta,2587.35,1364,133787
2025-10-26,Pinterest,566.5,89,24664
2025-10-26,TikTok,202.81,447,77676
2025-10-27,Criteo,1289.07,23142,1919706
2025-10-27,Google,1708.73,1280,24758
2025-10-27,Meta,2302.94,1083,116494
2025-10-27,Pinterest,537.84,70,25158
2025-10-27,TikTok,200.78,422,208569
2025-10-28,Criteo,1351.92,22317,800474
2025-10-28,Google,1855.38,1394,23456
2025-10-28,Meta,2397.13,1032,131814
2025-10-28,Pinterest,548.56,75,24250
2025-10-28,TikTok,174.62,441,111510
2025-10-29,Criteo,1396.85,24129,794315
2025-10-29,Google,2391.29,1527,35581
2025-10-29,Influencer,1500.0,0,0
2025-10-29,Meta,1957.98,902,112258
2025-10-29,Pinterest,549.12,79,25902
2025-10-29,TikTok,209.49,454,76751
2025-10-30,Criteo,1348.35,22861,668369
2025-10-30,Google,2934.29,1724,59962
2025-10-30,Influencer,2500.0,0,0
2025-10-30,Meta,2115.08,1069,124583
2025-10-30,Pinterest,557.74,88,26475
2025-10-30,TikTok,210.79,279,89658
2025-10-31,Criteo,1398.45,21895,682543
2025-10-31,Google,2830.39,1569,61081
2025-10-31,Influencer,4405.0,0,0
2025-10-31,Meta,2326.1,1297,141530
2025-10-31,Pinterest,537.46,84,25226
2025-10-31,TikTok,133.27,234,64465
2025-11-01,Criteo,388.01,8177,199525
2025-11-01,Google,2868.3,1902,83051
2025-11-01,Influencer,1950.0,0,0
2025-11-01,Meta,2315.13,1505,160775
2025-11-01,Pinterest,552.78,96,27645
2025-11-01,TikTok,281.04,541,116725
2025-11-02,Criteo,0.0,11,0
2025-11-02,Google,2877.36,1935,43615
2025-11-02,Meta,2870.28,1746,199792
2025-11-02,Pinterest,555.24,100,30726
2025-11-02,TikTok,183.96,375,45511
2025-11-03,Criteo,0.0,0,0
2025-11-03,Google,1275.48,746,46318
2025-11-03,Influencer,500.0,0,0
2025-11-03,Meta,2320.41,1138,141350
2025-11-03,Pinterest,531.67,91,31196
2025-11-03,TikTok,244.56,585,39686
2025-11-04,Criteo,0.0,0,0
2025-11-04,Google,1188.97,839,39327
2025-11-04,Influencer,195.0,0,0
2025-11-04,Meta,2103.36,815,120390
2025-11-04,Pinterest,569.2,80,30437
2025-11-04,TikTok,204.82,864,80445
2025-11-05,Criteo,0.0,0,0
2025-11-05,Google,966.69,618,249137
2025-11-05,Influencer,495.0,0,0
2025-11-05,Meta,2352.49,1106,137249
2025-11-05,Pinterest,548.1,68,29258
2025-11-05,TikTok,235.55,686,59460
2025-11-06,Criteo,0.0,0,0
2025-11-06,Google,1290.69,884,172375
2025-11-06,Meta,2200.5,1128,162249
2025-11-06,Pinterest,527.54,78,26697
2025-11-06,TikTok,233.63,768,71325
2025-11-07,Criteo,0.0,0,0
2025-11-07,Google,2257.89,1467,194592
2025-11-07,Influencer,450.0,0,0
2025-11-07,Meta,2194.91,975,154920
2025-11-07,Pinterest,631.74,84,29774
2025-11-07,TikTok,238.36,631,80462
2025-11-08,Criteo,0.0,0,0
2025-11-08,Google,2446.89,1603,99015
2025-11-08,Meta,2205.42,995,161455
2025-11-08,Pinterest,746.36,80,32936
2025-11-08,TikTok,216.86,682,74380
2025-11-09,Criteo,0.0,0,0
2025-11-09,Google,2936.16,1865,484162
2025-11-09,Influencer,400.0,0,0
2025-11-09,Meta,3035.2,1250,203668
2025-11-09,Pinterest,762.14,89,35995
2025-11-09,TikTok,184.05,564,64600
2025-11-10,Criteo,0.0,0,0
2025-11-10,Google,2379.12,1414,49756
2025-11-10,Influencer,250.0,0,0
2025-11-10,Meta,2273.55,857,148646
2025-11-10,Pinterest,749.89,84,35995
2025-11-10,TikTok,256.99,597,114237
2025-11-11,Criteo,0.0,0,0
2025-11-11,Google,2090.55,1494,36611
2025-11-11,Influencer,440.0,0,0
2025-11-11,Meta,2945.12,1859,174200
2025-11-11,Pinterest,742.47,73,35884
2025-11-11,TikTok,250.7,581,48295
2025-11-12,Criteo,0.0,0,0
2025-11-12,Google,2910.81,1515,83554
2025-11-12,Meta,2162.61,2732,130835
2025-11-12,Pinterest,747.25,104,34598
2025-11-12,TikTok,164.75,401,30992
2025-11-13,Criteo,0.0,0,0
2025-11-13,Google,3146.23,1580,96097
2025-11-13,Meta,3803.14,2432,181524
2025-11-13,Pinterest,756.12,99,34248
2025-11-13,TikTok,245.91,516,83357
2025-11-14,Criteo,0.0,0,0
2025-11-14,Google,2933.25,1374,121181
2025-11-14,Influencer,500.0,0,0
2025-11-14,Meta,4944.95,4997,250415
2025-11-14,Pinterest,726.94,88,28200
2025-11-14,TikTok,260.69,384,34981
2025-11-15,Criteo,0.0,0,0
2025-11-15,Google,2822.4,1469,70667
2025-11-15,Influencer,220.0,0,0
2025-11-15,Meta,3896.7,6463,223885
2025-11-15,Pinterest,765.95,94,25907
2025-11-15,TikTok,224.46,394,66419
2025-11-16,Criteo,0.0,0,0
2025-11-16,Google,3712.56,1745,67291
2025-11-16,Meta,5012.36,2993,156902
2025-11-16,Pinterest,744.93,109,27858
2025-11-16,TikTok,230.92,425,39907
2025-11-17,Criteo,0.0,0,0
2025-11-17,Google,3722.08,1369,109441
2025-11-17,Influencer,350.0,0,0
2025-11-17,Meta,3983.67,3928,213671
2025-11-17,Pinterest,740.98,84,28926
2025-11-17,TikTok,208.56,435,61692
2025-11-18,Criteo,0.0,0,0
2025-11-18,Google,3100.18,1312,305498
2025-11-18,Influencer,490.0,0,0
2025-11-18,Meta,4214.94,4977,242992
2025-11-18,Pinterest,733.12,100,25691
2025-11-18,TikTok,262.26,685,47006
2025-11-19,Criteo,0.0,0,0
2025-11-19,Google,2801.23,1527,430095
2025-11-19,Influencer,450.0,0,0
2025-11-19,Meta,4900.43,3755,227306
2025-11-19,Pinterest,758.21,93,22254
2025-11-19,TikTok,259.62,694,69718
2025-11-20,Criteo,0.0,0,0
2025-11-20,Google,4273.21,2008,544415
2025-11-20,Meta,5070.41,3590,227337
2025-11-20,Pinterest,762.27,78,21395
2025-11-20,TikTok,207.18,487,87504
2025-11-21,Criteo,0.0,0,0
2025-11-21,Google,2137.95,896,102970
2025-11-21,Influencer,450.0,0,0
2025-11-21,Meta,4484.25,3801,208515
2025-11-21,Pinterest,758.81,95,20141
2025-11-21,TikTok,272.51,574,40722
2025-11-22,Criteo,0.0,0,0
2025-11-22,Google,3479.78,1347,105613
2025-11-22,Meta,3964.04,3424,243565
2025-11-22,Pinterest,748.41,99,19294
2025-11-22,TikTok,254.01,443,20927
2025-11-23,Criteo,0.0,0,0
2025-11-23,Google,3303.6,1991,53522
2025-11-23,Meta,4718.55,5722,363312
2025-11-23,Pinterest,761.55,86,21470
2025-11-23,TikTok,245.93,728,37879
2025-11-24,Criteo,0.0,0,0
2025-11-24,Google,2588.89,1205,71992
2025-11-24,Meta,4181.13,4167,262468
2025-11-24,Pinterest,735.47,69,19840
2025-11-24,TikTok,245.13,654,22685
2025-11-25,Criteo,0.0,0,0
2025-11-25,Google,3106.04,1293,74744
2025-11-25,Influencer,750.0,0,0
2025-11-25,Meta,3140.63,3739,235243
2025-11-25,Pinterest,740.55,68,18281
2025-11-25,TikTok,245.43,628,18440
2025-11-26,Criteo,0.0,0,0
2025-11-26,Google,2283.84,923,69072
2025-11-26,Influencer,3000.0,0,0
2025-11-26,Meta,2600.88,2705,169551
2025-11-26,Pinterest,757.73,86,18925
2025-11-26,TikTok,244.93,721,17039
2025-11-27,Criteo,0.0,0,0
2025-11-27,Google,2501.3,829,59295
2025-11-27,Meta,2447.94,2712,193598
2025-11-27,Pinterest,733.7,57,17366
2025-11-27,TikTok,242.74,673,16154
2025-11-28,Criteo,0.0,0,0
2025-11-28,Google,3500.62,1497,75743
2025-11-28,Meta,2651.66,2302,192071
2025-11-28,Pinterest,777.21,68,15658
2025-11-28,TikTok,247.0,650,14610
2025-11-29,Criteo,0.0,0,0
2025-11-29,Google,3460.0,1572,76895
2025-11-29,Meta,1909.33,2179,186440
2025-11-29,Pinterest,740.71,86,15395
2025-11-29,TikTok,243.56,510,12249
2025-11-30,Criteo,0.0,0,0
2025-11-30,Google,2689.91,1492,66873
2025-11-30,Influencer,2565.0,0,0
2025-11-30,Meta,3685.05,3713,569151
2025-11-30,Pinterest,765.63,82,18827
2025-11-30,TikTok,226.27,635,13335
2025-12-01,Criteo,0.0,0,0
2025-12-01,Google,3227.37,1552,68747
2025-12-01,Influencer,870.0,0,0
2025-12-01,Meta,2954.44,2362,328834
2025-12-01,Pinterest,720.63,59,18188
2025-12-01,TikTok,265.19,538,18240
2025-12-02,Criteo,0.0,0,0
2025-12-02,Google,3687.1,1956,98901
2025-12-02,Influencer,2500.0,0,0
2025-12-02,Meta,3620.48,4308,240686
2025-12-02,Pinterest,762.59,70,20115
2025-12-02,TikTok,245.36,829,15932
2025-12-03,Criteo,0.0,0,0
2025-12-03,Google,3544.16,1602,92892
2025-12-03,Meta,4151.13,4343,247730
2025-12-03,Pinterest,753.19,53,21942
2025-12-03,TikTok,246.93,616,14318
2025-12-04,Criteo,0.0,0,0
2025-12-04,Google,3891.31,1729,103547
2025-12-04,Influencer,1900.0,0,0
2025-12-04,Meta,4145.47,3574,219974
2025-12-04,Pinterest,753.8,75,23357
2025-12-04,TikTok,245.88,356,8015
2025-12-05,Criteo,0.0,0,0
2025-12-05,Google,3664.39,1592,78450
2025-12-05,Meta,3983.21,3845,224450
2025-12-05,Pinterest,749.57,77,24907
2025-12-05,TikTok,244.21,239,8974
2025-12-06,Criteo,0.0,0,0
2025-12-06,Google,4325.28,2677,130710
2025-12-06,Influencer,250.0,0,0
2025-12-06,Meta,4055.52,4628,248008
2025-12-06,Pinterest,741.49,88,25612
2025-12-06,TikTok,241.16,209,7063
2025-12-07,Criteo,0.0,0,0
2025-12-07,Google,4138.61,2470,117667
2025-12-07,Meta,4540.28,3907,259963
2025-12-07,Pinterest,753.59,90,27429
2025-12-07,TikTok,246.44,200,6150
2025-12-08,Criteo,0.0,0,0
2025-12-08,Google,2321.53,1216,138117
2025-12-08,Influencer,1900.0,0,0
2025-12-08,Meta,3377.55,5939,245972
2025-12-08,Pinterest,739.58,73,28384
2025-12-08,TikTok,251.58,260,9202
2025-12-09,Criteo,0.0,0,0
2025-12-09,Google,2317.0,1005,105542
2025-12-09,Meta,3074.33,5247,225237
2025-12-09,Pinterest,721.3,86,25767
2025-12-09,TikTok,274.49,325,10025
2025-12-10,Criteo,0.0,0,0
2025-12-10,Google,1829.63,822,104576
2025-12-10,Influencer,400.0,0,0
2025-12-10,Meta,2818.31,4737,239672
2025-12-10,Pinterest,781.49,76,25246
2025-12-10,TikTok,281.98,137,4114
2025-12-11,Criteo,0.0,0,0
2025-12-11,Google,1284.93,704,14759
2025-12-11,Influencer,3000.0,0,0
2025-12-11,Meta,2784.46,3656,198263
2025-12-11,Pinterest,709.64,74,22573
2025-12-11,TikTok,247.97,118,3561
2025-12-12,Criteo,0.0,0,0
2025-12-12,Google,2361.76,1474,223025
2025-12-12,Meta,2727.63,3390,166077
2025-12-12,Pinterest,768.67,62,21771
2025-12-12,TikTok,243.82,70,2491
2025-12-13,Criteo,0.0,0,0
2025-12-13,Google,1538.28,904,149408
2025-12-13,Meta,2252.8,3142,152427
2025-12-13,Pinterest,132.25,13,4866
2025-12-13,TikTok,0.0,0,0
2025-12-14,Criteo,0.0,0,0
2025-12-14,Google,1472.78,975,160470
2025-12-14,Meta,2263.86,3462,169392
2025-12-14,Pinterest,153.13,22,6239
2025-12-14,TikTok,0.0,0,0
2025-12-15,Criteo,0.0,0,0
2025-12-15,Google,1470.39,642,107806
2025-12-15,Influencer,950.0,0,0
2025-12-15,Meta,1811.1,3182,129406
2025-12-15,Pinterest,149.36,24,6174
2025-12-15,TikTok,0.0,0,0
2025-12-16,Criteo,0.0,0,0
2025-12-16,Google,1271.55,792,94215
2025-12-16,Influencer,1400.0,0,0
2025-12-16,Meta,1196.16,2026,75004
2025-12-16,Pinterest,116.17,18,4628
2025-12-16,TikTok,0.0,0,0
2025-12-17,Criteo,0.0,0,0
2025-12-17,Google,1259.79,1493,162161
2025-12-17,Influencer,2500.0,0,0
2025-12-17,Meta,1095.98,1867,65024
2025-12-17,Pinterest,14.65,3,1065
2025-12-17,TikTok,0.0,0,0
2025-12-18,Criteo,0.0,0,0
2025-12-18,Google,1302.0,1708,183460
2025-12-18,Meta,1116.7,2368,133658
2025-12-18,Pinterest,14.07,4,1297
2025-12-18,TikTok,0.0,0,0
2025-12-19,Criteo,0.0,0,0
2025-12-19,Google,1246.8,1595,173840
2025-12-19,Meta,1031.47,1776,78779
2025-12-19,Pinterest,14.42,2,1452
2025-12-19,TikTok,0.0,0,0
2025-12-20,Criteo,0.0,0,0
2025-12-20,Google,1214.77,1871,254286
2025-12-20,Meta,865.79,1571,65696
2025-12-20,Pinterest,13.76,2,1538
2025-12-20,TikTok,0.0,0,0
2025-12-21,Criteo,0.0,0,0
2025-12-21,Google,1348.47,1900,245466
2025-12-21,Meta,1023.62,1846,75493
2025-12-21,Pinterest,15.24,7,1705
2025-12-21,TikTok,0.0,0,0
2025-12-22,Criteo,0.0,0,0
2025-12-22,Google,487.69,1253,106856
2025-12-22,Meta,1240.07,1762,87717
2025-12-22,Pinterest,15.05,11,1835
2025-12-22,TikTok,0.0,0,0
2025-12-23,Criteo,0.0,0,0
2025-12-23,Google,968.43,1393,105587
2025-12-23,Meta,1006.12,2389,74383
2025-12-23,Pinterest,15.11,2,1831
2025-12-23,TikTok,0.0,0,0
2025-12-24,Criteo,0.0,0,0
2025-12-24,Google,658.4,1456,108447
2025-12-24,Meta,931.23,759,43426
2025-12-24,Pinterest,14.13,6,1819
2025-12-24,TikTok,0.0,0,0
2025-12-25,Criteo,0.0,0,0
2025-12-25,Google,737.47,1490,106187
2025-12-25,Meta,874.5,372,45668
2025-12-25,Pinterest,15.59,8,1717
2025-12-25,TikTok,0.0,0,0
2025-12-26,Criteo,0.0,0,0
2025-12-26,Google,777.47,1454,99005
2025-12-26,Meta,1004.48,430,49430
2025-12-26,Pinterest,15.37,3,1842
2025-12-26,TikTok,0.0,0,0
2025-12-27,Criteo,0.0,0,0
2025-12-27,Google,466.19,1421,101514
2025-12-27,Meta,947.06,382,42107
2025-12-27,Pinterest,14.52,9,1959
2025-12-27,TikTok,0.0,0,0
2025-12-28,Criteo,0.0,0,0
2025-12-28,Google,944.39,1786,98386
2025-12-28,Meta,1038.2,450,54151
2025-12-28,Pinterest,15.41,8,2172
2025-12-28,TikTok,0.0,0,0
2025-12-29,Criteo,0.0,0,0
2025-12-29,Google,704.14,1209,30237
2025-12-29,Meta,1131.82,684,69040
2025-12-29,Pinterest,14.68,11,2584
2025-12-29,TikTok,0.0,0,0
2025-12-30,Criteo,0.0,0,0
2025-12-30,Google,747.42,934,10111
2025-12-30,Influencer,2500.0,0,0
2025-12-30,Meta,1027.19,759,72111
2025-12-30,Pinterest,15.36,7,2543
2025-12-30,TikTok,0.0,0,0
2025-12-31,Criteo,0.0,0,0
2025-12-31,Google,589.71,819,10312
2025-12-31,Influencer,550.0,0,0
2025-12-31,Meta,865.48,496,60904
2025-12-31,Pinterest,15.29,7,2646
2025-12-31,TikTok,0.0,0,0
2026-01-01,Criteo,0.0,0,0
2026-01-01,Google,853.01,1387,15535
2026-01-01,Meta,781.43,744,80382
2026-01-01,Pinterest,15.18,19,3407
2026-01-01,TikTok,0.0,0,0
2026-01-02,Criteo,0.0,0,0
2026-01-02,Google,538.94,1218,14594
2026-01-02,Meta,996.94,564,76312
2026-01-02,Pinterest,14.46,17,3680
2026-01-02,TikTok,0.0,0,0
2026-01-03,Criteo,0.0,0,0
2026-01-03,Google,491.57,1427,14951
2026-01-03,Meta,840.92,365,55257
2026-01-03,Pinterest,4.84,7,1282
2026-01-03,TikTok,0.0,0,0
2026-01-04,Criteo,0.0,0,0
2026-01-04,Google,605.85,1411,18455
2026-01-04,Meta,1034.88,366,54756
2026-01-04,Pinterest,0.0,0,98
2026-01-04,TikTok,0.0,0,0
2026-01-05,Criteo,0.0,0,0
2026-01-05,Google,1071.49,1425,25929
2026-01-05,Meta,1135.18,587,73387
2026-01-05,Pinterest,2.96,4,560
2026-01-05,TikTok,0.0,0,0
2026-01-06,Criteo,0.0,0,0
2026-01-06,Google,819.97,1425,33403
2026-01-06,Influencer,1000.0,0,0
2026-01-06,Meta,1297.27,785,99590
2026-01-06,Pinterest,35.97,10,4988
2026-01-06,TikTok,0.0,0,0
2026-01-07,Criteo,0.0,0,0
2026-01-07,Google,979.63,1401,34648
2026-01-07,Influencer,450.0,0,0
2026-01-07,Meta,1300.99,753,98958
2026-01-07,Pinterest,110.8,23,10580
2026-01-07,TikTok,0.0,0,0
2026-01-08,Criteo,0.0,0,0
2026-01-08,Google,1042.48,1389,41782
2026-01-08,Influencer,420.0,0,0
2026-01-08,Meta,1607.88,689,94009
2026-01-08,Pinterest,109.47,25,11564
2026-01-08,TikTok,0.0,0,0
2026-01-09,Criteo,0.0,0,0
2026-01-09,Google,769.95,1349,34280
2026-01-09,Influencer,780.0,0,0
2026-01-09,Meta,1657.38,901,114292
2026-01-09,Pinterest,106.24,35,11953
2026-01-09,TikTok,0.0,0,0
2026-01-10,Criteo,0.0,0,0
2026-01-10,Google,965.92,1431,34735
2026-01-10,Meta,2013.45,1677,161222
2026-01-10,Pinterest,104.39,35,11334
2026-01-10,TikTok,0.0,0,0
2026-01-11,Criteo,0.0,0,0
2026-01-11,Google,1065.34,1491,21549
2026-01-11,Meta,2275.87,2199,197052
2026-01-11,Pinterest,108.15,29,11653
2026-01-11,TikTok,0.0,0,0
2026-01-12,Criteo,0.0,0,0
2026-01-12,Google,1155.62,1155,13160
2026-01-12,Influencer,285.0,0,0
2026-01-12,Meta,2107.92,1379,143900
2026-01-12,Pinterest,107.2,25,12192
2026-01-12,TikTok,0.0,0,0
2026-01-13,,103.18,6,1229
2026-01-13,Criteo,0.0,0,0
2026-01-13,Google,1057.35,1384,17009
2026-01-13,Meta,2238.54,1487,142555
2026-01-13,Pinterest,101.79,28,13405
2026-01-13,TikTok,0.0,0,0
2026-01-14,,176.21,16,1802
2026-01-14,Criteo,0.0,0,0
2026-01-14,Google,986.09,1263,15654
2026-01-14,Influencer,550.0,0,0
2026-01-14,Meta,2319.71,1635,155562
2026-01-14,Pinterest,100.77,30,8765
2026-01-14,TikTok,0.0,0,0
2026-01-15,,161.71,10,1764
2026-01-15,Criteo,0.0,0,0
2026-01-15,Google,897.46,1193,15979
2026-01-15,Influencer,225.0,0,0
2026-01-15,Meta,2530.08,1779,155970
2026-01-15,Pinterest,106.5,23,8334
2026-01-15,TikTok,0.0,0,0
2026-01-16,,166.51,6,1558
2026-01-16,Criteo,0.0,0,0
2026-01-16,Google,747.32,1229,23242
2026-01-16,Meta,2394.87,1501,138878
2026-01-16,Pinterest,108.08,19,11081
2026-01-16,TikTok,0.0,0,0
2026-01-17,,138.14,4,1181
2026-01-17,Criteo,0.0,0,0
2026-01-17,Google,1101.95,1425,19984
2026-01-17,Meta,2357.53,1801,134000
2026-01-17,Pinterest,102.51,19,12341
2026-01-17,TikTok,0.0,0,0
2026-01-18,,104.09,2,566
2026-01-18,Criteo,0.0,0,0
2026-01-18,Google,877.55,692,4432
2026-01-18,Meta,2373.46,1592,131790
2026-01-18,Pinterest,108.15,18,7589
2026-01-18,TikTok,0.0,0,0
2026-01-19,,163.16,4,1108
2026-01-19,Criteo,0.0,0,0
2026-01-19,Google,743.16,640,4620
2026-01-19,Meta,2357.63,1395,118224
2026-01-19,Pinterest,107.29,17,8529
2026-01-19,TikTok,0.0,0,0
2026-01-20,,186.51,6,1069
2026-01-20,Criteo,0.0,0,0
2026-01-20,Google,941.64,894,24154
2026-01-20,Meta,2274.32,1279,119238
2026-01-20,Pinterest,105.45,11,7632
2026-01-20,TikTok,0.0,0,0
2026-01-21,,188.11,11,1204
2026-01-21,Criteo,0.0,0,0
2026-01-21,Google,632.55,520,3352
2026-01-21,Meta,2557.98,1630,150837
2026-01-21,Pinterest,105.72,13,6236
2026-01-21,TikTok,0.0,0,0
2026-01-22,,149.46,6,1187
2026-01-22,Criteo,0.0,0,0
2026-01-22,Google,927.73,675,5713
2026-01-22,Meta,2151.71,1453,130451
2026-01-22,Pinterest,104.16,14,6985
2026-01-22,TikTok,0.0,0,0
2026-01-23,,147.26,8,1362
2026-01-23,Criteo,0.0,0,0
2026-01-23,Google,777.62,507,3655
2026-01-23,Meta,2736.85,1998,174490
2026-01-23,Pinterest,104.52,16,6779
2026-01-24,,124.11,4,835
2026-01-24,Criteo,0.0,0,0
2026-01-24,Google,792.54,627,4328
2026-01-24,Meta,3444.8,3047,214174
2026-01-24,Pinterest,99.71,16,5382
2026-01-24,TikTok,0.0,0,0
2026-01-25,,88.08,3,729
2026-01-25,Criteo,0.0,0,0
2026-01-25,Google,1155.81,704,5229
2026-01-25,Meta,3157.91,4005,228777
2026-01-25,Pinterest,107.52,26,7258
2026-01-25,TikTok,0.0,0,0
2026-01-26,,145.99,4,1476
2026-01-26,Criteo,0.0,0,0
2026-01-26,Google,929.84,628,4417
2026-01-26,Meta,3231.76,2875,213904
2026-01-26,Pinterest,106.7,16,7790
2026-01-26,TikTok,0.0,0,0
2026-01-27,,174.61,2,1106
2026-01-27,Criteo,0.0,0,0
2026-01-27,Google,799.13,590,3401
2026-01-27,Meta,3027.6,2446,178598
2026-01-27,Pinterest,107.14,22,8454
2026-01-27,TikTok,0.0,0,0
2026-01-28,,109.31,1,609
2026-01-28,Meta,94.89,112,5220
2026-01-28,Pinterest,43.35,5,5362