date,channel,bookings,gmv
2021-11-12,Other,1,900.0
2021-11-14,Other,1,1200.0
2021-11-17,Other,1,1200.0
2021-11-29,Other,1,3000.0
2021-12-13,Other,2,7200.0
2021-12-15,Other,1,9900.0
2021-12-26,Other,1,2500.0
2021-12-30,Other,1,1000.0
2021-12-31,Other,11,38032.0
2022-01-01,Other,2,4585.0
2022-01-02,Other,2,6629.0
2022-01-03,Other,1,1575.0
2022-01-07,Other,1,5991.0
2022-01-08,Other,1,3600.0
2022-01-09,Other,1,2475.0
2022-01-10,Other,2,12424.0
2022-01-11,Other,1,2475.0
2022-01-12,Other,2,8475.0
2022-01-15,Other,2,11654.0
2022-01-16,Other,1,4055.0
2022-01-17,Other,2,13384.0
2022-01-26,Other,1,4108.0
2022-01-27,Other,1,575.0
2022-01-29,Other,1,8502.0
2022-01-30,Other,1,1900.0
2022-02-01,Other,2,3549.0
2022-02-03,Other,2,4016.01
2022-02-07,Other,2,3737.0
2022-02-08,Other,1,6608.0
2022-02-09,Other,1,1263.0
2022-02-10,Other,1,3292.0
2022-02-17,Other,1,2878.0
2022-02-19,Other,2,9531.0
2022-02-21,Other,2,2351.0
2022-02-27,Other,1,3282.0
2022-03-05,Other,1,4251.0
2022-03-06,Other,1,495.0
2022-03-08,Other,1,3501.0
2022-03-09,Other,1,1594.0
2022-03-11,Other,1,1120.0
2022-03-31,Other,62,162561.87
2022-04-01,Other,5,54820.0
2022-04-02,Other,3,13706.38
2022-04-04,Other,4,20851.0
2022-04-05,Other,2,22400.0
2022-04-06,Other,3,8950.0
2022-04-07,Other,1,2375.0
2022-04-09,Other,1,7291.5
2022-04-10,Other,3,21683.0
2022-04-11,Other,1,6950.0
2022-04-12,Other,5,18064.65
2022-04-13,Other,4,7051.0
2022-04-14,Other,5,15694.0
2022-04-15,Other,2,3675.0
2022-04-16,Other,1,3276.0
2022-04-18,Other,3,10893.0
2022-04-19,Other,4,14338.0
2022-04-20,Other,1,6168.0
2022-04-21,Other,3,7825.0
2022-04-23,Other,1,7989.0
2022-04-24,Other,1,5173.0
2022-04-25,Other,2,7182.0
2022-04-26,Other,5,22084.82
2022-04-27,Other,1,1191.0
2022-04-29,Other,1,3550.0
2022-04-30,Other,2,6962.0
2022-05-01,Other,2,5038.0
2022-05-02,Other,1,1750.0
2022-05-04,Other,1,1920.0
2022-05-05,Other,1,0.0
2022-05-06,Other,1,4634.0
2022-05-07,Other,2,6869.85
2022-05-08,Other,4,8852.11
2022-05-09,Other,3,9284.0
2022-05-10,Airbnb,3,3676.3
2022-05-10,Other,1,3750.0
2022-05-11,Other,1,2100.0
2022-05-12,Other,2,24607.56
2022-05-13,Other,3,13648.0
2022-05-15,Other,3,8200.0
2022-05-16,Airbnb,1,780.85
2022-05-16,Other,3,16562.93
2022-05-18,Other,2,7272.46
2022-05-19,Airbnb,1,3515.28
2022-05-19,Other,1,9200.0
2022-05-20,Airbnb,1,2343.52
2022-05-20,Booking,1,3220.0
2022-05-21,Other,1,2625.0
2022-05-22,Other,1,5500.0
2022-05-23,Other,3,10500.0
2022-05-24,Other,1,1399.0
2022-05-25,Airbnb,1,2343.52
2022-05-26,Airbnb,1,6030.25
2022-05-26,Manual,1,4400.0
2022-05-27,Other,1,3288.93
2022-05-28,Airbnb,1,2677.2
2022-05-29,Other,2,0.5
2022-05-31,Airbnb,3,3779.12
2022-05-31,Organic,1,1801.0
2022-05-31,Other,1,6050.0
2022-06-02,Airbnb,1,2454.1
2022-06-02,Other,1,3600.0
2022-06-03,Airbnb,1,2120.42
2022-06-04,Other,3,11136.0
2022-06-06,Google,1,1833.0
2022-06-06,Other,2,9842.0
2022-06-07,Other,5,8812.0
2022-06-08,Other,1,2816.0
2022-06-10,Other,5,9572.0
2022-06-12,Other,2,3345.0
2022-06-13,Airbnb,1,3123.4
2022-06-13,Other,1,1726.0
2022-06-14,Other,2,4485.0
2022-06-16,Other,2,3488.5
2022-06-17,Other,1,3599.0
2022-06-18,Other,2,7614.5
2022-06-19,Other,2,6380.48
2022-06-20,Other,2,18584.4
2022-06-21,Airbnb,1,1039.26
2022-06-21,Other,42,63700.87
2022-06-22,Airbnb,1,2007.9
2022-06-22,Other,17,68055.7
2022-06-23,Airbnb,1,2383.29
2022-06-23,Other,5,12913.55
2022-06-24,Other,1,3601.0
2022-06-25,Other,1,2385.0
2022-06-26,Other,1,1200.0
2022-06-27,Other,1,3450.0
2022-06-28,Other,1,3497.0
2022-06-29,Airbnb,1,480.15
2022-06-29,Other,1,4177.0
2022-06-30,Other,1,1552.0
2022-07-01,Airbnb,1,13280.27
2022-07-01,Other,2,14467.5
2022-07-02,Other,2,15737.0
2022-07-03,Other,2,4990.66
2022-07-04,Other,3,10672.0
2022-07-07,Other,1,1566.0
2022-07-08,Other,2,4452.95
2022-07-09,Other,1,200.0
2022-07-10,Airbnb,1,3681.15
2022-07-12,Other,1,2815.0
2022-07-13,Airbnb,1,3461.93
2022-07-13,Other,1,4200.0
2022-07-14,Other,1,3006.0
2022-07-15,Other,2,9586.0
2022-07-17,Other,1,1150.0
2022-07-18,Other,3,17090.54
2022-07-19,Other,1,2240.0
2022-07-20,Other,2,8925.25
2022-07-21,Other,2,5182.0
2022-07-22,Other,1,2322.0
2022-07-23,Organic,1,2300.0
2022-07-24,Airbnb,1,3175.87
2022-07-24,Other,2,9894.0
2022-07-25,Other,3,17575.5
2022-07-26,Other,6,7400.0
2022-07-27,Other,5,14573.0
2022-07-28,Other,2,4560.0
2022-07-29,Other,1,2463.41
2022-07-30,Other,1,6951.0
2022-07-31,Other,3,9898.0
2022-08-01,Other,3,8197.55
2022-08-02,Other,1,1165.65
2022-08-03,Other,1,8671.75
2022-08-04,Other,1,2150.0
2022-08-05,Other,2,8245.0
2022-08-07,Other,2,10905.0
2022-08-08,Other,2,9582.0
2022-08-09,Other,3,4820.58
2022-08-10,Other,1,3135.45
2022-08-12,Other,1,5800.0
2022-08-15,Other,1,3137.8
2022-08-17,Other,3,14727.0
2022-08-18,Airbnb,1,2815.91
2022-08-19,Other,3,10728.5
2022-08-20,Other,3,9904.0
2022-08-21,Other,2,5123.0
2022-08-22,Other,2,6086.0
2022-08-23,Other,3,11402.0
2022-08-24,Other,1,1150.0
2022-08-25,Other,2,6660.66
2022-08-26,Other,1,3730.33
2022-08-27,Other,4,12867.15
2022-08-28,Airbnb,1,1936.12
2022-08-28,Other,4,10265.0
2022-08-29,Other,2,5922.0
2022-08-30,Other,3,16119.0
2022-08-31,Other,1,3332.0
2022-09-01,Airbnb,2,3179.66
2022-09-03,Other,2,7711.0
2022-09-04,Other,2,4853.25
2022-09-05,Other,3,19696.0
2022-09-06,Other,3,19236.5
2022-09-07,Other,1,2958.75
2022-09-08,Airbnb,1,505.03
2022-09-08,Other,1,6635.0
2022-09-09,Other,3,11430.0
2022-09-10,Other,4,44714.15
2022-09-11,Airbnb,1,5667.71
2022-09-11,Other,2,3828.0
2022-09-12,Airbnb,1,3209.73
2022-09-12,Booking,1,12315.0
2022-09-12,Other,3,17529.75
2022-09-13,Airbnb,1,3637.5
2022-09-13,Other,1,1200.0
2022-09-14,Other,4,10496.1
2022-09-15,Other,3,7225.0
2022-09-16,Airbnb,1,2070.95
2022-09-16,Other,1,3355.0
2022-09-17,Other,2,5739.0
2022-09-18,Airbnb,2,3983.79
2022-09-18,Other,4,14005.0
2022-09-19,Other,1,3196.0
2022-09-20,Other,1,7500.0
2022-09-21,Airbnb,2,6379.69
2022-09-21,Other,2,4732.9
2022-09-22,Airbnb,1,2325.09
2022-09-22,Other,1,2169.0
2022-09-24,Other,1,3301.25
2022-09-25,Airbnb,1,2435.64
2022-09-26,Airbnb,2,6092.57
2022-09-27,Airbnb,1,2306.66
2022-09-27,Other,4,10925.0
2022-09-28,Other,1,2107.0
2022-09-29,Airbnb,1,4689.95
2022-09-29,Other,5,16292.5
2022-09-30,Other,3,4690.0
2022-10-01,Airbnb,1,2200.93
2022-10-01,Other,1,3240.5
2022-10-02,Other,2,7672.55
2022-10-03,Other,3,4729.0
2022-10-04,Airbnb,2,5451.4
2022-10-04,Booking,1,3288.0
2022-10-05,Airbnb,1,3637.5
2022-10-07,Other,2,20543.8
2022-10-08,Other,5,18441.65
2022-10-09,Airbnb,1,3104.0
2022-10-09,Other,4,8399.89
2022-10-10,Airbnb,1,2308.6
2022-10-10,Other,3,13189.92
2022-10-12,Airbnb,1,2201.45
2022-10-12,Other,1,0.0
2022-10-13,Other,1,2123.95
2022-10-14,Other,2,4486.51
2022-10-15,Airbnb,2,3562.81
2022-10-16,Airbnb,2,16030.05
2022-10-16,Other,1,1759.87
2022-10-17,Other,1,0.0
2022-10-18,Airbnb,4,12105.6
2022-10-18,Other,1,1763.94
2022-10-19,Other,2,5887.07
2022-10-20,Other,1,1785.0
2022-10-21,Other,1,0.0
2022-10-22,Other,1,2136.05
2022-10-23,Airbnb,1,19283.6
2022-10-25,Other,3,9215.7
2022-10-26,Other,3,4247.85
2022-10-28,Other,1,1487.3
2022-10-30,Airbnb,2,3550.2
2022-10-31,Other,1,2197.8
2022-11-01,Airbnb,1,2377.47
2022-11-01,Other,3,7010.87
2022-11-02,Other,1,2150.0
2022-11-03,Airbnb,1,6822.01
2022-11-03,Other,2,841.0
2022-11-04,Airbnb,1,0.0
2022-11-04,Other,1,18408.0
2022-11-05,Airbnb,1,1991.41
2022-11-05,Other,1,3553.0
2022-11-06,Airbnb,1,8632.03
2022-11-06,Other,2,5354.0
2022-11-07,Other,4,18576.11
2022-11-08,Customer IO,1,2543.71
2022-11-08,Organic,1,4610.35
2022-11-08,Other,1,0.0
2022-11-09,Direct Mail,1,2317.36
2022-11-09,Organic,2,3495.0
2022-11-10,Airbnb,1,2022.45
2022-11-11,Other,1,13877.93
2022-11-12,Google,1,23420.33
2022-11-12,Other,1,1864.0
2022-11-16,Airbnb,1,1955.52
2022-11-16,Organic,2,4061.0
2022-11-18,Airbnb,1,5044.97
2022-11-18,Other,1,3978.0
2022-11-19,Airbnb,1,3433.8
2022-11-19,Organic,1,5985.0
2022-11-20,Google,1,3619.15
2022-11-20,Other,1,371.25
2022-11-21,Airbnb,1,3012.82
2022-11-21,Organic,1,1691.8
2022-11-21,Other,1,0.0
2022-11-22,Airbnb,2,11972.71
2022-11-22,Organic,3,9955.92
2022-11-24,Airbnb,1,3580.27
2022-11-24,Other,1,3246.18
2022-11-25,Organic,3,5494.44
2022-11-26,Organic,2,7343.54
2022-11-26,Other,3,6299.88
2022-11-27,Customer IO,1,1485.0
2022-11-27,Organic,3,8935.74
2022-11-27,Other,1,1980.5
2022-11-28,Airbnb,1,3433.8
2022-11-28,Customer IO,1,1339.05
2022-11-28,Direct Mail,1,2653.04
2022-11-28,Other,1,4131.0
2022-11-29,Customer IO,2,8161.97
2022-11-29,Other,1,1339.05
2022-11-30,Organic,3,8089.51
2022-11-30,Other,4,24822.04
2022-12-01,Airbnb,1,8730.0
2022-12-01,Google,1,1754.4
2022-12-01,Organic,2,9499.68
2022-12-02,Airbnb,1,4130.26
2022-12-02,Customer IO,1,2837.94
2022-12-02,Organic,1,2283.68
2022-12-02,Other,1,2490.84
2022-12-03,Organic,1,4764.0
2022-12-04,Airbnb,1,1981.71
2022-12-04,Organic,1,5362.24
2022-12-06,Customer IO,1,7321.13
2022-12-06,Organic,1,1215.0
2022-12-07,Airbnb,2,14988.44
2022-12-07,Customer IO,1,13340.01
2022-12-07,Organic,1,6753.28
2022-12-08,Organic,1,12194.24
2022-12-09,Other,1,2222.43
2022-12-10,Airbnb,1,8249.85
2022-12-10,Direct Mail,1,2802.15
2022-12-10,Other,2,12163.64
2022-12-11,Other,1,3611.75
2022-12-12,Organic,1,2455.15
2022-12-13,Airbnb,2,12062.92
2022-12-13,Organic,2,3505.1
2022-12-14,Airbnb,1,7622.26
2022-12-14,Organic,1,2648.43
2022-12-14,Other,2,3977.27
2022-12-15,Booking,1,3657.0
2022-12-15,Meta,1,1435.73
2022-12-15,Organic,1,5644.7
2022-12-15,Other,2,4576.27
2022-12-16,Other,1,1777.5
2022-12-17,Google,1,3199.0
2022-12-18,Organic,1,2778.03
2022-12-20,Google,1,2233.95
2022-12-20,Other,1,1934.88
2022-12-22,Direct Mail,1,13811.52
2022-12-23,Customer IO,1,5610.0
2022-12-23,Other,1,3733.0
2022-12-24,Organic,1,2163.22
2022-12-25,Organic,1,3921.52
2022-12-26,Airbnb,1,19836.5
2022-12-26,Organic,1,3115.97
2022-12-27,Organic,1,4216.61
2022-12-27,Other,1,4218.78
2022-12-28,Airbnb,1,2964.32
2022-12-28,Organic,1,11978.53
2022-12-29,Airbnb,1,2238.76
2022-12-30,Organic,1,6071.7
2022-12-31,Customer IO,1,2325.19
2022-12-31,Other,1,4526.43
2023-01-03,Airbnb,1,4048.78
2023-01-03,Other,2,4410.9
2023-01-04,Direct Mail,1,2560.3
2023-01-05,Airbnb,1,5703.6
2023-01-05,Organic,2,7395.65
2023-01-06,Other,2,2428.07
2023-01-07,Airbnb,1,10227.68
2023-01-07,Other,2,3966.29
2023-01-08,Customer IO,1,4126.43
2023-01-08,Organic,2,7445.86
2023-01-09,Airbnb,1,9287.75
2023-01-09,Organic,2,12712.58
2023-01-09,Other,1,1198.39
2023-01-11,Airbnb,1,18679.29
2023-01-11,Organic,3,24952.12
2023-01-11,Other,1,2310.0
2023-01-12,Airbnb,1,2444.4
2023-01-12,Customer IO,2,4936.32
2023-01-14,Organic,1,3548.7
2023-01-14,Other,2,5485.0
2023-01-15,Direct Mail,1,2693.42
2023-01-15,Organic,2,12921.58
2023-01-15,Other,1,1460.0
2023-01-16,Airbnb,1,4127.35
2023-01-16,Organic,2,9589.57
2023-01-16,Other,1,1820.9
2023-01-17,Direct Mail,1,3650.64
2023-01-17,Google,1,3597.6
2023-01-17,Organic,2,12500.17
2023-01-17,Other,1,1590.0
2023-01-18,Airbnb,2,9744.62
2023-01-18,Google,1,2174.83
2023-01-18,Organic,2,24091.54
2023-01-19,Direct Mail,3,9404.91
2023-01-19,Organic,1,766.33
2023-01-19,Other,1,1605.3
2023-01-20,Airbnb,1,3060.35
2023-01-20,Meta,1,4544.94
2023-01-20,Organic,2,27490.1
2023-01-20,Other,2,6369.29
2023-01-21,Airbnb,1,1779.95
2023-01-22,Airbnb,1,8517.57
2023-01-22,Other,1,1765.57
2023-01-23,Organic,1,3577.41
2023-01-23,Other,1,1874.58
2023-01-24,Other,1,5446.31
2023-01-25,Other,3,13755.3
2023-01-26,Organic,1,5974.28
2023-01-27,Organic,3,16982.12
2023-01-27,Vrbo,1,5335.55
2023-01-28,Airbnb,2,10384.06
2023-01-28,Organic,1,1897.73
2023-01-28,Other,2,6692.98
2023-01-29,Other,2,6313.91
2023-01-29,Vrbo,1,6673.17
2023-01-30,Airbnb,2,7709.56
2023-01-30,Organic,1,2804.39
2023-01-31,Airbnb,2,22367.23
2023-01-31,Other,1,3194.0
2023-02-01,Other,4,12409.79
2023-02-02,Other,1,2218.96
2023-02-03,Airbnb,3,11978.09
2023-02-03,Other,2,6852.27
2023-02-04,Airbnb,1,13953.98
2023-02-05,Airbnb,1,10392.58
2023-02-05,Other,2,12457.21
2023-02-06,Other,1,8903.57
2023-02-07,Other,2,7778.95
2023-02-09,Other,2,4079.77
2023-02-10,Airbnb,1,3237.86
2023-02-10,Direct Mail,1,1597.0
2023-02-10,Other,3,17716.3
2023-02-10,Vrbo,1,2345.83
2023-02-11,Airbnb,1,8443.85
2023-02-11,Other,3,11639.82
2023-02-11,Vrbo,1,6799.8
2023-02-12,Other,1,1385.56
2023-02-13,Airbnb,1,2617.06
2023-02-13,Google,1,2510.0
2023-02-14,Organic,2,9779.96
2023-02-14,Other,4,51322.7
2023-02-15,Other,2,6834.26
2023-02-16,Airbnb,1,3060.97
2023-02-16,Other,3,8614.86
2023-02-17,Customer IO,1,8834.24
2023-02-17,Organic,1,5752.62
2023-02-17,Other,1,5043.0
2023-02-18,Organic,1,4205.25
2023-02-18,Other,3,12103.99
2023-02-19,Airbnb,2,19744.35
2023-02-19,Other,4,10184.15
2023-02-20,Airbnb,1,2765.47
2023-02-20,Organic,1,1711.7
2023-02-20,Other,1,2585.0
2023-02-21,Other,1,2872.81
2023-02-22,Airbnb,1,2862.47
2023-02-22,Organic,1,7521.62
2023-02-22,Other,3,32796.98
2023-02-23,Airbnb,1,1423.96
2023-02-23,Other,4,15272.07
2023-02-24,Organic,1,3783.87
2023-02-24,Other,9,108972.63
2023-02-25,Airbnb,1,2323.15
2023-02-25,Other,2,15389.96
2023-02-26,Airbnb,2,3825.68
2023-02-26,Google,1,4781.53
2023-02-26,Other,2,10105.45
2023-02-27,Airbnb,1,3356.2
2023-02-27,Other,1,2611.58
2023-02-28,Other,4,15842.09
2023-03-01,Other,4,14722.97
2023-03-02,Organic,1,7422.62
2023-03-02,Other,4,17545.56
2023-03-03,Airbnb,1,2866.35
2023-03-03,Organic,1,5301.54
2023-03-04,Airbnb,1,2168.92
2023-03-04,Google,3,24146.49
2023-03-04,Organic,2,3988.77
2023-03-04,Other,3,10124.81
2023-03-04,Vrbo,1,1061.11
2023-03-05,Google,1,5819.88
2023-03-05,Organic,1,3683.8
2023-03-05,Other,1,2120.63
2023-03-06,Airbnb,1,3981.85
2023-03-06,Organic,2,8949.25
2023-03-07,Organic,2,9254.12
2023-03-08,Airbnb,2,7323.63
2023-03-08,Organic,1,2532.52
2023-03-09,Organic,1,1942.52
2023-03-09,Other,1,2348.95
2023-03-10,Airbnb,1,10018.16
2023-03-10,Organic,1,2310.0
2023-03-10,Other,3,25461.36
2023-03-11,Organic,1,3146.6
2023-03-11,Other,1,2204.05
2023-03-12,Airbnb,2,21106.71
2023-03-12,Other,3,19745.56
2023-03-14,Airbnb,1,3369.7
2023-03-14,Organic,1,1958.7
2023-03-15,Organic,1,3565.68
2023-03-15,Other,3,13888.55
2023-03-15,Vrbo,1,3961.17
2023-03-16,Airbnb,2,6862.75
2023-03-16,Other,1,1997.74
2023-03-18,Airbnb,2,8563.35
2023-03-18,Organic,1,5002.0
2023-03-18,Other,2,6454.13
2023-03-19,Airbnb,1,4969.31
2023-03-19,Customer IO,1,3349.99
2023-03-19,Other,3,5805.9
2023-03-19,Vrbo,1,8911.6
2023-03-20,Other,2,8971.06
2023-03-21,Organic,1,3582.28
2023-03-21,Other,3,9876.13
2023-03-22,Airbnb,1,12386.9
2023-03-22,Other,3,14389.99
2023-03-23,Airbnb,2,3752.93
2023-03-23,Direct Mail,1,9159.5
2023-03-23,Other,1,2654.0
2023-03-24,Airbnb,3,5401.93
2023-03-25,Other,2,9332.38
2023-03-26,Airbnb,2,5523.18
2023-03-26,Organic,2,8372.54
2023-03-26,Other,1,6010.2
2023-03-27,Airbnb,1,5814.18
2023-03-27,Organic,5,15298.28
2023-03-27,Other,1,3088.96
2023-03-28,Airbnb,1,3121.11
2023-03-28,Other,2,3464.63
2023-03-29,Customer IO,1,3030.0
2023-03-29,Other,2,6445.49
2023-03-30,Airbnb,1,4209.8
2023-03-30,Direct Mail,1,4509.64
2023-03-30,Google,1,6609.92
2023-03-30,Organic,1,2568.85
2023-03-31,Airbnb,2,3895.52
2023-03-31,Other,1,2276.7
2023-04-01,Other,1,2185.0
2023-04-02,Airbnb,1,2622.88
2023-04-02,Direct Mail,1,3413.16
2023-04-02,Organic,3,51374.25
2023-04-02,Other,1,3795.24
2023-04-03,Direct Mail,1,5416.47
2023-04-03,Organic,3,8624.33
2023-04-03,Other,1,759.6
2023-04-04,Customer IO,1,3296.75
2023-04-04,Direct Mail,1,2614.36
2023-04-04,Organic,1,2326.51
2023-04-05,Airbnb,2,5882.08
2023-04-05,Google,1,6644.35
2023-04-05,Other,2,3073.49
2023-04-06,Airbnb,2,4535.14
2023-04-06,Other,1,2730.0
2023-04-07,Airbnb,1,990.76
2023-04-07,Direct Mail,2,5303.19
2023-04-07,Organic,1,6820.56
2023-04-08,Airbnb,1,1263.72
2023-04-08,Customer IO,1,14971.94
2023-04-08,Direct Mail,1,2330.72
2023-04-08,Other,1,2264.53
2023-04-09,Airbnb,1,1044.79
2023-04-09,Organic,3,5356.79
2023-04-10,Airbnb,1,6374.01
2023-04-10,Other,1,5821.2
2023-04-11,Organic,2,6243.99
2023-04-12,Organic,2,18394.27
2023-04-13,Airbnb,3,11205.78
2023-04-13,Organic,1,2455.95
2023-04-14,Airbnb,1,5058.55
2023-04-14,Booking,1,3268.98
2023-04-14,Customer IO,1,5188.12
2023-04-14,Organic,2,6045.23
2023-04-14,Other,1,3905.0
2023-04-15,Airbnb,1,1478.28
2023-04-15,Organic,1,2653.06
2023-04-15,Other,2,13034.31
2023-04-16,Airbnb,2,6390.17
2023-04-16,Organic,1,2503.8
2023-04-16,Other,1,3349.94
2023-04-17,Airbnb,1,7076.15
2023-04-18,Organic,1,3446.84
2023-04-19,Other,1,5694.01
2023-04-20,Booking,1,2043.82
2023-04-20,Customer IO,1,2318.78
2023-04-20,Organic,1,2450.13
2023-04-20,Other,5,22780.94
2023-04-21,Airbnb,2,5341.6
2023-04-21,Organic,1,1115.72
2023-04-22,Airbnb,1,3112.38
2023-04-22,Organic,2,7829.93
2023-04-22,Other,2,8200.83
2023-04-23,Airbnb,3,14385.04
2023-04-23,Direct Mail,1,5103.96
2023-04-23,Organic,1,2468.45
2023-04-23,Other,2,3488.72
2023-04-24,Other,2,4029.86
2023-04-25,Customer IO,1,3353.0
2023-04-25,Direct Mail,1,3866.0
2023-04-25,Organic,3,9020.6
2023-04-25,Other,1,2256.73
2023-04-26,Vrbo,2,16655.96
2023-04-27,Airbnb,1,9522.84
2023-04-27,Organic,2,14590.37
2023-04-28,Airbnb,1,2777.59
2023-04-28,Organic,4,11533.12
2023-04-29,Airbnb,2,4824.97
2023-04-29,Direct Mail,1,6530.0
2023-04-29,Organic,2,7810.52
2023-04-29,Other,3,7997.61
2023-04-30,Airbnb,1,934.04
2023-04-30,Google,1,1645.06
2023-04-30,Organic,2,8819.83
2023-04-30,Vrbo,1,1533.71
2023-05-01,Airbnb,2,14634.73
2023-05-01,Direct Mail,1,2400.58
2023-05-01,Other,1,976.01
2023-05-02,Airbnb,1,2725.98
2023-05-02,Organic,1,1837.32
2023-05-02,Other,3,7766.55
2023-05-02,Vrbo,1,4146.5
2023-05-03,Airbnb,2,6484.49
2023-05-03,Google,1,2698.5
2023-05-03,Organic,1,3551.72
2023-05-03,Other,1,3872.63
2023-05-04,Airbnb,2,2696.1
2023-05-04,Organic,2,4796.44
2023-05-05,Airbnb,1,3928.31
2023-05-05,Organic,4,15680.89
2023-05-06,Airbnb,5,17877.94
2023-05-06,Organic,2,3587.8
2023-05-06,Other,1,2164.95
2023-05-07,Organic,1,2699.95
2023-05-08,Airbnb,1,2982.75
2023-05-08,Other,1,4667.28
2023-05-09,Other,2,8064.6
2023-05-10,Airbnb,2,4533.98
2023-05-10,Other,1,8500.05
2023-05-11,Airbnb,3,9784.36
2023-05-11,Google,1,2555.0
2023-05-11,Organic,1,4708.9
2023-05-11,Other,1,6872.42
2023-05-12,Google,1,2358.51
2023-05-12,Other,1,9249.13
2023-05-13,Organic,1,1735.3
2023-05-13,Other,1,3755.0
2023-05-13,Vrbo,3,19430.78
2023-05-14,Organic,1,3220.0
2023-05-15,Organic,1,16417.35
2023-05-15,Other,1,3068.8
2023-05-16,Other,2,6241.88
2023-05-17,Airbnb,1,3427.55
2023-05-18,Airbnb,1,3762.44
2023-05-18,Organic,1,3596.4
2023-05-18,Vrbo,1,1462.38
2023-05-19,Airbnb,2,7065.7
2023-05-19,Organic,1,3071.37
2023-05-19,Other,1,3728.1
2023-05-20,Customer IO,1,6139.15
2023-05-21,Airbnb,4,29315.99
2023-05-22,Airbnb,3,13468.03
2023-05-22,Organic,1,4452.0
2023-05-23,Airbnb,2,4623.39
2023-05-23,Other,1,3229.2
2023-05-24,Other,1,1427.67
2023-05-25,Booking,1,2049.55
2023-05-26,Airbnb,1,2417.62
2023-05-26,Organic,1,1914.0
2023-05-27,Airbnb,1,10460.82
2023-05-28,Airbnb,2,14956.18
2023-05-28,Organic,1,2881.5
2023-05-28,Other,2,6213.7
2023-05-29,Organic,1,1651.97
2023-05-29,Other,1,1184.9
2023-05-30,Airbnb,1,2182.5
2023-05-30,Organic,1,2106.74
2023-05-30,Other,1,3632.8
2023-05-31,Airbnb,1,2861.17
2023-05-31,Criteo,1,7493.8
2023-05-31,Organic,1,2849.0
2023-05-31,Other,1,1914.0
2023-06-01,Airbnb,1,2246.52
2023-06-01,Google,1,3305.0
2023-06-01,Organic,1,1094.5
2023-06-02,Organic,1,3870.2
2023-06-02,Vrbo,1,4512.28
2023-06-03,Airbnb,1,4382.85
2023-06-03,Organic,1,5386.83
2023-06-03,Other,1,2290.23
2023-06-04,Organic,2,6385.8
2023-06-05,Airbnb,1,2261.67
2023-06-05,Other,1,3170.0
2023-06-06,Airbnb,1,10595.84
2023-06-06,Organic,1,3209.15
2023-06-06,Other,2,2583.57
2023-06-07,Organic,2,4470.42
2023-06-08,Airbnb,3,12369.44
2023-06-08,Google,1,3712.62
2023-06-08,Organic,1,3468.04
2023-06-08,Other,1,3284.28
2023-06-09,Airbnb,2,2747.72
2023-06-09,Other,1,1344.6
2023-06-09,Vrbo,1,3833.43
2023-06-10,Organic,2,9022.34
2023-06-11,Airbnb,1,1358.97
2023-06-11,Organic,4,21231.79
2023-06-11,Other,1,4935.0
2023-06-12,Airbnb,3,18219.19
2023-06-12,Organic,1,1544.7
2023-06-13,Airbnb,2,13006.39
2023-06-14,Meta,1,2690.74
2023-06-14,Organic,1,8270.61
2023-06-15,Airbnb,1,6580.78
2023-06-15,Organic,1,2752.32
2023-06-16,Vrbo,1,4884.99
2023-06-17,Airbnb,1,4317.97
2023-06-17,Direct Mail,1,2507.49
2023-06-17,Organic,2,11352.6
2023-06-17,Vrbo,1,1363.66
2023-06-18,Vrbo,1,3348.05
2023-06-19,Airbnb,1,4105.23
2023-06-19,Direct Mail,1,2483.74
2023-06-19,Organic,2,8201.82
2023-06-19,Other,1,2547.96
2023-06-20,Airbnb,2,8352.13
2023-06-20,Google,1,4817.4
2023-06-20,Organic,1,1879.2
2023-06-21,Customer IO,1,2106.74
2023-06-21,Google,1,1933.2
2023-06-21,Meta,1,2995.8
2023-06-22,Airbnb,1,2159.22
2023-06-22,Organic,1,2717.65
2023-06-23,Organic,1,6513.99
2023-06-23,Other,1,4262.4
2023-06-24,Airbnb,1,21714.47
2023-06-24,Customer IO,1,4942.81
2023-06-25,Google,1,2717.66
2023-06-25,Organic,2,3801.54
2023-06-25,Other,1,3187.92
2023-06-26,Other,1,7290.65
2023-06-27,Organic,1,4603.5
2023-06-27,Other,1,4169.71
2023-06-27,Vrbo,1,2790.36
2023-06-28,Customer IO,1,1461.16
2023-06-28,Other,1,15963.0
2023-06-29,Organic,1,1110.78
2023-06-29,Other,1,3735.2
2023-06-29,Vrbo,1,4097.68
2023-06-30,Airbnb,1,2368.74
2023-06-30,Organic,1,3516.8
2023-07-01,Airbnb,1,7226.52
2023-07-01,Organic,1,4218.5
2023-07-01,Other,2,5050.41
2023-07-03,Direct Mail,2,7535.76
2023-07-03,Influencer,1,4218.5
2023-07-03,Organic,1,3523.37
2023-07-04,Direct Mail,1,2815.86
2023-07-04,Organic,1,3107.5
2023-07-05,Airbnb,2,5013.55
2023-07-05,Other,1,5400.16
2023-07-06,Airbnb,1,2722.79
2023-07-06,Other,1,3929.4
2023-07-07,Organic,1,5906.24
2023-07-08,Airbnb,1,2054.46
2023-07-09,Other,2,8333.74
2023-07-10,Google,1,1836.8
2023-07-10,Other,1,2125.44
2023-07-10,Vrbo,1,3482.2
2023-07-11,Organic,1,1593.29
2023-07-11,Vrbo,1,3309.47
2023-07-12,Airbnb,1,4486.25
2023-07-12,Organic,1,1879.2
2023-07-12,Other,1,4893.28
2023-07-13,Google,1,2209.15
2023-07-13,Organic,1,1041.35
2023-07-13,Other,2,12037.89
2023-07-14,Organic,4,9852.11
2023-07-15,Airbnb,2,25207.86
2023-07-15,Customer IO,1,1866.51
2023-07-15,Organic,5,31642.34
2023-07-15,Other,1,4990.86
2023-07-16,Customer IO,1,732.78
2023-07-16,Organic,1,2284.8
2023-07-16,Vrbo,1,3045.2
2023-07-17,Airbnb,1,3482.3
2023-07-17,Other,1,2096.15
2023-07-18,Airbnb,2,8691.2
2023-07-18,Customer IO,1,9015.78
2023-07-19,Airbnb,1,5622.12
2023-07-20,Airbnb,3,13597.01
2023-07-20,Organic,1,3939.39
2023-07-21,Organic,1,1544.7
2023-07-21,Other,1,3263.4
2023-07-22,Airbnb,1,3464.84
2023-07-22,Customer IO,1,6868.68
2023-07-22,Organic,4,29479.4
2023-07-22,Other,3,9214.04
2023-07-23,Airbnb,4,11611.4
2023-07-24,Organic,1,3612.0
2023-07-25,Airbnb,1,3094.3
2023-07-25,Organic,1,2503.2
2023-07-25,Other,1,2956.8
2023-07-26,Airbnb,1,4341.67
2023-07-26,Organic,2,26138.78
2023-07-26,Other,3,9208.56
2023-07-26,Vrbo,1,14662.27
2023-07-27,Airbnb,1,5268.6
2023-07-28,Airbnb,3,18098.54
2023-07-28,Customer IO,1,3263.4
2023-07-28,Organic,2,3378.64
2023-07-29,Organic,3,13561.06
2023-07-29,Other,1,6210.02
2023-07-30,Airbnb,1,2727.64
2023-07-31,Customer IO,1,5419.13
2023-07-31,Organic,1,2585.15
2023-08-01,Airbnb,1,4887.83
2023-08-01,Organic,1,4014.17
2023-08-02,Airbnb,3,11111.35
2023-08-02,Organic,1,1943.99
2023-08-03,Organic,1,4736.0
2023-08-04,Airbnb,1,5011.5
2023-08-04,Organic,1,4772.58
2023-08-05,Airbnb,2,10630.32
2023-08-06,Airbnb,1,9920.82
2023-08-06,Vrbo,1,3014.84
2023-08-07,Airbnb,1,1844.94
2023-08-07,Customer IO,1,1914.0
2023-08-07,Other,1,2431.68
2023-08-08,Airbnb,1,1603.41
2023-08-08,Organic,1,6751.75
2023-08-09,Airbnb,1,1603.41
2023-08-09,Other,1,3200.07
2023-08-10,Airbnb,3,13105.18
2023-08-10,Organic,2,7034.2
2023-08-10,Other,2,3720.91
2023-08-11,Airbnb,2,6730.92
2023-08-11,Booking,1,3985.0
2023-08-11,Organic,1,1914.0
2023-08-11,Other,2,12626.17
2023-08-11,Vrbo,2,6375.78
2023-08-12,Airbnb,1,4008.04
2023-08-12,Google,1,1352.66
2023-08-13,Booking,1,1809.1
2023-08-13,Organic,1,2170.8
2023-08-13,Other,1,3592.44
2023-08-14,Airbnb,1,2649.07
2023-08-14,Other,1,2397.6
2023-08-15,Google,1,1544.7
2023-08-15,Organic,2,8668.85
2023-08-16,Other,2,8218.8
2023-08-16,Vrbo,1,4078.86
2023-08-17,Airbnb,1,5873.69
2023-08-17,Customer IO,1,2544.0
2023-08-17,Organic,2,7556.54
2023-08-17,Other,1,2805.0
2023-08-18,Airbnb,1,10358.53
2023-08-18,Organic,5,17156.3
2023-08-19,Airbnb,1,3100.12
2023-08-19,Organic,2,6045.59
2023-08-19,Other,1,2755.0
2023-08-21,Airbnb,2,2634.52
2023-08-21,Organic,2,5253.8
2023-08-21,Vrbo,1,2654.2
2023-08-22,Airbnb,1,4134.14
2023-08-22,Other,1,3305.0
2023-08-23,Airbnb,1,3574.31
2023-08-23,Booking,1,1648.21
2023-08-23,Organic,1,2966.02
2023-08-23,Other,1,3878.33
2023-08-23,Vrbo,1,2481.25
2023-08-24,Airbnb,1,4073.37
2023-08-24,Direct Mail,1,2881.5
2023-08-24,Other,2,24583.01
2023-08-25,Airbnb,1,3878.06
2023-08-25,Organic,1,1986.9
2023-08-25,Vrbo,1,3431.6
2023-08-26,Organic,1,3543.68
2023-08-26,Other,1,2969.32
2023-08-27,Customer IO,1,12939.51
2023-08-27,Other,1,28201.6
2023-08-28,Airbnb,1,2546.42
2023-08-28,Direct Mail,1,2874.9
2023-08-28,Other,2,3087.0
2023-08-29,Organic,1,2090.64
2023-08-29,Other,1,6009.9
2023-08-30,Organic,1,3187.13
2023-08-31,Organic,1,9009.1
2023-08-31,Other,1,2041.29
2023-09-01,Airbnb,3,7409.13
2023-09-01,Organic,1,2620.8
2023-09-01,Other,3,13937.52
2023-09-01,Vrbo,1,6550.38
2023-09-02,Airbnb,1,1080.39
2023-09-02,Organic,2,10027.27
2023-09-02,Other,1,5734.4
2023-09-03,Other,2,13655.4
2023-09-04,Airbnb,1,3194.99
2023-09-04,Booking,1,3080.0
2023-09-04,Organic,1,1950.24
2023-09-04,Other,1,7309.5
2023-09-04,Vrbo,1,4841.89
2023-09-05,Organic,1,2671.03
2023-09-06,Airbnb,1,1844.94
2023-09-06,Other,1,2575.8
2023-09-07,Airbnb,1,2259.81
2023-09-07,Other,3,9026.62
2023-09-08,Airbnb,1,2897.81
2023-09-08,Direct Mail,1,1222.89
2023-09-08,Organic,1,1695.94
2023-09-08,Other,2,6237.64
2023-09-09,Airbnb,1,2570.5
2023-09-09,Other,4,29844.79
2023-09-10,Airbnb,2,6808.8
2023-09-10,Other,4,22967.99
2023-09-11,Airbnb,1,2812.65
2023-09-11,Organic,2,4821.59
2023-09-11,Other,1,2839.2
2023-09-11,Vrbo,1,4649.81
2023-09-13,Airbnb,1,8325.51
2023-09-13,Vrbo,1,3822.71
2023-09-14,Airbnb,2,9630.31
2023-09-14,Customer IO,1,4304.8
2023-09-14,Google,1,1825.95
2023-09-14,Organic,1,2884.5
2023-09-15,Airbnb,1,2211.31
2023-09-15,Customer IO,1,1130.26
2023-09-15,Organic,1,2647.35
2023-09-16,Customer IO,3,9295.32
2023-09-16,Organic,1,1334.67
2023-09-16,Other,1,3764.02
2023-09-17,Organic,2,7566.87
2023-09-17,Other,2,12930.8
2023-09-18,Airbnb,1,6221.58
2023-09-18,Customer IO,1,7345.82
2023-09-19,Organic,1,2950.38
2023-09-20,Airbnb,1,8303.2
2023-09-20,Organic,3,12719.55
2023-09-20,Other,2,4364.0
2023-09-21,Airbnb,2,5735.95
2023-09-21,Direct Mail,1,3091.1
2023-09-21,Organic,2,9643.23
2023-09-21,Other,4,16419.19
2023-09-22,Airbnb,1,1522.71
2023-09-22,Customer IO,1,26138.56
2023-09-22,Organic,5,31721.57
2023-09-22,Other,2,6043.95
2023-09-23,Airbnb,2,8296.31
2023-09-23,Other,1,2620.8
2023-09-24,Airbnb,2,18970.88
2023-09-24,Direct Mail,1,3155.0
2023-09-24,Organic,1,1714.62
2023-09-24,Other,1,4223.55
2023-09-25,Customer IO,1,3613.1
2023-09-25,Other,1,4874.01
2023-09-26,Airbnb,1,3858.47
2023-09-26,Organic,2,8794.92
2023-09-27,Airbnb,1,1291.75
2023-09-27,Organic,1,3714.77
2023-09-28,Airbnb,2,4524.64
2023-09-28,Other,1,3119.1
2023-09-29,Airbnb,1,1100.95
2023-09-29,Organic,1,2919.58
2023-09-29,Other,1,7049.92
2023-09-30,Airbnb,1,5319.17
2023-09-30,Google,1,4889.55
2023-09-30,Organic,1,4746.57
2023-09-30,Other,1,6617.7
2023-10-01,Airbnb,2,7164.3
2023-10-01,Other,1,2844.8
2023-10-02,Airbnb,2,5596.41
2023-10-02,Booking,1,2278.55
2023-10-04,Airbnb,2,9698.64
2023-10-04,Organic,2,3747.61
2023-10-04,Other,1,2118.58
2023-10-05,Airbnb,2,4783.11
2023-10-06,Airbnb,2,3487.05
2023-10-06,Direct Mail,1,3243.65
2023-10-06,Organic,2,6672.42
2023-10-06,Other,2,5959.61
2023-10-06,Vrbo,1,5631.91
2023-10-07,Airbnb,2,6177.58
2023-10-07,Organic,1,2642.58
2023-10-07,Other,1,2148.03
2023-10-08,Airbnb,3,13085.04
2023-10-09,Airbnb,1,2108.78
2023-10-09,Other,1,6087.57
2023-10-10,Airbnb,1,4250.54
2023-10-10,Organic,1,2898.5
2023-10-11,Airbnb,1,1553.94
2023-10-11,Other,2,5127.37
2023-10-12,Other,4,11666.74
2023-10-13,Airbnb,1,2073.37
2023-10-13,Organic,1,2898.5
2023-10-13,Other,1,5000.0
2023-10-14,Airbnb,3,7621.04
2023-10-14,Other,2,11464.8
2023-10-15,Airbnb,1,3470.66
2023-10-15,Other,1,2669.55
2023-10-16,Airbnb,2,12177.48
2023-10-16,Organic,1,3078.14
2023-10-16,Other,1,3076.88
2023-10-17,Google,2,6707.52
2023-10-18,Airbnb,2,12193.45
2023-10-18,Google,1,2096.1
2023-10-18,Organic,1,2142.0
2023-10-18,Other,4,6564.6
2023-10-19,Airbnb,2,4935.75
2023-10-20,Airbnb,2,7246.44
2023-10-20,Organic,2,7727.86
2023-10-20,Other,2,7213.74
2023-10-21,Direct Mail,1,4045.75
2023-10-21,Organic,1,7293.55
2023-10-21,Other,2,3514.4
2023-10-22,Organic,1,3723.25
2023-10-22,Other,1,8363.5
2023-10-23,Airbnb,2,4260.19
2023-10-23,Customer IO,1,4528.25
2023-10-23,Organic,1,1987.2
2023-10-23,Other,1,12454.5
2023-10-24,Organic,1,2791.8
2023-10-24,Other,1,1693.99
2023-10-25,Customer IO,1,1422.9
2023-10-25,Organic,1,1531.15
2023-10-25,Other,2,5401.75
2023-10-26,Organic,2,5087.4
2023-10-27,Airbnb,1,6355.78
2023-10-27,Organic,1,2531.2
2023-10-27,Other,2,5753.54
2023-10-28,Airbnb,1,8872.94
2023-10-28,Google,1,6731.7
2023-10-28,Organic,1,2285.32
2023-10-28,Other,1,7788.38
2023-10-29,Airbnb,1,2910.0
2023-10-31,Airbnb,1,5725.8
2023-10-31,Other,1,6008.75
2023-11-01,Airbnb,3,5775.5
2023-11-01,Other,2,6175.9
2023-11-03,Airbnb,1,3929.57
2023-11-03,Other,3,9765.28
2023-11-03,Vrbo,1,9792.25
2023-11-04,Airbnb,1,1373.52
2023-11-04,Other,4,7189.2
2023-11-04,Vrbo,2,13534.69
2023-11-05,Airbnb,4,11102.52
2023-11-06,Other,1,2046.03
2023-11-07,Airbnb,1,5271.95
2023-11-07,Other,4,12218.74
2023-11-08,Airbnb,3,14339.2
2023-11-08,Organic,2,5000.22
2023-11-08,Other,2,5239.95
2023-11-09,Airbnb,4,10267.96
2023-11-09,Customer IO,1,2755.5
2023-11-10,Meta,1,1738.8
2023-11-10,Organic,1,1591.2
2023-11-11,Airbnb,4,32248.98
2023-11-11,Google,1,3355.8
2023-11-11,Other,5,17004.87
2023-11-12,Organic,2,5288.01
2023-11-12,Other,2,20404.6
2023-11-13,Airbnb,1,1798.32
2023-11-13,Customer IO,1,1489.2
2023-11-13,Google,1,2285.0
2023-11-13,Organic,2,16332.59
2023-11-13,Other,1,3324.8
2023-11-14,Airbnb,1,2715.61
2023-11-14,Organic,1,5270.4
2023-11-14,Other,2,3677.3
2023-11-15,Airbnb,2,3756.23
2023-11-15,Customer IO,1,2955.3
2023-11-15,Organic,2,6666.98
2023-11-15,Other,1,1931.31
2023-11-15,Vrbo,1,6715.0
2023-11-16,Airbnb,1,12561.86
2023-11-16,Other,1,1537.35
2023-11-17,Other,1,2955.3
2023-11-18,Customer IO,1,4815.72
2023-11-18,Organic,1,2277.66
2023-11-18,Other,1,14454.0
2023-11-19,Airbnb,4,16902.25
2023-11-19,Direct Mail,1,5315.4
2023-11-19,Other,1,2876.88
2023-11-20,Airbnb,1,2700.48
2023-11-20,Organic,1,2715.03
2023-11-21,Airbnb,1,2568.56
2023-11-21,Organic,2,3848.7
2023-11-22,Customer IO,1,2722.21
2023-11-22,Other,1,2685.81
2023-11-22,Vrbo,2,13853.01
2023-11-23,Organic,1,1395.55
2023-11-23,Other,2,4490.26
2023-11-24,Airbnb,2,4990.39
2023-11-24,Other,2,6420.13
2023-11-25,Airbnb,4,12109.83
2023-11-25,Organic,3,21811.77
2023-11-26,Airbnb,2,3768.84
2023-11-26,Customer IO,1,3523.44
2023-11-26,Organic,1,2642.58
2023-11-27,Airbnb,3,15304.66
2023-11-27,Meta,1,2647.35
2023-11-27,Organic,4,25956.49
2023-11-27,Vrbo,1,8495.0
2023-11-28,Airbnb,1,1813.86
2023-11-28,Customer IO,1,442.4
2023-11-28,Organic,3,5379.83
2023-11-28,Other,1,1998.35
2023-11-28,Vrbo,1,9291.7
2023-11-29,Airbnb,1,2262.99
2023-11-29,Customer IO,1,1937.6
2023-11-29,Organic,2,2484.67
2023-11-29,Other,2,15951.8
2023-11-30,Airbnb,3,9989.53
2023-11-30,Customer IO,1,1714.3
2023-11-30,Direct Mail,1,1235.0
2023-11-30,Other,2,8381.45
2023-12-01,Airbnb,1,3245.45
2023-12-01,Organic,2,4491.6
2023-12-01,Other,1,1485.0
2023-12-02,Airbnb,2,10338.27
2023-12-02,Meta,1,1990.28
2023-12-02,Organic,1,11129.0
2023-12-02,Vrbo,1,9517.93
2023-12-03,Airbnb,2,6558.81
2023-12-03,Google,1,3101.06
2023-12-03,Organic,3,14160.6
2023-12-03,Other,1,3809.9
2023-12-04,Airbnb,2,7181.35
2023-12-04,Other,1,1957.5
2023-12-04,Vrbo,1,7664.97
2023-12-05,Airbnb,3,4174.82
2023-12-05,Other,2,3727.88
2023-12-05,Vrbo,1,3836.0
2023-12-06,Airbnb,2,4800.72
2023-12-06,Organic,1,3235.43
2023-12-06,Other,1,3913.6
2023-12-07,Airbnb,3,12942.92
2023-12-07,Organic,1,5633.4
2023-12-07,Other,3,9205.01
2023-12-08,Airbnb,1,1909.74
2023-12-08,Organic,1,1418.75
2023-12-08,Other,2,3680.1
2023-12-08,Vrbo,1,14287.46
2023-12-09,Airbnb,1,3726.74
2023-12-09,Other,1,2626.05
2023-12-10,Airbnb,4,11608.18
2023-12-10,Direct Mail,1,3226.39
2023-12-10,Organic,1,2551.61
2023-12-10,Other,1,1495.2
2023-12-11,Airbnb,2,12072.1
2023-12-11,Organic,3,15672.73
2023-12-11,Other,2,9522.81
2023-12-12,Airbnb,3,7402.07
2023-12-12,Direct Mail,1,656.73
2023-12-12,Organic,1,3131.1
2023-12-12,Other,2,9813.54
2023-12-13,Airbnb,2,9465.14
2023-12-13,Meta,1,722.4
2023-12-13,Organic,1,3118.04
2023-12-13,Other,1,2620.9
2023-12-14,Airbnb,1,3260.23
2023-12-14,Other,2,17804.95
2023-12-14,Vrbo,1,6003.96
2023-12-15,Airbnb,2,8096.91
2023-12-15,Customer IO,1,8164.8
2023-12-15,Other,1,2880.01
2023-12-16,Organic,3,9913.5
2023-12-16,Other,4,19502.89
2023-12-17,Airbnb,2,4218.41
2023-12-17,Organic,5,18104.58
2023-12-17,Other,3,7324.8
2023-12-18,Airbnb,2,3988.64
2023-12-18,Organic,1,4894.8
2023-12-19,Organic,1,3659.25
2023-12-20,Manual,1,2564.55
2023-12-20,Organic,1,4381.35
2023-12-21,Airbnb,1,3421.48
2023-12-22,Organic,3,6395.52
2023-12-23,Airbnb,1,2547.22
2023-12-23,Customer IO,1,1030.49
2023-12-23,Google,1,4821.44
2023-12-23,Organic,2,10993.71
2023-12-23,Other,1,1428.36
2023-12-24,Airbnb,1,12801.28
2023-12-24,Organic,2,11490.44
2023-12-24,Other,2,3742.32
2023-12-25,Organic,2,6823.34
2023-12-26,Organic,2,11713.62
2023-12-27,Airbnb,2,7240.47
2023-12-27,Meta,1,1455.0
2023-12-27,Organic,1,2401.61
2023-12-27,Vrbo,1,2793.31
2023-12-28,Organic,1,4365.9
2023-12-28,Other,1,3134.18
2023-12-28,Vrbo,1,7291.46
2023-12-29,Airbnb,1,3590.5
2023-12-29,Customer IO,2,7358.51
2023-12-29,Organic,1,23005.63
2023-12-29,Other,4,18082.65
2023-12-30,Airbnb,2,3291.98
2023-12-30,Customer IO,1,11765.88
2023-12-30,Organic,3,6450.38
2023-12-30,Other,4,14109.41
2023-12-31,Airbnb,1,831.58
2023-12-31,Organic,2,4892.57
2023-12-31,Other,3,8330.65
2024-01-01,Airbnb,1,2779.98
2024-01-01,Other,2,14424.34
2024-01-02,Airbnb,4,8682.18
2024-01-02,Organic,1,1746.8
2024-01-02,Other,1,1126.68
2024-01-03,Airbnb,2,2380.91
2024-01-03,Organic,3,12578.45
2024-01-03,Other,2,47998.7
2024-01-03,Vrbo,1,5686.8
2024-01-04,Airbnb,3,11589.29
2024-01-04,Customer IO,1,2011.05
2024-01-04,Organic,1,1337.81
2024-01-04,Other,1,4171.95
2024-01-05,Airbnb,2,4691.31
2024-01-05,Google,1,5387.4
2024-01-05,Vrbo,2,5160.72
2024-01-06,Vrbo,1,4411.05
2024-01-07,Airbnb,2,4335.9
2024-01-07,Customer IO,1,4471.05
2024-01-07,Google,1,2600.09
2024-01-07,Organic,3,33171.4
2024-01-07,Other,1,3351.75
2024-01-08,Airbnb,2,6532.95
2024-01-08,Organic,2,4007.3
2024-01-08,Other,4,24102.8
2024-01-08,Vrbo,2,11867.06
2024-01-09,Organic,2,4542.3
2024-01-09,Other,3,14703.94
2024-01-10,Airbnb,5,32973.79
2024-01-10,Organic,1,1856.25
2024-01-10,Other,1,1826.55
2024-01-10,Vrbo,1,22086.04
2024-01-11,Airbnb,3,9709.7
2024-01-11,Other,3,4663.41
2024-01-11,Vrbo,1,4441.25
2024-01-12,Airbnb,3,12446.11
2024-01-12,Customer IO,1,2478.56
2024-01-12,Organic,2,12302.1
2024-01-12,Other,3,9888.94
2024-01-13,Airbnb,5,20621.23
2024-01-13,Google,1,8239.32
2024-01-13,Organic,1,1490.6
2024-01-13,Other,2,22132.6
2024-01-14,Airbnb,3,10950.02
2024-01-14,Organic,1,6439.05
2024-01-14,Other,11,39298.5
2024-01-14,Vrbo,1,5565.29
2024-01-15,Organic,3,10229.04
2024-01-15,Other,2,4645.8
2024-01-16,Airbnb,1,1553.94
2024-01-16,Organic,4,35362.37
2024-01-16,Other,3,6681.28
2024-01-17,Airbnb,2,7681.43
2024-01-17,Customer IO,1,3804.8
2024-01-17,Organic,2,6169.83
2024-01-17,Other,1,2982.0
2024-01-18,Airbnb,2,12031.8
2024-01-18,Organic,1,4398.75
2024-01-19,Airbnb,5,19414.45
2024-01-19,Direct Mail,1,2021.2
2024-01-19,Google,1,2933.55
2024-01-19,Organic,1,4172.52
2024-01-19,Other,4,8786.11
2024-01-19,Vrbo,1,6074.14
2024-01-20,Airbnb,1,6038.54
2024-01-20,Organic,1,3522.6
2024-01-20,Other,2,4727.55
2024-01-20,Vrbo,1,7773.32
2024-01-21,Airbnb,1,7051.71
2024-01-21,Customer IO,1,5765.2
2024-01-21,Organic,2,10466.7
2024-01-21,Other,1,6843.75
2024-01-21,Vrbo,1,4185.17
2024-01-22,Customer IO,1,1771.16
2024-01-22,Organic,1,5227.7
2024-01-22,Other,3,7586.15
2024-01-23,Airbnb,2,9824.16
2024-01-23,Organic,3,8321.28
2024-01-23,Other,2,8300.26
2024-01-24,Airbnb,4,16697.1
2024-01-24,Customer IO,1,1731.26
2024-01-24,Organic,1,6345.51
2024-01-25,Airbnb,1,2522.0
2024-01-25,Customer IO,1,1703.55
2024-01-25,Direct Mail,1,2615.2
2024-01-25,Organic,2,13079.4
2024-01-26,Airbnb,2,11418.84
2024-01-26,Customer IO,1,1668.75
2024-01-26,Organic,2,13200.25
2024-01-26,Other,1,8000.67
2024-01-27,Airbnb,1,1304.09
2024-01-27,Customer IO,3,9421.22
2024-01-27,Organic,6,30264.17
2024-01-27,Other,2,7897.45
2024-01-28,Airbnb,2,14806.84
2024-01-28,Customer IO,1,2995.05
2024-01-28,Organic,6,33638.2
2024-01-28,Other,3,17021.19
2024-01-28,Vrbo,1,3179.68
2024-01-29,Airbnb,3,6477.14
2024-01-29,Customer IO,1,1427.93
2024-01-29,Organic,1,2060.76
2024-01-29,Other,2,10188.65
2024-01-30,Airbnb,2,4288.37
2024-01-30,Organic,3,8653.73
2024-01-30,Other,4,18272.4
2024-01-30,Vrbo,1,16262.23
2024-01-31,Airbnb,1,11444.59
2024-01-31,Customer IO,1,1481.25
2024-01-31,Other,1,1168.75
2024-02-01,Airbnb,1,2522.0
2024-02-01,Customer IO,1,6354.72
2024-02-01,Organic,1,8753.5
2024-02-01,Other,2,7613.4
2024-02-01,Vrbo,1,16283.11
2024-02-02,Airbnb,1,10131.65
2024-02-02,Direct Mail,1,4770.78
2024-02-02,Organic,1,2616.0
2024-02-02,Other,3,12830.74
2024-02-03,Airbnb,3,12544.7
2024-02-03,Google,1,2475.0
2024-02-03,Organic,1,2816.0
2024-02-03,Other,2,5079.15
2024-02-04,Airbnb,2,4091.46
2024-02-04,Google,1,368.75
2024-02-05,Airbnb,3,7747.86
2024-02-05,Customer IO,1,6996.28
2024-02-05,Organic,2,5227.1
2024-02-05,Other,1,1922.08
2024-02-05,Vrbo,1,3602.97
2024-02-06,Organic,4,14038.95
2024-02-07,Airbnb,1,3674.36
2024-02-07,Google,1,2231.25
2024-02-07,Organic,4,45228.5
2024-02-07,Vrbo,2,17510.26
2024-02-08,Airbnb,2,4582.76
2024-02-08,Organic,1,3111.9
2024-02-08,Other,1,7497.0
2024-02-09,Airbnb,2,3904.42
2024-02-09,Customer IO,1,3356.26
2024-02-09,Organic,5,37133.18
2024-02-09,Other,2,9872.78
2024-02-10,Airbnb,2,6071.89
2024-02-10,Organic,2,6681.65
2024-02-10,Other,2,8037.2
2024-02-10,Vrbo,1,3521.48
2024-02-11,Airbnb,4,13754.82
2024-02-11,Google,1,2862.0
2024-02-11,Organic,4,26304.71
2024-02-12,Airbnb,5,14236.98
2024-02-12,Customer IO,3,20935.16
2024-02-12,Google,1,3876.0
2024-02-12,Organic,4,18629.3
2024-02-13,Airbnb,3,13818.62
2024-02-13,Customer IO,1,2933.55
2024-02-13,Organic,1,9375.08
2024-02-13,Other,4,18335.18
2024-02-13,Vrbo,2,9698.39
2024-02-14,Airbnb,1,3808.22
2024-02-14,Organic,1,2211.18
2024-02-14,Other,2,5968.97
2024-02-15,Airbnb,1,3988.64
2024-02-15,Organic,5,18712.08
2024-02-15,Other,2,12034.8
2024-02-16,Airbnb,1,2207.72
2024-02-16,Customer IO,2,6004.25
2024-02-17,Airbnb,3,6437.31
2024-02-17,Customer IO,2,6873.45
2024-02-17,Meta,1,1596.0
2024-02-17,Organic,1,6081.25
2024-02-17,Other,1,6002.4
2024-02-18,Airbnb,2,6680.68
2024-02-18,Customer IO,2,11071.45
2024-02-18,Organic,1,3192.48
2024-02-18,Other,2,26207.72
2024-02-18,Vrbo,1,1476.18
2024-02-19,Airbnb,1,2417.24
2024-02-19,Google,1,2069.33
2024-02-19,Organic,4,23852.34
2024-02-20,Airbnb,3,8227.54
2024-02-20,Vrbo,1,8375.87
2024-02-21,Airbnb,3,10154.35
2024-02-21,Customer IO,1,3979.06
2024-02-21,Organic,1,2481.25
2024-02-22,Airbnb,1,2411.42
2024-02-22,Organic,1,1351.6
2024-02-23,Airbnb,1,3072.96
2024-02-23,Organic,1,2542.75
2024-02-23,Other,1,945.13
2024-02-24,Airbnb,3,7571.82
2024-02-25,Organic,5,21985.57
2024-02-25,Other,1,2084.65
2024-02-26,Airbnb,2,4017.74
2024-02-26,Customer IO,1,4393.75
2024-02-26,Organic,2,6203.93
2024-02-26,Other,2,7677.0
2024-02-27,Airbnb,1,1522.9
2024-02-27,Customer IO,2,8262.56
2024-02-27,Organic,4,15339.38
2024-02-27,Other,1,12000.33
2024-02-28,Airbnb,2,4334.17
2024-02-28,Customer IO,1,2671.8
2024-02-28,Organic,3,16039.9
2024-02-28,Other,3,14092.55
2024-02-28,Vrbo,1,6562.22
2024-02-29,Airbnb,2,12264.68
2024-02-29,Organic,3,9456.23
2024-02-29,Other,2,7032.65
2024-02-29,Vrbo,1,8455.31
2024-03-01,Airbnb,4,10045.0
2024-03-01,Organic,3,10368.23
2024-03-01,Other,2,9013.42
2024-03-02,Airbnb,2,8675.68
2024-03-02,Organic,2,8990.4
2024-03-02,Other,1,2103.9
2024-03-02,Vrbo,1,1498.19
2024-03-03,Airbnb,2,4149.66
2024-03-03,Organic,4,15518.81
2024-03-03,Other,2,3907.7
2024-03-04,Airbnb,3,6702.02
2024-03-04,Meta,2,5816.15
2024-03-04,Organic,3,15215.33
2024-03-04,Other,2,11824.21
2024-03-04,Vrbo,1,6257.91
2024-03-05,Airbnb,2,10144.16
2024-03-05,Customer IO,2,28524.25
2024-03-05,Google,1,2366.0
2024-03-05,Organic,3,6275.81
2024-03-05,Other,1,3548.56
2024-03-05,Vrbo,2,10637.48
2024-03-06,Airbnb,5,20431.31
2024-03-06,Organic,1,6811.02
2024-03-06,Other,1,2370.0
2024-03-07,Airbnb,3,5058.4
2024-03-07,Customer IO,1,1283.4
2024-03-07,Google,2,9824.98
2024-03-07,Organic,1,16862.13
2024-03-07,Other,5,12112.83
2024-03-07,Vrbo,1,9053.9
2024-03-08,Airbnb,5,19767.44
2024-03-08,Customer IO,3,4341.78
2024-03-08,Organic,3,29808.68
2024-03-08,Other,5,16436.6
2024-03-08,Vrbo,1,9879.07
2024-03-09,Airbnb,5,11323.29
2024-03-09,Organic,4,17869.87
2024-03-09,Other,2,16326.7
2024-03-10,Airbnb,4,12293.15
2024-03-10,Organic,1,2238.7
2024-03-10,Other,1,6487.85
2024-03-11,Airbnb,4,15930.07
2024-03-11,Customer IO,1,1856.25
2024-03-11,Other,3,17621.0
2024-03-11,Vrbo,2,17077.3
2024-03-12,Airbnb,2,5640.55
2024-03-12,Organic,2,6664.6
2024-03-12,Other,3,8486.51
2024-03-13,Airbnb,2,6182.88
2024-03-13,Organic,2,13384.3
2024-03-13,Other,1,1705.56
2024-03-14,Airbnb,1,3627.8
2024-03-14,Customer IO,1,6974.9
2024-03-14,Organic,3,15968.94
2024-03-14,Other,3,10421.05
2024-03-14,Vrbo,1,7023.0
2024-03-15,Airbnb,3,16491.36
2024-03-16,Airbnb,4,16005.02
2024-03-16,Customer IO,1,4890.0
2024-03-16,Organic,1,5136.0
2024-03-16,Other,3,24800.78
2024-03-16,Vrbo,1,22513.02
2024-03-17,Airbnb,1,3403.73
2024-03-17,Other,3,25993.2
2024-03-17,Vrbo,1,3027.79
2024-03-18,Organic,2,8161.79
2024-03-18,Vrbo,1,5359.69
2024-03-19,Airbnb,4,15937.97
2024-03-19,Customer IO,1,8674.32
2024-03-19,Organic,5,38666.84
2024-03-19,Other,1,3475.55
2024-03-19,Vrbo,1,7307.33
2024-03-20,Airbnb,7,26909.49
2024-03-20,Google,1,6696.0
2024-03-20,Organic,1,2421.18
2024-03-20,Other,1,2856.0
2024-03-21,Airbnb,2,2938.13
2024-03-21,Customer IO,3,14594.54
2024-03-21,Meta,1,2294.75
2024-03-21,Other,3,31043.2
2024-03-22,Airbnb,1,3137.22
2024-03-22,Customer IO,1,5273.1
2024-03-22,Organic,2,17060.2
2024-03-22,Other,4,10314.08
2024-03-23,Airbnb,7,23502.78
2024-03-23,Organic,2,11576.0
2024-03-23,Other,1,3118.05
2024-03-23,Vrbo,1,4443.96
2024-03-24,Airbnb,6,47006.34
2024-03-24,Google,1,2942.1
2024-03-24,Organic,3,8148.51
2024-03-24,Other,2,10613.4
2024-03-25,Airbnb,4,17663.31
2024-03-25,Customer IO,2,6781.43
2024-03-25,Organic,1,3641.7
2024-03-25,Other,4,16678.79
2024-03-25,Vrbo,1,3531.42
2024-03-26,Airbnb,2,4315.48
2024-03-26,Organic,3,6033.7
2024-03-26,Other,2,25314.0
2024-03-27,Airbnb,3,22746.5
2024-03-27,Organic,1,3372.8
2024-03-27,Other,1,793.52
2024-03-27,Vrbo,1,8636.73
2024-03-28,Airbnb,2,7414.15
2024-03-28,Customer IO,1,5014.8
2024-03-28,Organic,1,1402.2
2024-03-28,Other,2,6141.2
2024-03-29,Airbnb,2,9187.45
2024-03-29,Organic,2,7528.2
2024-03-30,Airbnb,2,9857.48
2024-03-30,Organic,1,4888.8
2024-03-30,Other,1,2247.5
2024-03-31,Airbnb,3,9770.13
2024-03-31,Customer IO,1,3558.4
2024-03-31,Google,1,12402.4
2024-03-31,Organic,2,10764.83
2024-04-01,Airbnb,1,3040.95
2024-04-01,Organic,2,4980.21
2024-04-01,Other,3,7617.84
2024-04-02,Airbnb,3,11687.93
2024-04-02,Customer IO,1,4265.1
2024-04-02,Organic,3,9925.92
2024-04-02,Other,1,3763.7
2024-04-03,Airbnb,5,18249.92
2024-04-03,Direct Mail,1,2060.1
2024-04-03,Organic,1,1872.7
2024-04-03,Other,2,5835.9
2024-04-04,Google,1,5293.31
2024-04-04,Organic,2,5941.8
2024-04-05,Airbnb,2,4907.71
2024-04-05,Customer IO,1,2258.48
2024-04-05,Organic,2,16554.9
2024-04-06,Airbnb,4,8292.04
2024-04-06,Customer IO,1,7816.0
2024-04-06,Other,1,2626.05
2024-04-07,Airbnb,5,22362.18
2024-04-07,Customer IO,1,3468.75
2024-04-07,Organic,4,14339.21
2024-04-07,Other,3,6202.15
2024-04-07,Vrbo,3,8816.62
2024-04-08,Airbnb,3,7683.27
2024-04-08,Other,1,3847.6
2024-04-09,Airbnb,5,36810.24
2024-04-09,Organic,5,44908.02
2024-04-09,Other,1,0.0
2024-04-10,Airbnb,3,8369.6
2024-04-10,Customer IO,1,2083.77
2024-04-10,Organic,1,2616.0
2024-04-10,Other,3,15399.4
2024-04-11,Airbnb,3,12774.32
2024-04-11,Customer IO,1,2828.15
2024-04-11,Organic,3,28349.2
2024-04-11,Other,1,2435.4
2024-04-11,Vrbo,1,5770.14
2024-04-12,Airbnb,2,6281.23
2024-04-12,Customer IO,2,14250.06
2024-04-12,Meta,1,3272.64
2024-04-12,Other,1,7501.97
2024-04-13,Airbnb,2,6299.86
2024-04-13,Customer IO,2,6939.9
2024-04-13,Direct Mail,1,1900.8
2024-04-13,Organic,2,5772.18
2024-04-14,Organic,4,11561.55
2024-04-14,Other,1,3241.44
2024-04-14,Vrbo,1,6625.82
2024-04-15,Customer IO,1,1909.92
2024-04-15,Organic,4,21281.65
2024-04-15,Other,1,5870.5
2024-04-16,Airbnb,4,10468.43
2024-04-16,Organic,2,5972.2
2024-04-17,Airbnb,2,7610.33
2024-04-17,Organic,4,13386.62
2024-04-17,Other,2,3940.58
2024-04-18,Airbnb,1,2865.82
2024-04-18,Customer IO,1,4956.9
2024-04-18,Organic,1,10458.0
2024-04-18,Other,2,8957.58
2024-04-19,Airbnb,3,13910.92
2024-04-19,Customer IO,1,2824.6
2024-04-19,Organic,1,3068.1
2024-04-19,Other,3,19329.03
2024-04-20,Airbnb,3,14928.3
2024-04-20,Customer IO,1,2680.3
2024-04-20,Organic,1,1659.12
2024-04-21,Airbnb,2,8619.86
2024-04-21,Customer IO,1,1686.4
2024-04-21,Organic,1,2594.6
2024-04-22,Airbnb,1,2828.03
2024-04-22,Customer IO,2,8880.8
2024-04-22,Organic,3,31135.4
2024-04-22,Other,2,4593.2
2024-04-23,Airbnb,1,8364.84
2024-04-23,Customer IO,2,3347.55
2024-04-23,Other,3,9637.26
2024-04-24,Airbnb,1,3113.7
2024-04-24,Other,1,4580.1
2024-04-25,Airbnb,2,10434.29
2024-04-25,Organic,1,6526.8
2024-04-25,Other,4,45140.81
2024-04-25,Vrbo,1,3641.76
2024-04-26,Airbnb,2,8524.02
2024-04-26,Organic,3,12233.76
2024-04-26,Vrbo,1,4769.92
2024-04-27,Airbnb,2,4533.44
2024-04-27,Customer IO,1,14681.36
2024-04-27,Direct Mail,1,2123.1
2024-04-27,Organic,2,5058.65
2024-04-27,Other,5,13289.09
2024-04-28,Airbnb,3,7842.45
2024-04-28,Customer IO,1,1961.3
2024-04-29,Airbnb,2,4484.7
2024-04-29,Organic,1,3622.4
2024-04-29,Other,1,12938.0
2024-04-29,Vrbo,1,7097.52
2024-04-30,Airbnb,3,8390.5
2024-04-30,Customer IO,1,1351.16
2024-04-30,Google,1,10758.0
2024-04-30,Organic,1,2377.4
2024-04-30,Other,2,15515.4
2024-05-01,Airbnb,5,31699.34
2024-05-01,Organic,3,8289.4
2024-05-02,Airbnb,2,8477.95
2024-05-02,Organic,4,17955.66
2024-05-02,Other,3,8416.53
2024-05-03,Airbnb,3,11028.72
2024-05-03,Google,1,6925.4
2024-05-03,Organic,1,2860.8
2024-05-03,Other,2,5377.05
2024-05-04,Airbnb,1,1877.1
2024-05-04,Customer IO,1,1463.7
2024-05-04,Organic,3,21139.6
2024-05-04,Other,2,6496.55
2024-05-04,Vrbo,1,5142.1
2024-05-05,Airbnb,3,8178.22
2024-05-05,Organic,1,4212.75
2024-05-05,Other,1,3500.02
2024-05-06,Customer IO,1,2834.05
2024-05-06,Organic,4,20189.08
2024-05-06,Other,2,7302.67
2024-05-07,Airbnb,4,11826.24
2024-05-07,Organic,1,7396.0
2024-05-07,Other,3,10764.21
2024-05-08,Airbnb,2,5458.58
2024-05-08,Customer IO,1,1962.0
2024-05-08,Organic,5,25281.21
2024-05-08,Other,3,9451.28
2024-05-09,Airbnb,2,3364.59
2024-05-09,Customer IO,1,5070.0
2024-05-09,Organic,2,13618.25
2024-05-10,Airbnb,2,7093.61
2024-05-10,Customer IO,2,6559.44
2024-05-10,Organic,3,11061.05
2024-05-10,Other,1,3156.0
2024-05-11,Airbnb,2,9131.58
2024-05-11,Organic,3,22133.48
2024-05-11,Other,1,3132.65
2024-05-12,Airbnb,1,2530.73
2024-05-12,Google,2,14853.4
2024-05-12,Organic,1,7589.1
2024-05-13,Airbnb,1,1898.29
2024-05-13,Organic,1,2622.0
2024-05-13,Vrbo,1,5500.33
2024-05-14,Airbnb,1,3030.47
2024-05-14,Organic,2,6235.4
2024-05-14,Other,2,23710.6
2024-05-15,Organic,2,10683.15
2024-05-16,Airbnb,3,13937.18
2024-05-16,Meta,1,3050.8
2024-05-16,Organic,3,12277.1
2024-05-16,Other,4,19856.3
2024-05-17,Airbnb,3,6043.1
2024-05-17,Meta,1,2476.6
2024-05-17,Organic,4,20749.8
2024-05-17,Other,2,15463.98
2024-05-18,Airbnb,2,9848.02
2024-05-18,Google,1,12864.0
2024-05-18,Organic,1,5332.05
2024-05-18,Other,3,12290.2
2024-05-19,Airbnb,1,4179.73
2024-05-19,Google,1,1662.0
2024-05-19,Organic,1,9205.45
2024-05-19,Other,2,22891.63
2024-05-20,Airbnb,2,8462.28
2024-05-20,Customer IO,2,4503.4
2024-05-20,Organic,3,18706.8
2024-05-20,Other,1,4212.75
2024-05-21,Airbnb,3,23998.93
2024-05-21,Organic,1,9569.45
2024-05-21,Other,3,16620.9
2024-05-22,Customer IO,3,9303.8
2024-05-22,Organic,2,11334.55
2024-05-22,Other,2,7826.2
2024-05-23,Airbnb,1,5475.65
2024-05-23,Organic,3,11993.6
2024-05-23,Other,2,7593.36
2024-05-24,Airbnb,3,12174.47
2024-05-24,Google,1,1602.0
2024-05-24,Other,1,2970.0
2024-05-25,Airbnb,1,2165.43
2024-05-25,Customer IO,1,3021.03
2024-05-25,Organic,5,23058.87
2024-05-25,Other,1,5301.71
2024-05-25,Vrbo,1,2344.3
2024-05-26,Airbnb,3,19747.26
2024-05-26,Organic,3,14716.38
2024-05-26,Other,1,1615.19
2024-05-27,Airbnb,1,3932.38
2024-05-27,Google,2,8124.13
2024-05-27,Meta,1,7935.4
2024-05-27,Organic,1,5004.13
2024-05-27,Vrbo,1,3829.57
2024-05-28,Customer IO,2,6756.03
2024-05-28,Other,3,11087.59
2024-05-29,Airbnb,1,3399.85
2024-05-29,Organic,1,4332.8
2024-05-29,Other,2,36474.75
2024-05-30,Airbnb,2,9873.28
2024-05-30,Customer IO,2,8804.16
2024-05-30,Organic,1,5986.79
2024-05-30,Other,1,6051.6
2024-05-31,Organic,2,14488.28
2024-06-01,Customer IO,1,4442.8
2024-06-01,Organic,4,14895.15
2024-06-01,Other,1,6699.08
2024-06-01,Vrbo,1,6962.55
2024-06-02,Organic,1,7389.52
2024-06-02,Other,3,73576.4
2024-06-03,Airbnb,3,9798.4
2024-06-03,Direct Mail,1,5061.42
2024-06-03,Organic,2,14500.34
2024-06-03,Other,1,5145.71
2024-06-04,Airbnb,3,8239.3
2024-06-04,Direct Mail,1,2733.41
2024-06-04,Organic,1,2934.18
2024-06-04,Other,1,5061.42
2024-06-05,Airbnb,3,16034.34
2024-06-05,Customer IO,2,7194.75
2024-06-05,Organic,1,1954.31
2024-06-05,Other,2,16262.95
2024-06-06,Other,1,4207.32
2024-06-07,Airbnb,3,14618.57
2024-06-07,Customer IO,1,4390.47
2024-06-07,Other,3,9149.74
2024-06-07,Vrbo,1,3027.91
2024-06-08,Airbnb,2,8402.53
2024-06-08,Organic,2,12508.8
2024-06-09,Customer IO,2,4491.44
2024-06-09,Influencer,1,2860.8
2024-06-09,Organic,5,31661.98
2024-06-09,Other,1,8407.2
2024-06-10,Airbnb,5,18609.41
2024-06-10,Customer IO,2,12901.93
2024-06-10,Organic,3,19877.25
2024-06-10,Other,2,6542.1
2024-06-11,Airbnb,1,4160.99
2024-06-11,Organic,3,12112.82
2024-06-12,Airbnb,1,4178.53
2024-06-12,Organic,1,2564.1
2024-06-12,Other,3,10273.39
2024-06-13,Airbnb,1,8149.63
2024-06-13,Google,2,20613.65
2024-06-13,Organic,4,23888.47
2024-06-13,Other,2,10302.03
2024-06-14,Airbnb,1,2658.04
2024-06-14,Customer IO,2,13499.33
2024-06-14,Organic,3,12213.5
2024-06-15,Airbnb,1,6812.07
2024-06-15,Organic,1,6768.72
2024-06-15,Other,1,18184.6
2024-06-16,Airbnb,2,5647.73
2024-06-16,Organic,2,13225.2
2024-06-16,Other,1,12250.0
2024-06-17,Airbnb,1,5664.8
2024-06-17,Customer IO,1,2807.65
2024-06-17,Organic,2,4550.8
2024-06-17,Other,1,2011.05
2024-06-18,Organic,3,18382.37
2024-06-19,Airbnb,1,7822.08
2024-06-19,Organic,2,22230.98
2024-06-20,Customer IO,1,3936.75
2024-06-20,Other,2,38363.41
2024-06-21,Airbnb,3,13102.76
2024-06-21,Organic,1,5252.1
2024-06-22,Airbnb,3,18460.41
2024-06-22,Organic,4,16759.46
2024-06-22,Other,1,2400.0
2024-06-22,Vrbo,2,7358.49
2024-06-23,Airbnb,1,2314.42
2024-06-23,Customer IO,1,2142.0
2024-06-23,Organic,5,21432.0
2024-06-23,Other,1,4844.55
2024-06-24,Airbnb,1,5592.05
2024-06-24,Customer IO,1,9361.69
2024-06-24,Organic,1,2255.76
2024-06-25,Airbnb,1,2301.62
2024-06-25,Customer IO,1,3911.6
2024-06-25,Organic,1,9798.55
2024-06-26,Airbnb,1,4662.79
2024-06-26,Meta,1,8537.3
2024-06-26,Organic,1,3548.55
2024-06-26,Other,1,1996.06
2024-06-27,Airbnb,3,9709.74
2024-06-27,Customer IO,1,7721.6
2024-06-27,Organic,7,40451.33
2024-06-28,Airbnb,1,12701.22
2024-06-28,Customer IO,1,1852.54
2024-06-28,Other,1,2679.3
2024-06-29,Airbnb,3,8503.29
2024-06-29,Customer IO,2,11210.85
2024-06-29,Organic,4,14948.0
2024-06-30,Airbnb,3,10710.9
2024-06-30,Organic,1,4558.8
2024-06-30,Other,2,10432.33
2024-07-01,Customer IO,1,4650.08
2024-07-01,Organic,4,8027.98
2024-07-02,Airbnb,2,4520.59
2024-07-02,Customer IO,1,2195.55
2024-07-02,Influencer,1,12544.8
2024-07-02,Organic,2,10461.9
2024-07-02,Other,3,15787.76
2024-07-03,Airbnb,5,15615.93
2024-07-03,Customer IO,1,2627.1
2024-07-03,Organic,4,14042.82
2024-07-04,Airbnb,2,8256.64
2024-07-04,Customer IO,1,12354.25
2024-07-04,Organic,2,11944.58
2024-07-04,Vrbo,1,1760.42
2024-07-05,Airbnb,3,10642.84
2024-07-05,Customer IO,1,2158.18
2024-07-05,Organic,1,2360.7
2024-07-05,Other,2,5694.38
2024-07-06,Customer IO,1,2903.6
2024-07-06,Organic,2,4593.93
2024-07-06,Other,1,5695.95
2024-07-07,Airbnb,1,2273.68
2024-07-07,Google,2,12792.0
2024-07-07,Organic,3,18941.83
2024-07-07,Other,2,13024.85
2024-07-08,Airbnb,2,4725.84
2024-07-08,Customer IO,1,2613.24
2024-07-08,Organic,1,1662.0
2024-07-08,Other,1,1885.73
2024-07-09,Customer IO,1,1675.43
2024-07-09,Organic,5,47628.07
2024-07-09,Other,4,16032.44
2024-07-10,Airbnb,3,6048.92
2024-07-10,Customer IO,1,1075.46
2024-07-10,Organic,1,4738.6
2024-07-10,Other,2,6162.8
2024-07-11,Airbnb,2,7134.49
2024-07-11,Customer IO,2,21184.2
2024-07-11,Organic,2,8006.4
2024-07-11,Vrbo,1,3592.14
2024-07-12,Customer IO,1,5768.75
2024-07-12,Organic,1,2213.4
2024-07-12,Other,3,14703.74
2024-07-13,Airbnb,1,8649.32
2024-07-13,Customer IO,1,4457.1
2024-07-13,Other,1,7142.4
2024-07-14,Airbnb,2,6277.35
2024-07-14,Organic,2,5291.47
2024-07-14,Other,5,36972.95
2024-07-15,Organic,2,17184.72
2024-07-16,Airbnb,4,13614.05
2024-07-16,Customer IO,1,3296.4
2024-07-16,Organic,2,5242.35
2024-07-16,Other,4,16802.19
2024-07-17,Airbnb,1,9098.6
2024-07-17,Meta,1,5314.96
2024-07-17,Organic,1,2134.05
2024-07-17,Other,1,9000.06
2024-07-17,Vrbo,1,1024.32
2024-07-18,Airbnb,3,9429.37
2024-07-18,Organic,4,16555.69
2024-07-18,Other,4,34851.83
2024-07-19,Airbnb,2,3693.76
2024-07-19,Organic,2,5339.6
2024-07-19,Other,3,21795.32
2024-07-20,Airbnb,4,14275.01
2024-07-20,Customer IO,1,3744.8
2024-07-21,Airbnb,2,3782.13
2024-07-21,Customer IO,1,8264.58
2024-07-21,Organic,2,29279.8
2024-07-21,Other,1,2216.15
2024-07-21,Vrbo,1,1845.19
2024-07-22,Airbnb,5,14381.31
2024-07-22,Organic,1,3042.0
2024-07-22,Other,1,2400.0
2024-07-22,Vrbo,1,7254.12
2024-07-23,Airbnb,1,2300.45
2024-07-23,Organic,2,9537.2
2024-07-23,Other,1,4146.43
2024-07-24,Airbnb,1,3142.8
2024-07-24,Customer IO,1,1871.1
2024-07-24,Organic,1,2457.45
2024-07-24,Other,1,1540.66
2024-07-25,Airbnb,2,10854.3
2024-07-25,Customer IO,2,5168.9
2024-07-25,Direct Mail,1,3891.4
2024-07-25,Other,2,8295.53
2024-07-26,Customer IO,1,3771.9
2024-07-26,Organic,3,24855.85
2024-07-26,Other,1,2658.61
2024-07-27,Airbnb,3,10244.17
2024-07-27,Customer IO,2,3727.95
2024-07-27,Organic,2,9123.72
2024-07-27,Other,2,4453.03
2024-07-28,Airbnb,2,6196.36
2024-07-28,Meta,1,6516.0
2024-07-28,Organic,2,12766.42
2024-07-28,Other,1,2795.02
2024-07-29,Airbnb,4,8761.82
2024-07-29,Customer IO,2,9887.1
2024-07-29,Organic,3,12515.73
2024-07-29,Other,2,4195.55
2024-07-29,Vrbo,1,2488.94
2024-07-30,Airbnb,2,11569.38
2024-07-30,Other,2,21528.0
2024-07-31,Airbnb,5,16268.07
2024-07-31,Customer IO,2,15061.65
2024-07-31,Organic,3,9602.02
2024-07-31,Other,5,18162.83
2024-08-01,Meta,1,3111.9
2024-08-01,Organic,1,10214.4
2024-08-01,Other,2,7690.0
2024-08-02,Airbnb,1,4181.33
2024-08-02,Other,2,12960.33
2024-08-03,Airbnb,1,3909.1
2024-08-04,Airbnb,2,4729.72
2024-08-04,Organic,5,24785.47
2024-08-04,Other,2,4462.5
2024-08-05,Airbnb,3,21803.79
2024-08-05,Customer IO,1,2231.2
2024-08-05,Google,1,6734.25
2024-08-05,Organic,5,28119.53
2024-08-06,Airbnb,4,13122.72
2024-08-06,Customer IO,1,3281.25
2024-08-06,Organic,3,11398.5
2024-08-07,Airbnb,2,5141.0
2024-08-07,Organic,1,4102.05
2024-08-07,Other,4,15993.4
2024-08-08,Airbnb,1,1718.06
2024-08-08,Customer IO,3,10745.11
2024-08-08,Organic,3,19775.32
2024-08-08,Other,1,13309.6
2024-08-09,Airbnb,1,2427.78
2024-08-09,Organic,3,18618.38
2024-08-09,Other,5,16702.11
2024-08-09,Vrbo,1,5643.05
2024-08-10,Airbnb,4,17355.24
2024-08-10,Customer IO,2,4302.2
2024-08-10,Google,1,11141.4
2024-08-10,Organic,1,2459.99
2024-08-10,Other,1,31588.2
2024-08-11,Customer IO,1,2986.9
2024-08-11,Google,2,6590.49
2024-08-11,Other,3,10250.83
2024-08-12,Airbnb,4,13706.94
2024-08-12,Customer IO,1,5085.83
2024-08-12,Organic,1,2502.0
2024-08-12,Other,1,9475.0
2024-08-13,Airbnb,1,3763.6
2024-08-13,Organic,2,10796.3
2024-08-13,Other,1,3025.6
2024-08-14,Airbnb,2,4870.85
2024-08-14,Organic,2,17306.25
2024-08-14,Other,3,9985.04
2024-08-14,Vrbo,1,10619.97
2024-08-15,Airbnb,4,14064.63
2024-08-15,Google,1,1281.4
2024-08-15,Organic,2,13047.58
2024-08-15,Other,1,2455.2
2024-08-16,Airbnb,4,10249.12
2024-08-16,Customer IO,2,4972.4
2024-08-16,Direct Mail,1,1531.4
2024-08-16,Organic,1,3648.3
2024-08-16,Other,5,39170.41
2024-08-17,Airbnb,3,13301.61
2024-08-17,Google,1,9852.21
2024-08-17,Organic,1,2262.0
2024-08-17,Vrbo,1,6497.13
2024-08-18,Airbnb,2,8309.4
2024-08-18,Organic,1,4158.6
2024-08-18,Other,2,56928.49
2024-08-19,Airbnb,2,10988.16
2024-08-19,Customer IO,1,3227.3
2024-08-19,Meta,1,2080.98
2024-08-19,Organic,3,13035.84
2024-08-19,Other,2,19883.0
2024-08-20,Airbnb,2,5803.02
2024-08-20,Google,1,3218.34
2024-08-20,Organic,1,9752.6
2024-08-21,Airbnb,2,6618.31
2024-08-21,Customer IO,1,2705.1
2024-08-21,Organic,1,12281.0
2024-08-21,Other,1,2523.4
2024-08-22,Airbnb,3,9707.96
2024-08-22,Customer IO,1,2220.55
2024-08-22,Organic,1,2156.8
2024-08-22,Other,3,14898.16
2024-08-22,Vrbo,1,10896.2
2024-08-23,Airbnb,1,1894.94
2024-08-23,Customer IO,1,3576.0
2024-08-23,Google,1,3086.6
2024-08-23,Organic,3,12374.15
2024-08-23,Other,6,36571.14
2024-08-23,Vrbo,3,20954.2
2024-08-24,Customer IO,2,3619.2
2024-08-24,Organic,2,15080.6
2024-08-24,Other,3,12556.55
2024-08-24,Vrbo,1,17003.96
2024-08-25,Customer IO,1,1032.4
2024-08-25,Organic,2,7370.27
2024-08-25,Other,2,5022.8
2024-08-26,Airbnb,1,11558.97
2024-08-26,Customer IO,2,8764.25
2024-08-26,Organic,3,17742.2
2024-08-26,Other,5,7965.1
2024-08-27,Airbnb,2,3343.2
2024-08-27,Google,1,628.65
2024-08-27,Organic,3,8883.43
2024-08-27,Other,3,20701.76
2024-08-27,Vrbo,1,7242.6
2024-08-28,Airbnb,1,4060.42
2024-08-28,Organic,4,19278.12
2024-08-28,Other,1,2619.9
2024-08-29,Customer IO,1,3218.33
2024-08-29,Google,2,6358.0
2024-08-29,Organic,4,14938.85
2024-08-29,Other,3,10076.2
2024-08-30,Airbnb,3,8132.44
2024-08-30,Customer IO,3,7975.95
2024-08-30,Organic,2,6393.4
2024-08-30,Other,7,41211.15
2024-08-31,Airbnb,2,4784.82
2024-08-31,Organic,2,5831.91
2024-08-31,Other,3,11732.31
2024-09-01,Airbnb,3,10826.85
2024-09-01,Organic,3,18080.76
2024-09-01,Other,5,13744.05
2024-09-02,Airbnb,2,13354.57
2024-09-02,Organic,3,17355.75
2024-09-02,Other,3,31295.0
2024-09-03,Airbnb,7,38076.9
2024-09-03,Customer IO,2,4792.6
2024-09-03,Organic,1,1949.45
2024-09-03,Other,4,108619.13
2024-09-04,Customer IO,3,6875.38
2024-09-04,Organic,4,21192.55
2024-09-04,Other,1,1531.4
2024-09-05,Airbnb,5,22857.95
2024-09-05,Customer IO,1,2867.38
2024-09-05,Organic,2,7837.31
2024-09-05,Other,2,9363.86
2024-09-06,Airbnb,1,1168.27
2024-09-06,Customer IO,1,3718.75
2024-09-06,Google,2,12021.8
2024-09-06,Other,5,27649.59
2024-09-06,Vrbo,1,4325.62
2024-09-07,Airbnb,1,750.78
2024-09-07,Customer IO,1,1554.45
2024-09-07,Google,1,2142.0
2024-09-07,Organic,1,5275.0
2024-09-07,Other,1,3495.0
2024-09-07,Vrbo,1,2284.66
2024-09-08,Airbnb,5,15368.51
2024-09-08,Customer IO,2,5148.83
2024-09-08,Google,1,1606.6
2024-09-08,Organic,4,16506.43
2024-09-08,Vrbo,1,2308.36
2024-09-09,Airbnb,2,6201.35
2024-09-09,Google,2,3383.91
2024-09-09,Meta,1,2929.2
2024-09-09,Organic,3,17225.36
2024-09-09,Other,1,1703.55
2024-09-09,Vrbo,1,4739.97
2024-09-10,Airbnb,2,8984.27
2024-09-10,Customer IO,1,3227.3
2024-09-10,Organic,3,13193.64
2024-09-10,Other,3,20459.55
2024-09-10,Vrbo,1,5047.78
2024-09-11,Airbnb,1,2556.92
2024-09-11,Customer IO,2,9312.44
2024-09-11,Organic,5,22242.4
2024-09-11,Other,1,4131.7
2024-09-11,Vrbo,1,3691.47
2024-09-12,Airbnb,1,3072.86
2024-09-12,Criteo,1,7836.8
2024-09-12,Customer IO,1,2191.98
2024-09-12,Google,1,1782.0
2024-09-12,Organic,1,4302.0
2024-09-12,Other,1,2006.15
2024-09-12,Vrbo,2,12535.17
2024-09-13,Airbnb,2,8168.47
2024-09-13,Organic,3,16892.9
2024-09-13,Other,2,3805.5
2024-09-13,Vrbo,1,1830.63
2024-09-14,Airbnb,1,6690.67
2024-09-14,Customer IO,2,4709.12
2024-09-14,Google,1,2727.2
2024-09-14,Organic,2,4883.7
2024-09-14,Other,1,4292.7
2024-09-15,Airbnb,1,24570.33
2024-09-15,Customer IO,1,1719.2
2024-09-15,Organic,4,10969.35
2024-09-15,Other,1,2127.65
2024-09-16,Airbnb,2,5796.49
2024-09-16,Customer IO,2,5642.76
2024-09-16,Organic,3,18768.41
2024-09-16,Other,2,12116.05
2024-09-17,Airbnb,3,7526.08
2024-09-17,Customer IO,1,8078.6
2024-09-17,Organic,1,1722.6
2024-09-17,Other,2,1722.0
2024-09-18,Airbnb,1,9230.52
2024-09-18,Customer IO,1,1775.2
2024-09-18,Organic,1,2293.2
2024-09-18,Other,3,15837.26
2024-09-19,Airbnb,1,1226.08
2024-09-19,Manual,1,14880.0
2024-09-19,Organic,2,8072.82
2024-09-19,Other,2,8050.05
2024-09-20,Meta,1,3530.6
2024-09-20,Organic,3,12894.8
2024-09-20,Other,2,14114.25
2024-09-21,Customer IO,2,4502.19
2024-09-21,Google,2,6944.0
2024-09-21,Organic,3,12526.9
2024-09-21,Other,1,3238.5
2024-09-22,Airbnb,1,5598.84
2024-09-22,Organic,3,10233.2
2024-09-22,Other,1,2470.05
2024-09-23,Google,1,45026.4
2024-09-23,Organic,2,4837.9
2024-09-23,Other,2,16164.02
2024-09-24,Airbnb,3,33348.54
2024-09-24,Google,1,6618.0
2024-09-24,Manual,1,10602.0
2024-09-24,Organic,5,13108.24
2024-09-24,Other,2,7702.0
2024-09-25,Airbnb,1,5599.81
2024-09-25,Manual,1,2810.56
2024-09-25,Organic,3,6853.1
2024-09-25,Other,6,61056.87
2024-09-26,Customer IO,1,2934.8
2024-09-26,Organic,3,11085.29
2024-09-26,Other,2,5690.93
2024-09-27,Airbnb,2,15438.52
2024-09-27,Organic,2,9842.05
2024-09-27,Other,2,6589.82
2024-09-28,Airbnb,1,5387.9
2024-09-28,Customer IO,1,3056.55
2024-09-28,Google,2,2743.33
2024-09-28,Organic,1,4625.2
2024-09-28,Other,2,26735.23
2024-09-28,Vrbo,1,2312.93
2024-09-29,Organic,1,6045.38
2024-09-29,Other,1,1847.6
2024-09-29,Vrbo,1,1308.62
2024-09-30,Customer IO,1,799.8
2024-09-30,Organic,1,6526.8
2024-09-30,Other,3,36655.0
2024-10-01,Google,1,5084.1
2024-10-01,Organic,5,20807.83
2024-10-01,Other,1,4578.4
2024-10-02,Organic,2,4687.89
2024-10-02,Other,4,28900.66
2024-10-02,Vrbo,1,3493.73
2024-10-03,Airbnb,1,8609.72
2024-10-03,Organic,1,8354.4
2024-10-03,Other,3,14959.91
2024-10-04,Airbnb,3,11957.97
2024-10-04,Google,3,21393.95
2024-10-04,Organic,2,15014.58
2024-10-04,Other,2,4727.0
2024-10-05,Airbnb,1,12013.26
2024-10-05,Customer IO,2,10110.43
2024-10-05,Organic,4,23540.06
2024-10-05,Other,1,2562.0
2024-10-05,Vrbo,1,3738.15
2024-10-06,Airbnb,2,11449.05
2024-10-06,Organic,3,12658.56
2024-10-06,Other,3,9705.28
2024-10-06,Vrbo,1,10676.76
2024-10-07,Airbnb,1,5744.34
2024-10-07,Customer IO,1,6051.2
2024-10-07,Google,2,2733.06
2024-10-07,Organic,1,4463.33
2024-10-07,Other,3,6694.8
2024-10-08,Organic,4,20320.35
2024-10-08,Vrbo,1,7193.52
2024-10-09,Airbnb,2,20805.53
2024-10-09,Customer IO,1,2385.86
2024-10-09,Organic,5,25323.73
2024-10-09,Other,2,15542.75
2024-10-10,Organic,4,29390.89
2024-10-10,Other,2,7090.8
2024-10-10,Vrbo,1,24109.22
2024-10-11,Airbnb,4,26688.89
2024-10-11,Customer IO,1,2895.2
2024-10-11,Organic,1,22664.2
2024-10-11,Other,4,26279.45
2024-10-11,Vrbo,1,3027.31
2024-10-12,Airbnb,1,4174.88
2024-10-12,Organic,3,12178.85
2024-10-13,Airbnb,2,10126.52
2024-10-13,Google,2,8414.7
2024-10-13,Organic,1,4668.75
2024-10-13,Other,2,4843.2
2024-10-13,Vrbo,2,22177.48
2024-10-14,Airbnb,3,21698.54
2024-10-14,Customer IO,1,1885.95
2024-10-14,Organic,3,9636.44
2024-10-14,Other,8,29758.5
2024-10-15,Airbnb,2,7948.51
2024-10-15,Customer IO,1,1695.45
2024-10-15,Google,1,9938.6
2024-10-15,Organic,3,20302.12
2024-10-15,Other,4,15556.01
2024-10-16,Airbnb,2,4334.93
2024-10-16,Customer IO,1,4224.0
2024-10-16,Google,1,2650.6
2024-10-16,Manual,1,11853.52
2024-10-16,Organic,2,4942.4
2024-10-16,Other,2,8803.04
2024-10-16,Vrbo,1,11831.04
2024-10-17,Google,2,10801.03
2024-10-17,Organic,2,11813.33
2024-10-17,Other,3,12912.76
2024-10-17,Vrbo,1,7042.78
2024-10-18,Airbnb,1,3090.42
2024-10-18,Customer IO,2,6633.68
2024-10-18,Organic,1,26320.0
2024-10-18,Other,3,9546.6
2024-10-19,Airbnb,1,6128.85
2024-10-19,Google,1,2827.2
2024-10-19,Meta,1,5453.1
2024-10-19,Other,3,13083.82
2024-10-19,Vrbo,1,5785.0
2024-10-20,Airbnb,2,11499.64
2024-10-20,Customer IO,1,2616.0
2024-10-20,Google,1,10639.2
2024-10-20,Organic,3,10236.84
2024-10-20,Other,3,11090.39
2024-10-20,Vrbo,3,12728.85
2024-10-21,Airbnb,1,3605.49
2024-10-21,Customer IO,2,8678.09
2024-10-21,Google,2,11387.1
2024-10-21,Organic,2,12488.09
2024-10-21,Other,1,6394.0
2024-10-21,Vrbo,1,13869.48
2024-10-22,Airbnb,3,27279.99
2024-10-22,Google,1,2731.25
2024-10-22,Organic,2,20573.77
2024-10-22,Vrbo,2,14137.28
2024-10-23,Airbnb,2,6149.27
2024-10-23,Organic,2,12285.17
2024-10-23,Other,4,21314.4
2024-10-23,Vrbo,1,8148.44
2024-10-24,Airbnb,2,6182.3
2024-10-24,Google,1,5282.6
2024-10-24,Organic,2,8336.03
2024-10-24,Other,3,5573.55
2024-10-25,Customer IO,5,22964.98
2024-10-25,Google,1,6051.2
2024-10-25,Organic,2,6548.69
2024-10-25,Other,1,3927.3
2024-10-25,Vrbo,1,20854.58
2024-10-26,Airbnb,1,2591.84
2024-10-26,Google,1,1841.54
2024-10-26,Organic,1,3426.15
2024-10-26,Vrbo,1,4041.15
2024-10-27,Airbnb,5,36311.7
2024-10-27,Organic,4,21517.44
2024-10-27,Other,5,21734.45
2024-10-27,Vrbo,2,12768.19
2024-10-28,Airbnb,1,3511.4
2024-10-28,Google,1,3092.7
2024-10-28,Organic,5,28854.57
2024-10-28,Other,1,1965.4
2024-10-29,Manual,1,5951.1
2024-10-29,Organic,1,3892.0
2024-10-29,Other,3,7142.1
2024-10-30,Airbnb,4,34294.35
2024-10-30,Customer IO,1,2951.2
2024-10-30,Organic,4,12698.1
2024-10-30,Other,2,7072.31
2024-10-31,Airbnb,1,2979.84
2024-10-31,Customer IO,2,7773.4
2024-10-31,Google,1,5195.0
2024-10-31,Organic,1,2554.4
2024-10-31,Other,4,27582.31
2024-10-31,Vrbo,1,4568.87
2024-11-01,Google,1,8319.85
2024-11-01,Organic,3,11005.25
2024-11-01,Other,1,3847.05
2024-11-02,Airbnb,1,3303.82
2024-11-02,Organic,2,10085.6
2024-11-02,Other,1,1831.01
2024-11-02,Vrbo,2,30691.91
2024-11-03,Airbnb,2,5730.76
2024-11-03,Organic,2,9687.86
2024-11-03,Other,2,9497.6
2024-11-04,Airbnb,3,12748.03
2024-11-04,Organic,3,35566.52
2024-11-04,Other,2,26047.38
2024-11-05,Airbnb,1,3697.64
2024-11-05,Google,1,3918.75
2024-11-05,Organic,3,18763.13
2024-11-05,Other,1,3340.0
2024-11-05,Vrbo,2,6717.52
2024-11-06,Airbnb,1,5108.41
2024-11-06,Customer IO,1,3570.0
2024-11-06,Google,1,45412.5
2024-11-06,Organic,1,2726.7
2024-11-06,Other,2,8486.19
2024-11-06,Vrbo,1,4066.0
2024-11-07,Customer IO,3,8547.47
2024-11-07,Google,1,2111.2
2024-11-07,Organic,4,41905.25
2024-11-07,Other,9,28363.36
2024-11-07,Vrbo,1,5032.36
2024-11-08,Airbnb,2,6502.1
2024-11-08,Customer IO,1,4148.0
2024-11-08,Organic,3,14061.43
2024-11-08,Other,3,17397.85
2024-11-08,Vrbo,1,6112.78
2024-11-09,Airbnb,1,5373.02
2024-11-09,Customer IO,1,2070.6
2024-11-09,Organic,1,5430.0
2024-11-09,Other,3,10429.8
2024-11-10,Airbnb,1,4462.78
2024-11-10,Customer IO,1,2436.0
2024-11-10,Organic,1,7787.2
2024-11-11,Airbnb,4,26670.55
2024-11-11,Customer IO,2,9669.0
2024-11-11,Google,2,7186.74
2024-11-11,Organic,2,13014.2
2024-11-11,Other,3,11562.7
2024-11-11,Vrbo,1,20854.58
2024-11-12,Email Action,1,31332.0
2024-11-12,Organic,1,3576.0
2024-11-12,Other,2,6260.0
2024-11-13,Airbnb,5,20847.83
2024-11-13,Customer IO,3,16391.78
2024-11-13,Google,1,3453.4
2024-11-13,Organic,2,8880.88
2024-11-14,Airbnb,3,18651.97
2024-11-14,Customer IO,2,7811.1
2024-11-14,Google,1,4655.55
2024-11-14,Organic,1,1217.7
2024-11-14,Other,4,23382.5
2024-11-15,Airbnb,2,5046.91
2024-11-15,Organic,3,10891.28
2024-11-15,Other,1,2583.0
2024-11-16,Organic,12,71132.32
2024-11-16,Vrbo,1,4905.4
2024-11-17,Airbnb,5,22972.36
2024-11-17,Customer IO,2,7245.28
2024-11-17,Google,1,4125.0
2024-11-17,Organic,1,10283.63
2024-11-17,Other,3,8766.35
2024-11-17,Vrbo,1,8069.2
2024-11-18,Airbnb,2,7657.18
2024-11-18,Google,1,3253.5
2024-11-18,Organic,5,59973.59
2024-11-18,Other,2,4326.05
2024-11-18,Vrbo,1,3052.31
2024-11-19,Organic,3,27023.8
2024-11-19,Other,4,10623.75
2024-11-20,Airbnb,4,24056.08
2024-11-20,Customer IO,1,30345.0
2024-11-20,Google,2,11432.68
2024-11-20,Organic,3,12687.99
2024-11-20,Other,2,13161.31
2024-11-21,Airbnb,2,10271.96
2024-11-21,Organic,2,6476.92
2024-11-22,Airbnb,2,13091.71
2024-11-22,Customer IO,1,4270.02
2024-11-22,Organic,1,7142.4
2024-11-22,Other,3,14505.53
2024-11-23,Airbnb,2,13351.08
2024-11-23,Customer IO,1,3953.0
2024-11-23,Organic,5,38055.04
2024-11-23,Other,4,18178.95
2024-11-24,Airbnb,1,4044.9
2024-11-24,Customer IO,1,16932.95
2024-11-25,Airbnb,2,7692.1
2024-11-25,Organic,3,12865.95
2024-11-25,Other,1,6685.6
2024-11-25,Vrbo,1,3738.47
2024-11-26,Customer IO,1,7058.1
2024-11-26,Organic,2,7688.24
2024-11-26,Other,3,8611.15
2024-11-27,Airbnb,3,9940.56
2024-11-27,Customer IO,2,29250.8
2024-11-27,Organic,4,36335.74
2024-11-27,Other,2,5651.13
2024-11-28,Airbnb,3,9247.34
2024-11-28,Customer IO,2,10705.2
2024-11-28,Organic,4,48892.88
2024-11-29,Customer IO,2,7577.1
2024-11-29,Organic,3,23626.05
2024-11-29,Other,3,8602.84
2024-11-30,Airbnb,1,2411.42
2024-11-30,Google,1,5566.35
2024-11-30,Mybookingpal,1,7059.38
2024-11-30,Organic,3,23016.02
2024-12-01,Airbnb,3,25857.29
2024-12-01,Organic,2,29317.92
2024-12-01,Other,5,47457.16
2024-12-02,Customer IO,3,12409.2
2024-12-02,Organic,3,33067.04
2024-12-02,Other,1,11398.25
2024-12-03,Customer IO,1,8404.2
2024-12-03,Organic,3,21064.08
2024-12-03,Other,2,6296.37
2024-12-03,Vrbo,1,22683.55
2024-12-04,Customer IO,3,31667.48
2024-12-04,Google,2,7179.53
2024-12-04,Manual,1,3300.0
2024-12-04,Organic,3,13066.65
2024-12-04,Other,1,3350.0
2024-12-04,Vrbo,1,2860.2
2024-12-05,Airbnb,2,9723.28
2024-12-05,Customer IO,2,10605.2
2024-12-05,Google,1,3302.55
2024-12-05,Organic,4,35724.02
2024-12-05,Vrbo,1,5124.42
2024-12-06,Google,2,11549.06
2024-12-06,Organic,1,4920.0
2024-12-06,Other,2,6301.4
2024-12-07,Airbnb,1,6023.7
2024-12-07,Customer IO,3,21031.03
2024-12-07,Organic,1,2993.18
2024-12-07,Other,2,5141.21
2024-12-08,Airbnb,1,3171.9
2024-12-08,Customer IO,1,2572.4
2024-12-08,Organic,3,26252.23
2024-12-08,Other,1,1950.0
2024-12-08,Vrbo,1,12771.3
2024-12-09,Airbnb,2,15813.27
2024-12-09,Organic,2,7230.86
2024-12-09,Other,2,12673.36
2024-12-09,Vrbo,1,3265.54
2024-12-10,Airbnb,2,14057.24
2024-12-10,Customer IO,2,6007.07
2024-12-10,Organic,3,15030.6
2024-12-10,Other,2,6666.8
2024-12-11,Airbnb,2,7086.43
2024-12-11,Customer IO,1,26470.0
2024-12-11,Organic,2,7099.75
2024-12-11,Other,1,3182.9
2024-12-11,Vrbo,1,2565.47
2024-12-12,Airbnb,1,2927.46
2024-12-12,Customer IO,1,1894.05
2024-12-12,Google,3,8991.06
2024-12-12,Meta,1,6497.7
2024-12-12,Organic,4,12530.7
2024-12-12,Other,5,22478.91
2024-12-12,Vrbo,1,2773.94
2024-12-13,Airbnb,4,17128.92
2024-12-13,Booking,1,2512.16
2024-12-13,Organic,4,14627.92
2024-12-13,Vrbo,4,20720.98
2024-12-14,Airbnb,4,17932.36
2024-12-14,Customer IO,2,16309.6
2024-12-14,Google,1,1663.2
2024-12-14,Organic,2,4739.52
2024-12-14,Other,3,5999.15
2024-12-14,Vrbo,1,16205.1
2024-12-15,Airbnb,4,17448.36
2024-12-15,Booking,1,4779.55
2024-12-15,Customer IO,1,2651.67
2024-12-15,Google,3,13542.55
2024-12-15,Organic,6,28836.09
2024-12-15,Other,5,17308.36
2024-12-16,Airbnb,3,15666.3
2024-12-16,Customer IO,2,12545.13
2024-12-16,Meta,1,4460.4
2024-12-16,Organic,3,23298.51
2024-12-16,Other,1,3356.25
2024-12-16,Vrbo,1,1938.58
2024-12-17,Airbnb,4,9727.94
2024-12-17,Organic,3,17580.88
2024-12-17,Other,2,5257.05
2024-12-17,Vrbo,1,4950.09
2024-12-18,Airbnb,2,4114.66
2024-12-18,Customer IO,1,7662.9
2024-12-18,Google,1,3969.78
2024-12-18,Organic,3,17873.87
2024-12-18,Other,2,5929.38
2024-12-19,Airbnb,6,19960.57
2024-12-19,Google,1,5192.0
2024-12-19,Organic,1,1905.7
2024-12-19,Vrbo,1,6113.48
2024-12-20,Airbnb,4,8641.15
2024-12-20,Customer IO,1,2669.9
2024-12-20,Google,2,5081.54
2024-12-20,Organic,3,34422.69
2024-12-20,Other,2,16224.93
2024-12-21,Airbnb,2,7339.02
2024-12-21,Customer IO,1,3388.65
2024-12-21,Organic,3,16134.16
2024-12-21,Other,2,8454.03
2024-12-21,Vrbo,3,7481.14
2024-12-22,Airbnb,1,2950.74
2024-12-22,Customer IO,3,11778.73
2024-12-22,Organic,1,6401.5
2024-12-22,Other,1,2689.65
2024-12-22,Vrbo,2,8402.47
2024-12-23,Airbnb,1,2566.23
2024-12-23,Customer IO,2,26317.05
2024-12-23,Organic,3,10837.61
2024-12-23,Other,3,18082.3
2024-12-23,Vrbo,1,5956.29
2024-12-24,Airbnb,2,9641.99
2024-12-24,Criteo,1,17892.86
2024-12-24,Organic,4,32713.95
2024-12-24,Other,3,14365.13
2024-12-25,Airbnb,3,28490.4
2024-12-25,Customer IO,1,2798.25
2024-12-25,Organic,2,19385.6
2024-12-25,Vrbo,1,7081.3
2024-12-26,Airbnb,1,2409.48
2024-12-26,Customer IO,1,4106.25
2024-12-26,Organic,3,13932.64
2024-12-26,Other,2,3155.5
2024-12-27,Airbnb,4,18465.89
2024-12-27,Google,1,5262.0
2024-12-27,Organic,2,7718.51
2024-12-27,Other,5,12950.78
2024-12-27,Vrbo,1,6198.25
2024-12-28,Airbnb,1,2465.74
2024-12-28,Customer IO,3,9321.9
2024-12-28,Google,1,5149.2
2024-12-28,Organic,5,56061.22
2024-12-28,Other,1,4067.2
2024-12-28,Vrbo,5,30092.07
2024-12-29,Google,2,3992.25
2024-12-29,Meta,1,3784.7
2024-12-29,Other,2,16954.5
2024-12-29,Vrbo,2,15007.84
2024-12-30,Airbnb,1,5164.28
2024-12-30,Organic,4,22751.33
2024-12-30,Other,5,13267.75
2024-12-30,Vrbo,3,16558.09
2024-12-31,Airbnb,4,18210.78
2024-12-31,Organic,4,20298.1
2024-12-31,Other,1,5453.3
2024-12-31,Vrbo,2,30707.89
2025-01-01,Airbnb,5,22936.81
2025-01-01,Customer IO,3,14444.63
2025-01-01,Google,3,29176.17
2025-01-01,Meta,1,1764.1
2025-01-01,Organic,1,2090.68
2025-01-01,Vrbo,2,8860.93
2025-01-02,Airbnb,2,7355.51
2025-01-02,Customer IO,2,6808.27
2025-01-02,Google,1,2640.0
2025-01-02,Organic,4,14126.87
2025-01-02,Other,5,22735.24
2025-01-02,Vrbo,2,25504.74
2025-01-03,Airbnb,1,2576.32
2025-01-03,Customer IO,2,3901.61
2025-01-03,Google,3,16457.45
2025-01-03,Organic,4,13255.11
2025-01-03,Other,2,19131.5
2025-01-03,Vrbo,1,5817.3
2025-01-04,Airbnb,1,3174.26
2025-01-04,Customer IO,1,1427.93
2025-01-04,Google,1,2502.0
2025-01-04,Organic,3,12153.6
2025-01-04,Other,1,4464.0
2025-01-05,Airbnb,1,3521.1
2025-01-05,Organic,4,31089.73
2025-01-05,Other,4,120263.76
2025-01-06,Airbnb,4,20600.03
2025-01-06,Customer IO,3,9626.94
2025-01-06,Organic,3,11735.73
2025-01-06,Other,3,14117.15
2025-01-06,Vrbo,1,4565.08
2025-01-07,Google,2,11805.45
2025-01-07,Organic,3,6244.35
2025-01-07,Other,3,13121.8
2025-01-08,Airbnb,2,8589.35
2025-01-08,Customer IO,1,3654.0
2025-01-08,Google,1,7460.6
2025-01-08,Organic,1,2685.2
2025-01-08,Other,3,9585.85
2025-01-08,Vrbo,1,2851.41
2025-01-09,Airbnb,4,15665.35
2025-01-09,Customer IO,2,13951.75
2025-01-09,Google,1,3692.65
2025-01-09,Organic,1,4182.0
2025-01-09,Other,5,12396.02
2025-01-09,Vrbo,1,4410.48
2025-01-10,Airbnb,2,13364.93
2025-01-10,Customer IO,2,4862.5
2025-01-10,Google,2,3466.15
2025-01-10,Organic,2,7593.3
2025-01-10,Vrbo,1,5039.75
2025-01-11,Airbnb,5,25343.9
2025-01-11,Google,1,2747.4
2025-01-11,Organic,5,21069.63
2025-01-12,Airbnb,3,11373.25
2025-01-12,Customer IO,2,14534.0
2025-01-12,Google,1,2380.05
2025-01-12,Organic,4,44562.5
2025-01-12,Other,1,2651.67
2025-01-13,Airbnb,1,9098.6
2025-01-13,Google,2,11099.0
2025-01-13,Manual,1,20000.72
2025-01-13,Organic,3,19962.2
2025-01-13,Other,4,25385.91
2025-01-14,Airbnb,1,3273.75
2025-01-14,Customer IO,2,9830.65
2025-01-14,Organic,1,4224.4
2025-01-14,Other,5,14473.75
2025-01-14,Vrbo,5,25770.18
2025-01-15,Airbnb,1,5965.5
2025-01-15,Customer IO,3,24219.38
2025-01-15,Organic,3,9142.2
2025-01-15,Other,2,4529.3
2025-01-16,Airbnb,4,10849.45
2025-01-16,Customer IO,1,3318.54
2025-01-16,Google,1,7470.0
2025-01-16,Organic,1,6161.4
2025-01-16,Other,1,613.8
2025-01-16,Vrbo,2,24463.33
2025-01-17,Airbnb,4,12268.29
2025-01-17,Customer IO,1,21743.93
2025-01-17,Organic,4,10163.36
2025-01-17,Other,2,16777.06
2025-01-17,Vrbo,1,6194.0
2025-01-18,Airbnb,2,22213.0
2025-01-18,Google,2,12085.25
2025-01-18,Organic,6,30197.51
2025-01-18,Other,3,37274.29
2025-01-18,Vrbo,1,16428.11
2025-01-19,Airbnb,2,16907.1
2025-01-19,Customer IO,1,3011.54
2025-01-19,Google,1,2712.15
2025-01-19,Organic,1,2895.4
2025-01-20,Airbnb,4,19184.45
2025-01-20,Google,1,12794.0
2025-01-20,Meta,1,3243.46
2025-01-20,Organic,4,31048.16
2025-01-20,Other,2,5315.9
2025-01-20,Vrbo,1,4516.07
2025-01-21,Airbnb,1,1644.15
2025-01-21,Google,2,4988.58
2025-01-21,Organic,1,3883.0
2025-01-21,Other,3,11834.1
2025-01-21,Vrbo,1,24054.43
2025-01-22,Airbnb,2,4190.4
2025-01-22,Customer IO,2,7036.8
2025-01-22,Google,1,3256.25
2025-01-22,Meta,1,1675.43
2025-01-22,Organic,1,3984.39
2025-01-22,Other,2,21399.49
2025-01-22,Vrbo,1,13206.53
2025-01-23,Airbnb,1,3506.55
2025-01-23,Customer IO,1,4324.96
2025-01-23,Organic,2,18559.43
2025-01-23,Vrbo,1,5815.82
2025-01-24,Airbnb,2,12115.3
2025-01-24,Organic,3,48915.72
2025-01-25,Airbnb,4,20219.65
2025-01-25,Google,2,19894.75
2025-01-25,Organic,5,21100.18
2025-01-25,Other,4,13481.2
2025-01-25,Vrbo,2,16682.83
2025-01-26,Airbnb,4,17602.4
2025-01-26,Google,2,13253.77
2025-01-26,Organic,5,36407.2
2025-01-26,Other,3,7111.43
2025-01-27,Airbnb,3,21441.63
2025-01-27,Customer IO,2,14225.18
2025-01-27,Organic,3,42802.45
2025-01-27,Other,3,7067.35
2025-01-27,Vrbo,3,16990.35
2025-01-28,Airbnb,3,58001.88
2025-01-28,Customer IO,3,27873.0
2025-01-28,Google,2,48799.35
2025-01-28,Organic,7,25111.98
2025-01-28,Other,2,6776.52
2025-01-28,Vrbo,5,46661.77
2025-01-29,Airbnb,2,6324.4
2025-01-29,Customer IO,2,10008.46
2025-01-29,Organic,6,29942.75
2025-01-29,Other,4,35559.33
2025-01-30,Airbnb,2,11518.75
2025-01-30,Customer IO,1,1662.9
2025-01-30,Organic,3,24490.2
2025-01-30,Other,4,22188.6
2025-01-31,Airbnb,2,9690.3
2025-01-31,Google,2,6925.5
2025-01-31,Organic,7,18423.63
2025-01-31,Other,8,36787.04
2025-02-01,Airbnb,9,36526.25
2025-02-01,Customer IO,1,3752.45
2025-02-01,Organic,6,21357.63
2025-02-01,Other,6,34104.75
2025-02-01,Vrbo,1,5588.31
2025-02-02,Airbnb,1,2109.75
2025-02-02,Customer IO,1,1962.5
2025-02-02,Google,1,13047.6
2025-02-02,Organic,2,24161.85
2025-02-02,Other,1,1460.97
2025-02-02,Vrbo,1,25206.39
2025-02-03,Airbnb,5,21329.6
2025-02-03,Customer IO,1,1227.6
2025-02-03,Google,1,4091.5
2025-02-03,Organic,3,67568.96
2025-02-03,Other,4,14776.0
2025-02-03,Vrbo,2,5873.48
2025-02-04,Airbnb,1,3467.75
2025-02-04,Organic,6,32110.46
2025-02-04,Other,3,4412.8
2025-02-04,Vrbo,1,6518.43
2025-02-05,Airbnb,5,24220.9
2025-02-05,Google,2,6466.55
2025-02-05,Organic,3,26395.73
2025-02-05,Other,3,5008.3
2025-02-05,Vrbo,1,3677.68
2025-02-06,Airbnb,1,6038.25
2025-02-06,Booking,1,5738.71
2025-02-06,Organic,3,13512.11
2025-02-06,Other,2,3138.11
2025-02-06,Vrbo,1,3654.44
2025-02-07,Airbnb,4,13585.91
2025-02-07,Customer IO,1,7090.8
2025-02-07,Organic,2,7960.19
2025-02-07,Other,1,4340.0
2025-02-07,Vrbo,1,13244.01
2025-02-08,Airbnb,5,15907.4
2025-02-08,Customer IO,2,3679.1
2025-02-08,Google,1,3534.3
2025-02-08,Organic,5,45715.39
2025-02-08,Other,3,11557.57
2025-02-08,Vrbo,1,9609.39
2025-02-09,Airbnb,4,36723.23
2025-02-09,Booking,1,5372.19
2025-02-09,Customer IO,1,1948.92
2025-02-09,Direct Mail,1,3693.4
2025-02-09,Organic,5,30158.79
2025-02-10,Airbnb,2,5501.4
2025-02-10,Customer IO,1,4050.0
2025-02-10,Google,1,1748.85
2025-02-10,Organic,4,17797.13
2025-02-10,Other,5,9459.08
2025-02-10,Vrbo,1,15154.95
2025-02-11,Airbnb,4,15748.42
2025-02-11,Customer IO,3,6808.01
2025-02-11,Influencer,1,15606.28
2025-02-11,Organic,5,31040.68
2025-02-11,Other,5,23771.06
2025-02-11,Vrbo,2,7046.75
2025-02-12,Airbnb,3,9864.9
2025-02-12,Customer IO,2,8262.78
2025-02-12,Google,1,3261.2
2025-02-12,Organic,5,25977.41
2025-02-12,Other,1,5913.68
2025-02-13,Airbnb,3,17545.53
2025-02-13,Organic,6,19256.15
2025-02-13,Other,4,22372.45
2025-02-13,Vrbo,1,907.24
2025-02-14,Airbnb,2,7242.02
2025-02-14,Google,1,6766.0
2025-02-14,Organic,2,6920.25
2025-02-14,Other,3,5824.13
2025-02-14,Vrbo,1,9683.25
2025-02-15,Airbnb,1,3616.16
2025-02-15,Customer IO,1,16476.64
2025-02-15,Google,2,6620.95
2025-02-15,Organic,5,27974.76
2025-02-16,Airbnb,4,17724.2
2025-02-16,Customer IO,2,10322.3
2025-02-16,Google,1,1655.15
2025-02-16,Organic,3,32122.44
2025-02-16,Vrbo,1,4654.55
2025-02-17,Airbnb,5,34342.33
2025-02-17,Customer IO,1,948.53
2025-02-17,Organic,3,8118.91
2025-02-17,Other,1,1884.0
2025-02-18,Airbnb,1,5318.51
2025-02-18,Customer IO,1,1116.0
2025-02-18,Google,2,10780.38
2025-02-18,Organic,6,56535.56
2025-02-18,Other,4,9030.91
2025-02-18,Vrbo,2,24652.21
2025-02-19,Airbnb,2,16247.5
2025-02-19,Customer IO,1,6449.87
2025-02-19,Google,2,2386.8
2025-02-19,Organic,2,8060.0
2025-02-19,Other,5,27567.98
2025-02-20,Airbnb,3,10748.74
2025-02-20,Customer IO,1,5101.6
2025-02-20,Google,1,1736.25
2025-02-20,Organic,3,8824.73
2025-02-20,Other,2,7519.38
2025-02-20,Vrbo,1,2993.15
2025-02-21,Airbnb,2,9554.5
2025-02-21,Customer IO,1,4464.13
2025-02-21,Google,2,25757.43
2025-02-21,Organic,3,8963.91
2025-02-21,Other,3,11005.9
2025-02-21,Vrbo,2,7961.47
2025-02-22,Airbnb,4,17936.27
2025-02-22,Customer IO,5,19231.25
2025-02-22,Direct Mail,1,3875.92
2025-02-22,Google,1,6778.13
2025-02-22,Organic,7,36412.89
2025-02-22,Other,1,855.6
2025-02-23,Airbnb,6,33983.61
2025-02-23,Customer IO,4,20217.57
2025-02-23,Organic,15,50185.43
2025-02-23,Other,2,5414.61
2025-02-24,Airbnb,2,7365.21
2025-02-24,Customer IO,1,2332.44
2025-02-24,Google,1,13694.83
2025-02-24,Meta,1,2021.6
2025-02-24,Organic,3,9620.52
2025-02-24,Other,5,39696.75
2025-02-24,Vrbo,3,29922.82
2025-02-25,Airbnb,2,12647.96
2025-02-25,Google,1,1332.8
2025-02-25,Manual,1,3955.82
2025-02-25,Organic,2,14404.38
2025-02-25,Other,4,22353.37
2025-02-25,Vrbo,1,8398.81
2025-02-26,Airbnb,1,5138.09
2025-02-26,Google,1,2007.31
2025-02-26,Organic,1,20578.1
2025-02-26,Other,2,7351.8
2025-02-26,Vrbo,1,7811.17
2025-02-27,Airbnb,3,13541.2
2025-02-27,Customer IO,2,6320.1
2025-02-27,Google,2,5573.96
2025-02-27,Organic,3,21079.26
2025-02-27,Other,2,5854.44
2025-02-27,Vrbo,1,1224.32
2025-02-28,Airbnb,2,6355.44
2025-02-28,Customer IO,3,10790.51
2025-02-28,Organic,6,28733.83
2025-02-28,Other,6,23525.33
2025-02-28,Vrbo,3,24887.14
2025-03-01,Airbnb,5,20728.66
2025-03-01,Organic,4,17977.33
2025-03-01,Other,4,26373.47
2025-03-02,Airbnb,4,22379.84
2025-03-02,Customer IO,3,11403.28
2025-03-02,Google,3,62359.71
2025-03-02,Organic,1,4387.16
2025-03-02,Other,2,8442.37
2025-03-02,Vrbo,1,5747.86
2025-03-03,Airbnb,2,13245.74
2025-03-03,Customer IO,2,6389.73
2025-03-03,Google,2,7310.36
2025-03-03,Organic,1,2253.69
2025-03-03,Other,3,40665.74
2025-03-04,Airbnb,1,3310.42
2025-03-04,Customer IO,1,3564.0
2025-03-04,Organic,6,52994.97
2025-03-04,Vrbo,2,13789.63
2025-03-05,Airbnb,1,2000.14
2025-03-05,Customer IO,1,7774.94
2025-03-05,Google,1,3368.0
2025-03-05,Manual,1,2735.4
2025-03-05,Organic,4,24377.21
2025-03-05,Other,3,12857.57
2025-03-05,Vrbo,1,5373.77
2025-03-06,Airbnb,4,23131.78
2025-03-06,Google,1,3605.8
2025-03-06,Organic,4,13500.31
2025-03-06,Other,1,4319.7
2025-03-07,Airbnb,7,41830.0
2025-03-07,Customer IO,2,4769.2
2025-03-07,Google,1,1955.94
2025-03-07,Organic,4,13351.08
2025-03-07,Other,4,38706.2
2025-03-08,Airbnb,2,7351.22
2025-03-08,Customer IO,1,1668.16
2025-03-08,Google,1,2904.8
2025-03-08,Manual,1,6569.8
2025-03-08,Organic,4,14089.99
2025-03-08,Other,1,4905.4
2025-03-09,Airbnb,4,26100.45
2025-03-09,Google,3,25963.86
2025-03-09,Organic,8,32261.72
2025-03-09,Other,6,28429.19
2025-03-09,Vrbo,1,7810.83
2025-03-10,Airbnb,5,29639.04
2025-03-10,Customer IO,5,18261.06
2025-03-10,Google,2,3811.45
2025-03-10,Organic,3,21693.89
2025-03-10,Other,6,28081.22
2025-03-11,Airbnb,3,10233.93
2025-03-11,Customer IO,2,12642.62
2025-03-11,Manual,2,6880.06
2025-03-11,Organic,9,44087.01
2025-03-11,Other,1,10377.0
2025-03-12,Airbnb,5,26645.14
2025-03-12,Organic,4,8745.59
2025-03-12,Other,1,5795.28
2025-03-12,Vrbo,1,5949.85
2025-03-13,Airbnb,1,2537.52
2025-03-13,Customer IO,1,5000.29
2025-03-13,Google,1,1723.4
2025-03-13,Organic,9,33166.04
2025-03-13,Other,1,5999.0
2025-03-13,Vrbo,2,19649.15
2025-03-14,Airbnb,5,27734.57
2025-03-14,Customer IO,1,8910.68
2025-03-14,Google,1,13447.63
2025-03-14,Meta,1,3652.8
2025-03-14,Organic,4,12356.92
2025-03-14,Other,3,35305.83
2025-03-14,Vrbo,2,10522.77
2025-03-15,Airbnb,2,10910.41
2025-03-15,Customer IO,3,22218.53
2025-03-15,Google,1,5933.35
2025-03-15,Meta,1,1767.62
2025-03-15,Organic,8,49621.73
2025-03-15,Other,4,14992.58
2025-03-16,Airbnb,2,5224.81
2025-03-16,Customer IO,1,5384.8
2025-03-16,Google,2,4811.5
2025-03-16,Organic,4,19922.55
2025-03-16,Other,3,9553.66
2025-03-16,Vrbo,1,8139.04
2025-03-17,Airbnb,5,18644.04
2025-03-17,Customer IO,3,11904.99
2025-03-17,Google,3,12060.84
2025-03-17,Organic,2,6076.65
2025-03-17,Other,3,10305.54
2025-03-17,Vrbo,1,6158.23
2025-03-18,Airbnb,4,23153.83
2025-03-18,Criteo,1,6836.13
2025-03-18,Customer IO,2,4147.92
2025-03-18,Organic,3,12983.66
2025-03-18,Other,1,6750.0
2025-03-18,Vrbo,2,16897.28
2025-03-19,Airbnb,5,19310.96
2025-03-19,Customer IO,2,8695.8
2025-03-19,Organic,4,18361.93
2025-03-19,Other,3,6672.39
2025-03-20,Airbnb,3,8955.43
2025-03-20,Customer IO,2,10318.08
2025-03-20,Google,2,5899.63
2025-03-20,Organic,5,32280.54
2025-03-20,Other,2,7761.95
2025-03-21,Airbnb,5,18694.52
2025-03-21,Criteo,1,9587.91
2025-03-21,Customer IO,1,3829.59
2025-03-21,Google,1,2983.04
2025-03-21,Manual,1,15654.32
2025-03-21,Meta,1,5233.84
2025-03-21,Organic,2,9494.62
2025-03-21,Other,1,3134.1
2025-03-21,Vrbo,2,7022.07
2025-03-22,Airbnb,1,4582.85
2025-03-22,Customer IO,4,13791.72
2025-03-22,Google,1,3310.58
2025-03-22,Organic,9,62092.6
2025-03-22,Other,3,7033.05
2025-03-23,Airbnb,6,22952.48
2025-03-23,Customer IO,3,13290.49
2025-03-23,Google,2,7842.92
2025-03-23,Organic,6,35767.17
2025-03-23,Other,3,13429.68
2025-03-24,Airbnb,4,22844.51
2025-03-24,Google,5,18555.21
2025-03-24,Organic,5,35981.7
2025-03-24,Other,5,11073.5
2025-03-24,Vrbo,1,4739.4
2025-03-25,Airbnb,2,5884.02
2025-03-25,Customer IO,1,3032.29
2025-03-25,Organic,9,49472.25
2025-03-25,Other,3,8052.16
2025-03-26,Airbnb,1,2651.65
2025-03-26,Customer IO,1,2306.48
2025-03-26,Organic,7,24385.68
2025-03-26,Other,1,5975.75
2025-03-26,Vrbo,2,21943.52
2025-03-27,Airbnb,2,12377.2
2025-03-27,Google,2,6780.25
2025-03-27,Organic,6,27704.4
2025-03-27,Other,3,18178.05
2025-03-27,Vrbo,1,2552.1
2025-03-28,Airbnb,3,8422.8
2025-03-28,Customer IO,1,9879.26
2025-03-28,Google,1,6779.6
2025-03-28,Meta,1,5463.41
2025-03-28,Organic,3,11923.21
2025-03-28,Other,1,7041.1
2025-03-28,Vrbo,1,24423.77
2025-03-29,Airbnb,1,3921.13
2025-03-29,Customer IO,1,4222.07
2025-03-29,Organic,2,4298.42
2025-03-29,Other,1,1964.85
2025-03-29,Vrbo,1,4565.92
2025-03-30,Airbnb,2,8463.44
2025-03-30,Organic,5,58460.07
2025-03-30,Other,3,11598.15
2025-03-30,Vrbo,1,2205.52
2025-03-31,Airbnb,2,9620.65
2025-03-31,Google,1,1658.14
2025-03-31,Organic,7,31984.68
2025-03-31,Other,1,4912.5
2025-03-31,Vrbo,2,11734.7
2025-04-01,Airbnb,2,16403.79
2025-04-01,Customer IO,2,5590.76
2025-04-01,Google,2,7798.19
2025-04-01,Manual,1,3299.0
2025-04-01,Organic,9,53960.1
2025-04-01,Other,5,29032.32
2025-04-02,Customer IO,1,2611.98
2025-04-02,Manual,1,1745.0
2025-04-02,Meta,1,2951.94
2025-04-02,Organic,4,28438.21
2025-04-02,Other,2,5637.74
2025-04-03,Airbnb,4,15876.09
2025-04-03,Customer IO,1,2836.01
2025-04-03,Google,3,11646.99
2025-04-03,Organic,4,22720.06
2025-04-03,Other,2,25086.56
2025-04-04,Airbnb,2,5233.94
2025-04-04,Criteo,1,1975.75
2025-04-04,Customer IO,2,26187.99
2025-04-04,Google,2,16966.38
2025-04-04,Organic,5,32611.71
2025-04-04,Other,4,11553.4
2025-04-04,Vrbo,1,3051.37
2025-04-05,Airbnb,2,11191.99
2025-04-05,Customer IO,1,5108.75
2025-04-05,Organic,4,22415.91
2025-04-05,Other,3,27869.32
2025-04-05,Vrbo,1,2460.2
2025-04-06,Airbnb,4,20446.07
2025-04-06,Google,7,25269.5
2025-04-06,Organic,13,72774.75
2025-04-06,Other,6,46716.72
2025-04-06,Vrbo,1,3362.12
2025-04-07,Airbnb,2,13592.81
2025-04-07,Google,1,4671.04
2025-04-07,Organic,5,26959.52
2025-04-07,Other,4,12503.34
2025-04-08,Airbnb,2,17576.27
2025-04-08,Customer IO,1,2167.19
2025-04-08,Organic,10,63282.4
2025-04-08,Other,5,16412.72
2025-04-09,Airbnb,4,19717.41
2025-04-09,Customer IO,2,8811.51
2025-04-09,Google,1,8770.07
2025-04-09,Manual,1,2616.0
2025-04-09,Organic,9,29816.84
2025-04-09,Other,2,16475.1
2025-04-09,Vrbo,2,10576.76
2025-04-10,Airbnb,3,10915.15
2025-04-10,Google,3,12327.63
2025-04-10,Organic,3,16348.25
2025-04-10,Other,3,12675.32
2025-04-10,Vrbo,1,3736.13
2025-04-11,Airbnb,5,24162.16
2025-04-11,Customer IO,1,1898.39
2025-04-11,Google,2,3732.15
2025-04-11,Organic,5,13739.31
2025-04-11,Other,2,6531.11
2025-04-12,Airbnb,4,12966.75
2025-04-12,Customer IO,1,2566.91
2025-04-12,Google,5,17962.64
2025-04-12,Organic,8,29205.99
2025-04-12,Other,6,17100.51
2025-04-13,Airbnb,2,5937.89
2025-04-13,Customer IO,1,6572.55
2025-04-13,Google,2,13083.82
2025-04-13,Organic,9,68310.57
2025-04-13,Other,5,23513.24
2025-04-13,Vrbo,1,3530.3
2025-04-14,Airbnb,2,5773.46
2025-04-14,Customer IO,1,2728.16
2025-04-14,Google,1,1354.9
2025-04-14,Organic,7,38732.06
2025-04-14,Other,1,17170.82
2025-04-15,Airbnb,1,6845.31
2025-04-15,Customer IO,2,4660.08
2025-04-15,Google,2,10266.98
2025-04-15,Organic,5,17618.07
2025-04-15,Other,6,23422.91
2025-04-15,Vrbo,1,4470.7
2025-04-16,Airbnb,1,3204.1
2025-04-16,Customer IO,2,5059.76
2025-04-16,Organic,4,11239.89
2025-04-17,Airbnb,4,15429.75
2025-04-17,Customer IO,2,9043.49
2025-04-17,Google,1,3167.23
2025-04-17,Organic,5,24939.13
2025-04-17,Other,1,10435.43
2025-04-17,Vrbo,2,8522.98
2025-04-18,Airbnb,4,18150.83
2025-04-18,Organic,3,19394.09
2025-04-18,Other,2,6105.89
2025-04-19,Airbnb,3,15342.24
2025-04-19,Customer IO,2,5104.59
2025-04-19,Organic,3,7270.56
2025-04-19,Other,1,1428.0
2025-04-19,Vrbo,2,15253.23
2025-04-20,Airbnb,4,13117.57
2025-04-20,Customer IO,3,10650.77
2025-04-20,Google,1,2871.6
2025-04-20,Organic,5,20133.09
2025-04-20,Other,3,10365.02
2025-04-21,Airbnb,1,7819.12
2025-04-21,Customer IO,1,2470.67
2025-04-21,Google,1,1364.79
2025-04-21,Organic,9,32518.35
2025-04-21,Other,3,10082.63
2025-04-21,Vrbo,1,2867.18
2025-04-22,Airbnb,1,5171.26
2025-04-22,Customer IO,4,14733.45
2025-04-22,Influencer,1,1199.01
2025-04-22,Organic,5,21585.94
2025-04-22,Other,5,12973.98
2025-04-22,Vrbo,3,20901.36
2025-04-23,Airbnb,3,14748.12
2025-04-23,Customer IO,1,8220.86
2025-04-23,Organic,6,27090.33
2025-04-23,Other,4,7649.65
2025-04-23,Vrbo,1,2706.52
2025-04-24,Airbnb,7,19133.46
2025-04-24,Organic,6,38844.41
2025-04-24,Other,3,7946.38
2025-04-24,Vrbo,1,8509.81
2025-04-25,Airbnb,6,24348.01
2025-04-25,Customer IO,1,4986.46
2025-04-25,Google,1,5155.75
2025-04-25,Organic,6,47491.2
2025-04-25,Other,2,7657.4
2025-04-25,Vrbo,1,3045.11
2025-04-26,Airbnb,5,23824.9
2025-04-26,Customer IO,1,2087.68
2025-04-26,Google,1,7147.86
2025-04-26,Organic,4,19897.49
2025-04-26,Other,1,17300.82
2025-04-26,Vrbo,1,4394.22
2025-04-27,Airbnb,2,7857.0
2025-04-27,Customer IO,4,15758.92
2025-04-27,Google,3,13053.98
2025-04-27,Organic,6,43971.47
2025-04-27,Other,1,800.0
2025-04-27,Vrbo,1,10408.2
2025-04-28,Airbnb,2,7474.82
2025-04-28,Customer IO,1,1870.85
2025-04-28,Influencer,1,6702.55
2025-04-28,Organic,4,20605.57
2025-04-28,Other,2,6986.14
2025-04-29,Airbnb,4,17482.21
2025-04-29,Customer IO,1,7775.56
2025-04-29,Google,2,10280.58
2025-04-29,Manual,1,8033.9
2025-04-29,Organic,3,17926.52
2025-04-29,Vrbo,3,18626.13
2025-04-30,Airbnb,1,2835.87
2025-04-30,Customer IO,1,1972.32
2025-04-30,Google,1,3698.08
2025-04-30,Organic,7,68657.89
2025-04-30,Other,3,11695.99
2025-05-01,Airbnb,5,14378.87
2025-05-01,Customer IO,1,3090.0
2025-05-01,Organic,7,29629.77
2025-05-01,Other,2,12725.89
2025-05-02,Airbnb,3,25620.42
2025-05-02,Google,3,18370.61
2025-05-02,Organic,3,21071.92
2025-05-02,Other,3,19454.46
2025-05-02,Vrbo,1,3492.29
2025-05-03,Airbnb,5,20371.38
2025-05-03,Customer IO,1,3225.54
2025-05-03,Google,1,8936.14
2025-05-03,Organic,2,11192.49
2025-05-03,Other,1,1152.35
2025-05-04,Airbnb,3,20482.13
2025-05-04,Criteo,1,7140.83
2025-05-04,Customer IO,1,1782.38
2025-05-04,Organic,6,19412.75
2025-05-04,Other,2,3767.98
2025-05-04,Vrbo,2,14704.57
2025-05-05,Airbnb,2,14501.11
2025-05-05,Organic,8,49008.92
2025-05-05,Vrbo,2,5149.16
2025-05-06,Airbnb,3,15478.87
2025-05-06,Customer IO,1,9168.72
2025-05-06,Google,1,4056.92
2025-05-06,Organic,7,46801.97
2025-05-06,Other,3,9566.7
2025-05-06,Vrbo,1,8398.06
2025-05-07,Airbnb,3,12229.9
2025-05-07,Customer IO,3,23281.78
2025-05-07,Google,3,17562.11
2025-05-07,Meta,1,3612.19
2025-05-07,Organic,3,13480.68
2025-05-07,Vrbo,2,7259.99
2025-05-08,Airbnb,3,9368.84
2025-05-08,Customer IO,1,1613.0
2025-05-08,Google,1,7751.11
2025-05-08,Organic,4,19772.44
2025-05-08,Other,1,2211.13
2025-05-08,Vrbo,2,13684.12
2025-05-09,Airbnb,5,21585.44
2025-05-09,Criteo,1,6995.0
2025-05-09,Organic,1,2592.0
2025-05-09,Other,2,4625.71
2025-05-10,Organic,3,24445.7
2025-05-10,Other,6,18567.18
2025-05-10,Vrbo,2,11231.47
2025-05-11,Airbnb,3,11766.76
2025-05-11,Customer IO,1,1713.1
2025-05-11,Organic,4,22227.69
2025-05-11,Other,4,20609.7
2025-05-12,Airbnb,1,3431.38
2025-05-12,Customer IO,1,3259.25
2025-05-12,Organic,7,50881.41
2025-05-12,Other,6,34820.97
2025-05-13,Airbnb,3,7218.9
2025-05-13,Organic,3,21511.49
2025-05-13,Other,1,8433.74
2025-05-14,Airbnb,5,18448.91
2025-05-14,Criteo,1,4095.0
2025-05-14,Customer IO,1,13672.69
2025-05-14,Google,1,2121.51
2025-05-14,Organic,3,8066.82
2025-05-14,Other,2,8175.0
2025-05-14,Vrbo,2,12694.24
2025-05-15,Airbnb,5,16724.79
2025-05-15,Customer IO,2,18162.27
2025-05-15,Google,1,4760.0
2025-05-15,Organic,4,28671.13
2025-05-15,Other,1,608.85
2025-05-15,Vrbo,1,1442.68
2025-05-16,Airbnb,6,31115.33
2025-05-16,Customer IO,1,5310.36
2025-05-16,Organic,6,21042.06
2025-05-16,Other,5,12707.58
2025-05-16,Vrbo,1,3465.51
2025-05-17,Airbnb,2,4522.14
2025-05-17,Customer IO,3,13932.43
2025-05-17,Organic,10,54411.3
2025-05-17,Other,2,9379.39
2025-05-17,Vrbo,1,4451.85
2025-05-18,Airbnb,5,17231.53
2025-05-18,Customer IO,1,4075.37
2025-05-18,Google,1,2909.48
2025-05-18,Organic,5,25450.07
2025-05-18,Other,1,2426.82
2025-05-18,Vrbo,2,5310.06
2025-05-19,Airbnb,3,13751.94
2025-05-19,Customer IO,1,3725.81
2025-05-19,Organic,8,39334.24
2025-05-19,Other,2,2553.41
2025-05-19,Vrbo,2,4964.86
2025-05-20,Airbnb,3,10752.84
2025-05-20,Customer IO,1,1045.44
2025-05-20,Google,1,7674.32
2025-05-20,Organic,9,13572.26
2025-05-20,Other,8,65603.95
2025-05-21,Airbnb,2,8913.33
2025-05-21,Booking,1,3761.45
2025-05-21,Customer IO,5,7621.22
2025-05-21,Google,1,1721.6
2025-05-21,Organic,12,57955.95
2025-05-21,Other,9,49520.31
2025-05-22,Airbnb,4,12328.31
2025-05-22,Customer IO,4,24193.75
2025-05-22,Google,1,1330.46
2025-05-22,Meta,1,424.54
2025-05-22,Organic,13,59249.19
2025-05-22,Other,4,14102.02
2025-05-23,Airbnb,5,21812.33
2025-05-23,Customer IO,1,250.5
2025-05-23,Organic,7,21666.35
2025-05-23,Other,6,18898.15
2025-05-24,Airbnb,8,26457.59
2025-05-24,Customer IO,3,5627.33
2025-05-24,Meta,1,1852.4
2025-05-24,Organic,5,15531.13
2025-05-24,Other,4,11322.04
2025-05-25,Airbnb,2,4138.6
2025-05-25,Customer IO,3,27254.83
2025-05-25,Organic,13,50517.32
2025-05-25,Other,4,11451.64
2025-05-26,Airbnb,1,8709.63
2025-05-26,Customer IO,2,3249.6
2025-05-26,Google,3,13415.23
2025-05-26,Influencer,1,1079.38
2025-05-26,Meta,1,1048.0
2025-05-26,Organic,11,40846.81
2025-05-26,Vrbo,1,2516.55
2025-05-27,Airbnb,5,20240.51
2025-05-27,Customer IO,3,8720.96
2025-05-27,Organic,8,36471.59
2025-05-27,Other,4,15224.32
2025-05-27,Vrbo,2,4867.42
2025-05-28,Airbnb,2,5622.9
2025-05-28,Customer IO,4,10678.88
2025-05-28,Organic,4,22829.02
2025-05-28,Other,10,40056.89
2025-05-28,Vrbo,1,5099.73
2025-05-29,Airbnb,5,41168.92
2025-05-29,Customer IO,1,11779.15
2025-05-29,Direct Mail,1,745.22
2025-05-29,Google,1,3185.31
2025-05-29,Organic,15,59735.19
2025-05-29,Other,3,8412.2
2025-05-29,Vrbo,6,39287.64
2025-05-30,Airbnb,1,4622.05
2025-05-30,Customer IO,8,34749.27
2025-05-30,Organic,13,35825.6
2025-05-30,Other,4,24068.18
2025-05-30,Vrbo,1,5345.63
2025-05-31,Airbnb,3,11660.62
2025-05-31,Customer IO,10,24143.61
2025-05-31,Google,2,12344.26
2025-05-31,Organic,15,36535.63
2025-05-31,Other,10,36783.83
2025-06-01,Airbnb,3,12133.31
2025-06-01,Customer IO,4,16475.02
2025-06-01,Google,3,26018.06
2025-06-01,Influencer,1,4756.93
2025-06-01,Organic,14,71826.28
2025-06-01,Other,5,12540.19
2025-06-02,Customer IO,2,6713.34
2025-06-02,Google,1,2544.65
2025-06-02,Organic,6,25455.97
2025-06-02,Other,1,3076.0
2025-06-02,Vrbo,1,4506.6
2025-06-03,Airbnb,3,11965.72
2025-06-03,Customer IO,1,3159.02
2025-06-03,Google,1,4749.14
2025-06-03,Manual,1,10692.22
2025-06-03,Organic,7,31284.34
2025-06-03,Other,3,13059.92
2025-06-04,Airbnb,1,3725.89
2025-06-04,Customer IO,2,10452.37
2025-06-04,Google,1,5522.78
2025-06-04,Organic,7,36256.65
2025-06-04,Other,2,13782.59
2025-06-04,Vrbo,1,15211.19
2025-06-05,Airbnb,1,2652.76
2025-06-05,Customer IO,1,5958.88
2025-06-05,Organic,9,24895.41
2025-06-05,Other,7,23514.53
2025-06-05,Vrbo,1,2402.02
2025-06-06,Airbnb,3,7893.88
2025-06-06,Customer IO,1,1877.29
2025-06-06,Google,1,44164.26
2025-06-06,Organic,8,47617.28
2025-06-06,Other,2,10013.07
2025-06-07,Airbnb,2,5883.14
2025-06-07,Customer IO,1,7347.0
2025-06-07,Google,2,18132.5
2025-06-07,Organic,2,7007.1
2025-06-07,Other,2,7902.17
2025-06-07,Vrbo,2,8856.82
2025-06-08,Airbnb,3,13750.81
2025-06-08,Customer IO,3,12412.82
2025-06-08,Organic,4,19827.83
2025-06-08,Other,1,5231.04
2025-06-08,Vrbo,1,4757.6
2025-06-09,Airbnb,5,18502.37
2025-06-09,Customer IO,1,3810.28
2025-06-09,Organic,5,23165.52
2025-06-09,Other,3,21296.04
2025-06-09,Vrbo,2,22893.47
2025-06-10,Airbnb,2,8731.27
2025-06-10,Customer IO,2,5136.08
2025-06-10,Organic,1,2346.0
2025-06-10,Other,1,5063.32
2025-06-10,Vrbo,2,6513.01
2025-06-11,Airbnb,4,25074.65
2025-06-11,Customer IO,1,4094.05
2025-06-11,Google,1,1664.88
2025-06-11,Organic,8,32375.01
2025-06-11,Vrbo,2,6745.4
2025-06-12,Airbnb,4,30833.22
2025-06-12,Customer IO,1,5906.55
2025-06-12,Email Action,1,4063.1
2025-06-12,Organic,6,18999.29
2025-06-12,Other,3,13066.84
2025-06-13,Airbnb,6,34800.01
2025-06-13,Organic,2,10150.5
2025-06-13,Other,1,20233.5
2025-06-14,Airbnb,2,12286.21
2025-06-14,Google,1,2774.14
2025-06-14,Organic,3,13226.38
2025-06-14,Other,2,13179.57
2025-06-14,Vrbo,1,3873.6
2025-06-15,Airbnb,12,55187.68
2025-06-15,Organic,5,23202.08
2025-06-15,Other,1,3010.36
2025-06-15,Vrbo,1,7817.07
2025-06-16,Airbnb,4,19044.21
2025-06-16,Customer IO,1,7928.24
2025-06-16,Organic,8,23387.48
2025-06-16,Other,1,1440.72
2025-06-16,Vrbo,1,3940.47
2025-06-17,Airbnb,2,4231.14
2025-06-17,Customer IO,4,18742.8
2025-06-17,Organic,8,42919.36
2025-06-17,Other,1,4191.27
2025-06-18,Airbnb,7,22610.86
2025-06-18,Booking,1,10840.4
2025-06-18,Customer IO,1,6301.24
2025-06-18,Meta,1,1966.51
2025-06-18,Organic,6,19978.79
2025-06-18,Other,2,19329.35
2025-06-18,Vrbo,1,11090.41
2025-06-19,Airbnb,2,4851.17
2025-06-19,Customer IO,1,1080.98
2025-06-19,Direct Mail,1,3463.43
2025-06-19,Google,2,7937.96
2025-06-19,Manual,1,5279.2
2025-06-19,Meta,1,3220.1
2025-06-19,Organic,6,35777.79
2025-06-19,Other,1,3063.09
2025-06-19,Vrbo,1,3244.72
2025-06-20,Airbnb,1,7324.4
2025-06-20,Customer IO,1,3165.88
2025-06-20,Organic,5,14928.94
2025-06-20,Other,1,4103.34
2025-06-20,Vrbo,4,28929.62
2025-06-21,Airbnb,4,14385.36
2025-06-21,Google,1,1911.9
2025-06-21,Organic,3,12838.87
2025-06-22,Airbnb,1,3715.1
2025-06-22,Google,1,3624.27
2025-06-22,Organic,4,25222.52
2025-06-22,Other,1,3095.85
2025-06-22,Vrbo,1,3328.12
2025-06-23,Airbnb,2,6569.81
2025-06-23,Customer IO,2,3036.6
2025-06-23,Google,1,4415.69
2025-06-23,Manual,1,2640.93
2025-06-23,Organic,6,18801.72
2025-06-23,Vrbo,4,28786.37
2025-06-24,Airbnb,3,8507.82
2025-06-24,Criteo,1,3082.85
2025-06-24,Google,2,9440.36
2025-06-24,Organic,3,15566.96
2025-06-24,Vrbo,2,6833.06
2025-06-25,Airbnb,5,11295.87
2025-06-25,Customer IO,1,8209.6
2025-06-25,Google,2,3800.05
2025-06-25,Organic,3,9875.7
2025-06-25,Vrbo,4,28181.72
2025-06-26,Airbnb,5,16290.67
2025-06-26,Customer IO,1,2395.92
2025-06-26,Manual,1,3223.98
2025-06-26,Organic,5,29031.04
2025-06-26,Other,1,2406.25
2025-06-26,Vrbo,2,4077.13
2025-06-27,Airbnb,4,18575.61
2025-06-27,Criteo,1,3857.2
2025-06-27,Google,1,13501.76
2025-06-27,Meta,1,3051.07
2025-06-27,Organic,6,18182.86
2025-06-27,Other,1,1450.8
2025-06-27,Vrbo,1,3915.26
2025-06-28,Airbnb,8,15347.54
2025-06-28,Customer IO,2,7272.17
2025-06-28,Google,1,3181.13
2025-06-28,Organic,11,49954.64
2025-06-28,Other,1,3801.7
2025-06-28,Vrbo,1,10094.4
2025-06-29,Airbnb,6,19770.43
2025-06-29,Criteo,1,1380.3
2025-06-29,Organic,12,59541.67
2025-06-29,Other,1,1731.8
2025-06-29,Vrbo,1,2365.51
2025-06-30,Airbnb,4,8850.47
2025-06-30,Criteo,1,608.53
2025-06-30,Customer IO,3,6956.17
2025-06-30,Organic,4,13197.4
2025-06-30,Other,1,3019.4
2025-06-30,Vrbo,1,8608.35
2025-07-01,Airbnb,14,43923.41
2025-07-01,Criteo,1,3740.3
2025-07-01,Customer IO,2,8098.2
2025-07-01,Organic,1,2363.48
2025-07-01,Vrbo,2,9059.57
2025-07-02,Airbnb,5,20296.1
2025-07-02,Google,1,2873.36
2025-07-02,Organic,4,19471.11
2025-07-02,Vrbo,1,1910.17
2025-07-03,Airbnb,2,4444.54
2025-07-03,Customer IO,1,3519.24
2025-07-03,Manual,1,2707.0
2025-07-03,Meta,1,4878.92
2025-07-03,Organic,4,13394.55
2025-07-03,Other,2,8431.96
2025-07-04,Organic,5,38647.06
2025-07-05,Airbnb,1,3368.81
2025-07-05,Google,1,15287.5
2025-07-05,Organic,5,16421.78
2025-07-05,Vrbo,3,15237.44
2025-07-06,Airbnb,6,16741.32
2025-07-06,Criteo,1,8150.4
2025-07-06,Meta,1,3262.4
2025-07-06,Organic,3,8623.59
2025-07-06,Other,2,10199.11
2025-07-06,Vrbo,2,9545.67
2025-07-07,Airbnb,13,95926.15
2025-07-07,Customer IO,2,7863.04
2025-07-07,Organic,10,47401.12
2025-07-07,Vrbo,1,4253.27
2025-07-08,Airbnb,3,8657.85
2025-07-08,Customer IO,2,32059.32
2025-07-08,Google,1,2495.34
2025-07-08,Meta,1,2990.26
2025-07-08,Organic,10,43542.2
2025-07-08,Other,1,3550.0
2025-07-09,Airbnb,4,13752.77
2025-07-09,Customer IO,1,4395.46
2025-07-09,Organic,7,20946.11
2025-07-09,Vrbo,1,4128.78
2025-07-10,Airbnb,6,18710.8
2025-07-10,Google,1,1606.05
2025-07-10,Meta,2,4775.19
2025-07-10,Organic,9,35118.18
2025-07-10,Other,1,1996.2
2025-07-11,Airbnb,9,25125.13
2025-07-11,Customer IO,2,8075.42
2025-07-11,Google,1,1975.0
2025-07-11,Organic,4,13370.28
2025-07-11,Vrbo,1,8189.35
2025-07-12,Airbnb,11,25396.22
2025-07-12,Customer IO,2,8242.64
2025-07-12,Organic,9,44435.85
2025-07-12,Vrbo,4,48346.87
2025-07-13,Airbnb,9,25402.84
2025-07-13,Organic,8,37214.48
2025-07-13,Vrbo,3,14801.98
2025-07-14,Airbnb,8,24587.6
2025-07-14,Google,1,4505.09
2025-07-14,Organic,11,33794.95
2025-07-14,Vrbo,2,2491.08
2025-07-15,Airbnb,5,31889.37
2025-07-15,Google,1,2070.85
2025-07-15,Meta,1,3634.8
2025-07-15,Organic,7,20875.13
2025-07-15,Other,1,3112.8
2025-07-15,Vrbo,1,10080.19
2025-07-16,Airbnb,5,11227.33
2025-07-16,Customer IO,1,3260.54
2025-07-16,Manual,1,1885.34
2025-07-16,Organic,7,20775.84
2025-07-16,Vrbo,2,32333.99
2025-07-17,Airbnb,11,31883.11
2025-07-17,Criteo,1,11827.6
2025-07-17,Google,1,6033.92
2025-07-17,Manual,1,31393.95
2025-07-17,Organic,4,11715.69
2025-07-17,Vrbo,4,13651.27
2025-07-18,Airbnb,5,33069.34
2025-07-18,Customer IO,1,2688.2
2025-07-18,Direct Mail,1,3664.4
2025-07-18,Organic,11,73331.77
2025-07-18,Vrbo,3,7029.7
2025-07-19,Airbnb,5,22697.02
2025-07-19,Customer IO,1,16164.2
2025-07-19,Organic,3,10569.28
2025-07-19,Vrbo,2,30085.88
2025-07-20,Airbnb,6,22808.67
2025-07-20,Organic,5,13411.61
2025-07-21,Airbnb,5,20025.47
2025-07-21,Customer IO,2,8254.81
2025-07-21,Google,2,7651.17
2025-07-21,Manual,2,32372.53
2025-07-21,Meta,1,2901.2
2025-07-21,Organic,9,34338.14
2025-07-21,Vrbo,2,8405.6
2025-07-22,Airbnb,7,15886.9
2025-07-22,Google,2,7294.29
2025-07-22,Meta,2,4551.75
2025-07-22,Organic,5,18712.33
2025-07-22,Vrbo,3,16662.69
2025-07-23,Airbnb,6,20855.66
2025-07-23,Customer IO,2,12150.97
2025-07-23,Google,2,6475.5
2025-07-23,Meta,1,5588.54
2025-07-23,Organic,8,64451.3
2025-07-23,Vrbo,2,9167.21
2025-07-24,Airbnb,2,2816.38
2025-07-24,Customer IO,1,2529.15
2025-07-24,Google,2,6691.3
2025-07-24,Organic,10,45115.13
2025-07-25,Airbnb,2,10609.67
2025-07-25,Customer IO,2,5008.8
2025-07-25,Organic,6,59337.84
2025-07-25,Other,1,2584.6
2025-07-26,Airbnb,5,89438.65
2025-07-26,Customer IO,1,5725.84
2025-07-26,Meta,1,1370.16
2025-07-26,Organic,8,22313.15
2025-07-26,Other,1,1972.75
2025-07-27,Airbnb,4,9924.6
2025-07-27,Booking,1,4824.71
2025-07-27,Criteo,1,2903.75
2025-07-27,Customer IO,1,18172.4
2025-07-27,Google,1,4875.31
2025-07-27,Organic,6,23693.23
2025-07-27,Vrbo,2,20558.7
2025-07-28,Airbnb,10,50807.22
2025-07-28,Customer IO,1,2809.05
2025-07-28,Manual,1,2691.0
2025-07-28,Meta,1,5289.0
2025-07-28,Organic,6,20398.27
2025-07-28,Vrbo,1,11016.35
2025-07-29,Airbnb,4,13589.99
2025-07-29,Criteo,1,1762.47
2025-07-29,Customer IO,1,3057.84
2025-07-29,Google,1,3000.87
2025-07-29,Organic,10,42964.22
2025-07-30,Airbnb,7,26181.63
2025-07-30,Customer IO,1,2735.15
2025-07-30,Google,3,8553.01
2025-07-30,Manual,1,1665.85
2025-07-30,Meta,1,1774.5
2025-07-30,Organic,4,10799.28
2025-07-31,Airbnb,9,30355.52
2025-07-31,Customer IO,4,13174.29
2025-07-31,Google,2,22714.0
2025-07-31,Meta,2,5943.78
2025-07-31,Organic,7,23446.83
2025-07-31,Other,1,3671.86
2025-07-31,Vrbo,1,5440.53
2025-08-01,Airbnb,5,20237.75
2025-08-01,Booking,1,8306.93
2025-08-01,Customer IO,1,4023.13
2025-08-01,Google,1,3054.9
2025-08-01,Organic,2,8576.64
2025-08-01,Other,2,4288.42
2025-08-01,Vrbo,1,5638.74
2025-08-02,Airbnb,1,1856.58
2025-08-02,Organic,5,50881.45
2025-08-02,Vrbo,5,37595.91
2025-08-03,Airbnb,5,15977.48
2025-08-03,Customer IO,2,4972.08
2025-08-03,Google,1,2343.07
2025-08-03,Meta,1,1661.2
2025-08-03,Organic,4,20065.15
2025-08-03,Vrbo,1,881.93
2025-08-04,Airbnb,5,17134.02
2025-08-04,Organic,6,37354.62
2025-08-04,Vrbo,1,7268.13
2025-08-05,Airbnb,4,9408.93
2025-08-05,Customer IO,1,2844.19
2025-08-05,Google,1,10855.82
2025-08-05,Manual,1,1179.03
2025-08-05,Organic,2,10064.0
2025-08-05,Other,1,3025.55
2025-08-05,Vrbo,2,9591.65
2025-08-06,Airbnb,1,2298.97
2025-08-06,Customer IO,1,1076.4
2025-08-06,Manual,1,1709.12
2025-08-06,Meta,1,2200.4
2025-08-06,Organic,7,29338.81
2025-08-06,Other,1,4259.88
2025-08-07,Airbnb,10,24136.51
2025-08-07,Customer IO,2,4245.62
2025-08-07,Google,3,27176.46
2025-08-07,Organic,7,29813.6
2025-08-07,Other,2,8335.68
2025-08-07,Vrbo,2,3635.71
2025-08-08,Airbnb,8,16596.54
2025-08-08,Manual,1,8357.28
2025-08-08,Meta,1,14427.85
2025-08-08,Organic,5,38938.35
2025-08-09,Airbnb,5,10315.7
2025-08-09,Customer IO,1,576.0
2025-08-09,Organic,5,34407.47
2025-08-10,Airbnb,6,28067.34
2025-08-10,Customer IO,1,3391.45
2025-08-10,Google,1,2350.0
2025-08-10,Organic,8,64820.62
2025-08-10,Vrbo,4,12681.63
2025-08-11,Airbnb,6,18605.91
2025-08-11,Customer IO,1,9937.0
2025-08-11,Google,1,8878.4
2025-08-11,Organic,6,28990.45
2025-08-11,Vrbo,3,11898.04
2025-08-12,Airbnb,9,24730.42
2025-08-12,Booking,1,5785.26
2025-08-12,Organic,10,59464.42
2025-08-12,Other,1,1914.25
2025-08-12,Vrbo,2,6714.34
2025-08-13,Airbnb,6,12320.16
2025-08-13,Customer IO,1,2514.38
2025-08-13,Meta,1,3010.0
2025-08-13,Organic,8,19356.5
2025-08-13,Other,1,2660.34
2025-08-13,Vrbo,3,13791.45
2025-08-14,Airbnb,6,22621.86
2025-08-14,Customer IO,1,3758.04
2025-08-14,Google,1,3503.72
2025-08-14,Manual,1,0.0
2025-08-14,Organic,9,31665.54
2025-08-14,Vrbo,1,944.42
2025-08-15,Airbnb,7,22087.76
2025-08-15,Customer IO,1,7436.53
2025-08-15,Meta,1,3367.98
2025-08-15,Organic,9,21370.35
2025-08-15,Vrbo,1,1137.36
2025-08-16,Airbnb,4,6913.19
2025-08-16,Customer IO,1,2135.35
2025-08-16,Google,1,3220.5
2025-08-16,Meta,1,4401.8
2025-08-16,Organic,6,24130.07
2025-08-16,Other,1,1405.3
2025-08-16,Vrbo,3,7251.15
2025-08-17,Airbnb,7,22132.97
2025-08-17,Meta,1,4574.98
2025-08-17,Organic,4,10850.07
2025-08-17,Vrbo,1,20760.08
2025-08-18,Airbnb,9,29840.94
2025-08-18,Customer IO,2,17130.51
2025-08-18,Organic,4,16192.1
2025-08-18,Other,1,2005.25
2025-08-18,Vrbo,2,11486.58
2025-08-19,Airbnb,2,3540.5
2025-08-19,Customer IO,3,5803.95
2025-08-19,Google,2,10800.7
2025-08-19,Manual,1,6369.93
2025-08-19,Organic,4,8265.55
2025-08-19,Other,1,2588.76
2025-08-19,Vrbo,2,4791.87
2025-08-20,Airbnb,9,25818.23
2025-08-20,Customer IO,1,2051.38
2025-08-20,Google,1,48281.8
2025-08-20,Manual,1,2770.3
2025-08-20,Meta,2,1744.18
2025-08-20,Organic,4,17027.88
2025-08-20,Vrbo,2,10710.72
2025-08-21,Airbnb,3,10763.98
2025-08-21,Organic,6,30130.16
2025-08-21,Vrbo,1,3709.94
2025-08-22,Airbnb,5,17117.19
2025-08-22,Customer IO,1,2583.28
2025-08-22,Organic,10,43123.07
2025-08-22,Other,1,3612.88
2025-08-22,Vrbo,1,1971.18
2025-08-23,Airbnb,6,22816.34
2025-08-23,Customer IO,2,21786.93
2025-08-23,Organic,1,6189.85
2025-08-23,Other,1,1659.61
2025-08-23,Vrbo,1,3898.65
2025-08-24,Airbnb,5,17210.1
2025-08-24,Customer IO,2,7350.04
2025-08-24,Organic,7,24652.33
2025-08-24,Other,1,1576.1
2025-08-24,Vrbo,1,1730.81
2025-08-25,Airbnb,14,61647.42
2025-08-25,Customer IO,3,29828.4
2025-08-25,Organic,8,38850.33
2025-08-25,Vrbo,1,3280.55
2025-08-26,Airbnb,5,8128.5
2025-08-26,Criteo,1,5478.4
2025-08-26,Customer IO,6,16707.06
2025-08-26,Google,1,1149.6
2025-08-26,Meta,1,3049.63
2025-08-26,Organic,10,36768.46
2025-08-27,Airbnb,5,17816.91
2025-08-27,Customer IO,1,18473.0
2025-08-27,Google,1,1606.15
2025-08-27,Manual,3,0.0
2025-08-27,Organic,7,41323.81
2025-08-27,Other,1,1638.0
2025-08-27,Vrbo,2,7908.78
2025-08-28,Airbnb,7,16117.04
2025-08-28,Customer IO,3,12000.58
2025-08-28,Organic,6,43590.75
2025-08-28,Vrbo,3,14320.44
2025-08-29,Airbnb,8,37787.45
2025-08-29,Customer IO,1,3921.6
2025-08-29,Google,1,8372.24
2025-08-29,Organic,5,19467.15
2025-08-30,Airbnb,9,54005.8
2025-08-30,Organic,4,19541.3
2025-08-30,Vrbo,1,4950.9
2025-08-31,Airbnb,7,69866.52
2025-08-31,Criteo,1,1619.27
2025-08-31,Organic,3,14847.52
2025-09-01,Airbnb,3,26758.29
2025-09-01,Criteo,1,4281.24
2025-09-01,Customer IO,1,1768.06
2025-09-01,Google,1,3902.54
2025-09-01,Organic,7,34237.05
2025-09-01,Other,1,6933.5
2025-09-01,Vrbo,1,750.01
2025-09-02,Airbnb,6,12538.06
2025-09-02,Criteo,1,2794.22
2025-09-02,Meta,1,1084.92
2025-09-02,Organic,6,19807.72
2025-09-02,Vrbo,1,1103.18
2025-09-03,Airbnb,7,30540.33
2025-09-03,Customer IO,3,30319.73
2025-09-03,Google,1,3575.27
2025-09-03,Organic,10,48923.29
2025-09-03,Vrbo,1,2021.43
2025-09-04,Airbnb,7,23692.97
2025-09-04,Customer IO,3,12948.01
2025-09-04,Manual,1,1199.18
2025-09-04,Organic,8,48424.21
2025-09-04,Vrbo,1,6228.84
2025-09-05,Airbnb,12,37989.23
2025-09-05,Criteo,1,2694.94
2025-09-05,Google,2,2983.7
2025-09-05,Organic,3,10538.01
2025-09-05,Other,1,2677.93
2025-09-06,Airbnb,5,12791.2
2025-09-06,Customer IO,2,11381.3
2025-09-06,Organic,6,17019.46
2025-09-06,Other,1,1527.88
2025-09-06,Vrbo,2,10826.21
2025-09-07,Airbnb,6,18458.56
2025-09-07,Organic,3,25928.61
2025-09-07,Vrbo,2,9532.26
2025-09-08,Airbnb,8,23128.24
2025-09-08,Organic,7,24901.31
2025-09-08,Other,2,7587.03
2025-09-08,Vrbo,2,11678.59
2025-09-09,Airbnb,2,19229.91
2025-09-09,Customer IO,1,23461.15
2025-09-09,Google,1,3707.39
2025-09-09,Meta,1,1321.19
2025-09-09,Organic,3,9977.95
2025-09-09,Other,2,6320.93
2025-09-09,Vrbo,1,11014.3
2025-09-10,Airbnb,4,13812.27
2025-09-10,Manual,1,1500.0
2025-09-10,Organic,5,25258.62
2025-09-10,Vrbo,3,6027.01
2025-09-11,Airbnb,4,10933.6
2025-09-11,Organic,6,35625.2
2025-09-11,Vrbo,1,2630.01
2025-09-12,Airbnb,3,19526.66
2025-09-12,Customer IO,3,19542.15
2025-09-12,Manual,1,17376.25
2025-09-12,Organic,7,25857.89
2025-09-13,Airbnb,4,19403.43
2025-09-13,Customer IO,3,8943.14
2025-09-13,Meta,1,4686.5
2025-09-13,Organic,5,20068.71
2025-09-13,Other,1,3359.4
2025-09-14,Airbnb,5,9894.12
2025-09-14,Customer IO,2,3888.0
2025-09-14,Organic,5,14082.42
2025-09-14,Vrbo,1,5826.41
2025-09-15,Airbnb,3,15320.33
2025-09-15,Customer IO,3,11693.62
2025-09-15,Manual,1,3282.72
2025-09-15,Meta,1,2632.8
2025-09-15,Organic,3,19571.43
2025-09-15,Other,1,983.37
2025-09-15,Vrbo,2,14691.71
2025-09-16,Airbnb,4,9325.58
2025-09-16,Customer IO,1,1208.3
2025-09-16,Manual,1,1953.7
2025-09-16,Organic,2,18293.63
2025-09-16,Vrbo,4,32696.87
2025-09-17,Airbnb,4,17674.54
2025-09-17,Customer IO,1,4147.86
2025-09-17,Google,1,10181.47
2025-09-17,Organic,3,8995.01
2025-09-18,Airbnb,7,28287.42
2025-09-18,Organic,8,55021.86
2025-09-18,Other,1,1339.6
2025-09-18,Vrbo,2,39804.19
2025-09-19,Airbnb,3,20884.87
2025-09-19,Customer IO,1,1159.0
2025-09-19,Organic,4,33527.68
2025-09-20,Airbnb,10,35964.67
2025-09-20,Google,1,1610.1
2025-09-20,Organic,7,19255.81
2025-09-20,Vrbo,3,6835.24
2025-09-21,Airbnb,11,46155.94
2025-09-21,Customer IO,4,14128.61
2025-09-21,Direct Mail,1,5109.76
2025-09-21,Organic,3,12832.76
2025-09-21,Vrbo,2,5984.68
2025-09-22,Airbnb,7,28830.0
2025-09-22,Google,2,8629.54
2025-09-22,Organic,6,23230.68
2025-09-22,Other,1,2394.0
2025-09-23,Airbnb,6,26150.95
2025-09-23,Customer IO,1,4195.88
2025-09-23,Google,1,5378.8
2025-09-23,Manual,3,20043.71
2025-09-23,Organic,4,11394.19
2025-09-24,Airbnb,10,30593.42
2025-09-24,Customer IO,4,12520.83
2025-09-24,Organic,6,37091.5
2025-09-24,Other,1,1804.01
2025-09-24,Vrbo,1,4887.41
2025-09-25,Airbnb,6,25528.61
2025-09-25,Customer IO,3,8820.55
2025-09-25,Direct Mail,1,1441.35
2025-09-25,Organic,3,8022.7
2025-09-25,Other,1,2122.92
2025-09-25,Vrbo,4,12293.29
2025-09-26,Airbnb,5,32159.43
2025-09-26,Customer IO,2,3556.96
2025-09-26,Direct Mail,1,3588.56
2025-09-26,Organic,3,11060.61
2025-09-27,Airbnb,6,16711.08
2025-09-27,Customer IO,1,626.54
2025-09-27,Direct Mail,1,3613.75
2025-09-27,Google,1,17457.0
2025-09-27,Organic,3,5035.18
2025-09-27,Other,1,1807.35
2025-09-27,Vrbo,2,2502.5
2025-09-28,Airbnb,6,25094.26
2025-09-28,Direct Mail,1,8067.75
2025-09-28,Organic,7,22320.77
2025-09-28,Other,2,12121.47
2025-09-28,Vrbo,3,8669.55
2025-09-29,Airbnb,10,38688.25
2025-09-29,Meta,1,8186.14
2025-09-29,Organic,4,45383.86
2025-09-29,Other,1,4922.56
2025-09-30,Airbnb,6,23272.03
2025-09-30,Customer IO,1,5144.58
2025-09-30,Google,3,12766.77
2025-09-30,Organic,4,16838.99
2025-09-30,Vrbo,1,4745.62
2025-10-01,Airbnb,7,27133.11
2025-10-01,Customer IO,4,13080.52
2025-10-01,Manual,1,1323.33
2025-10-01,Organic,7,46221.73
2025-10-01,Other,1,491.7
2025-10-01,Vrbo,3,10003.0
2025-10-02,Airbnb,7,14657.36
2025-10-02,Customer IO,1,2818.94
2025-10-02,Organic,7,58884.07
2025-10-02,Other,2,966.1
2025-10-02,Vrbo,2,15407.01
2025-10-03,Airbnb,5,19789.38
2025-10-03,Customer IO,2,13379.62
2025-10-03,Organic,11,43446.94
2025-10-03,Other,2,4454.94
2025-10-03,Vrbo,2,3541.12
2025-10-04,Airbnb,4,11687.92
2025-10-04,Customer IO,3,19568.53
2025-10-04,Organic,1,2208.09
2025-10-04,Other,1,3470.09
2025-10-04,Vrbo,3,6966.43
2025-10-05,Airbnb,5,17377.55
2025-10-05,Google,1,16392.52
2025-10-05,Organic,6,27495.91
2025-10-05,Other,1,2782.44
2025-10-05,Vrbo,1,3603.16
2025-10-06,Airbnb,8,25850.03
2025-10-06,Customer IO,3,24076.18
2025-10-06,Google,1,3584.59
2025-10-06,Organic,4,16529.35
2025-10-07,Airbnb,5,16552.43
2025-10-07,Criteo,1,578.76
2025-10-07,Customer IO,1,4925.92
2025-10-07,Microsoft,1,3532.84
2025-10-07,Organic,8,16943.99
2025-10-08,Airbnb,2,5371.86
2025-10-08,Meta,1,1459.08
2025-10-08,Other,1,1773.56
2025-10-09,Airbnb,3,13130.4
2025-10-09,Customer IO,1,10379.3
2025-10-09,Google,1,1465.92
2025-10-09,Organic,1,3385.24
2025-10-09,Vrbo,7,19141.47
2025-10-10,Airbnb,4,12447.8
2025-10-10,Customer IO,3,31802.0
2025-10-10,Google,1,40431.58
2025-10-10,Organic,3,8979.91
2025-10-10,Other,1,6127.78
2025-10-10,Vrbo,2,3197.32
2025-10-11,Airbnb,7,21165.98
2025-10-11,Customer IO,3,16433.52
2025-10-11,Organic,4,15589.46
2025-10-11,Vrbo,5,18129.66
2025-10-12,Airbnb,10,39869.75
2025-10-12,Direct Mail,1,2154.3
2025-10-12,Meta,1,880.87
2025-10-12,Organic,2,23262.48
2025-10-12,Vrbo,1,7854.9
2025-10-13,Airbnb,4,9849.38
2025-10-13,Google,1,1755.64
2025-10-13,Influencer,1,1022.82
2025-10-13,Organic,6,36197.06
2025-10-13,Vrbo,2,7182.51
2025-10-14,Airbnb,3,4497.89
2025-10-14,Customer IO,2,14695.45
2025-10-14,Organic,2,13319.39
2025-10-14,Vrbo,2,8994.47
2025-10-15,Airbnb,7,17919.39
2025-10-15,Customer IO,3,10761.68
2025-10-15,Manual,1,5112.11
2025-10-15,Organic,1,8945.0
2025-10-15,Vrbo,3,28284.78
2025-10-16,Airbnb,4,11068.88
2025-10-16,Customer IO,3,44716.67
2025-10-16,Organic,5,28656.42
2025-10-16,Vrbo,2,2094.89
2025-10-17,Airbnb,1,2112.66
2025-10-17,Organic,4,13982.93
2025-10-17,Other,1,1967.72
2025-10-17,Vrbo,2,8243.93
2025-10-18,Airbnb,1,2451.02
2025-10-18,Google,1,2203.37
2025-10-18,Influencer,1,1891.25
2025-10-18,Organic,3,19607.36
2025-10-18,Other,1,1816.01
2025-10-18,Vrbo,2,11137.24
2025-10-19,Airbnb,1,4912.08
2025-10-19,Customer IO,1,1980.5
2025-10-19,Google,2,12103.06
2025-10-19,Organic,8,41928.54
2025-10-19,Other,1,2472.4
2025-10-19,Vrbo,2,5357.24
2025-10-20,Airbnb,5,20254.41
2025-10-20,Criteo,1,11283.54
2025-10-20,Customer IO,1,11206.73
2025-10-20,Google,1,3198.53
2025-10-20,Manual,1,21000.02
2025-10-20,Microsoft,1,1691.15
2025-10-20,Organic,1,5129.28
2025-10-20,Other,1,3009.96
2025-10-20,Vrbo,2,3368.34
2025-10-21,Airbnb,4,18152.68
2025-10-21,Customer IO,3,33397.87
2025-10-21,Organic,1,21722.5
2025-10-21,Other,1,3105.31
2025-10-21,Vrbo,5,18716.0
2025-10-22,Airbnb,4,8429.11
2025-10-22,Organic,5,23056.05
2025-10-22,Other,2,8494.61
2025-10-23,Airbnb,1,5326.27
2025-10-23,Organic,2,7986.8
2025-10-23,Other,2,10785.76
2025-10-23,Vrbo,1,4120.81
2025-10-24,Airbnb,2,3740.32
2025-10-24,Google,2,13636.45
2025-10-24,Organic,4,13992.1
2025-10-24,Vrbo,1,1438.25
2025-10-25,Airbnb,3,11729.41
2025-10-25,Organic,3,21565.74
2025-10-25,Other,1,4024.03
2025-10-25,Vrbo,1,11634.63
2025-10-26,Airbnb,4,23884.89
2025-10-26,Customer IO,1,4795.64
2025-10-26,Organic,5,15536.56
2025-10-26,Other,1,4825.29
2025-10-26,Vrbo,1,4775.41
2025-10-27,Airbnb,7,21913.61
2025-10-27,Organic,2,28141.09
2025-10-27,Other,3,9046.55
2025-10-27,Vrbo,1,6468.55
2025-10-28,Airbnb,6,23072.77
2025-10-28,Organic,6,30393.05
2025-10-28,Other,3,57798.53
2025-10-29,Airbnb,7,23325.5
2025-10-29,Customer IO,2,2828.26
2025-10-29,Meta,1,13123.99
2025-10-29,Organic,2,15012.65
2025-10-29,Other,2,14851.23
2025-10-29,Vrbo,2,20973.59
2025-10-30,Airbnb,4,31267.52
2025-10-30,Organic,3,17479.93
2025-10-30,Vrbo,1,7545.32
2025-10-31,Airbnb,5,14355.16
2025-10-31,Customer IO,1,3588.74
2025-10-31,Organic,5,48301.63
2025-10-31,Vrbo,1,1305.44
2025-11-01,Organic,5,45450.13
2025-11-01,Vrbo,1,8917.21
2025-11-02,Airbnb,4,10317.63
2025-11-02,Customer IO,1,2496.4
2025-11-02,Organic,2,7086.31
2025-11-02,Vrbo,3,6388.57
2025-11-03,Airbnb,4,12541.29
2025-11-03,Organic,4,14238.94
2025-11-04,Airbnb,6,25607.58
2025-11-04,Organic,4,27929.42
2025-11-05,Airbnb,6,17376.57
2025-11-05,Customer IO,1,3674.39
2025-11-05,Google,2,20672.32
2025-11-05,Organic,6,26939.63
2025-11-05,Other,1,30887.72
2025-11-05,Vrbo,1,7406.65
2025-11-06,Airbnb,2,4711.65
2025-11-06,Customer IO,1,1749.72
2025-11-06,Organic,7,39294.06
2025-11-06,Vrbo,3,7077.23
2025-11-07,Airbnb,6,17064.16
2025-11-07,Customer IO,2,4482.94
2025-11-07,Manual,1,3595.0
2025-11-07,Organic,3,22981.3
2025-11-07,Other,1,1986.6
2025-11-08,Airbnb,3,11512.27
2025-11-08,Manual,1,3247.24
2025-11-08,Organic,4,11457.97
2025-11-08,Vrbo,2,5347.13
2025-11-09,Airbnb,5,24701.92
2025-11-09,Customer IO,1,3395.46
2025-11-09,Google,1,1661.6
2025-11-09,Organic,5,26003.76
2025-11-09,Vrbo,1,2926.27
2025-11-10,Airbnb,6,17809.1
2025-11-10,Customer IO,3,28150.31
2025-11-10,Organic,6,52144.57
2025-11-10,Other,1,3900.7
2025-11-11,Airbnb,3,8687.63
2025-11-11,Manual,2,5665.5
2025-11-11,Organic,3,20055.82
2025-11-12,Airbnb,8,56603.88
2025-11-12,Customer IO,1,6819.44
2025-11-12,Organic,5,35848.99
2025-11-12,Other,2,8473.45
2025-11-12,Vrbo,2,32136.52
2025-11-13,Airbnb,1,2379.52
2025-11-13,Customer IO,5,28000.42
2025-11-13,Organic,3,9496.08
2025-11-13,Other,1,8685.0
2025-11-14,Airbnb,1,3471.26
2025-11-14,Customer IO,1,16536.0
2025-11-14,Organic,7,41025.86
2025-11-14,Other,1,1972.3
2025-11-15,Airbnb,6,14795.81
2025-11-15,Customer IO,1,8289.93
2025-11-15,Organic,5,30000.71
2025-11-15,Vrbo,2,9824.55
2025-11-16,Airbnb,4,15785.24
2025-11-16,Customer IO,1,28745.14
2025-11-16,Organic,5,43952.24
2025-11-16,Vrbo,1,12969.92
2025-11-17,Airbnb,3,15907.61
2025-11-17,Customer IO,5,28089.01
2025-11-17,Organic,7,43796.06
2025-11-17,Vrbo,2,4220.63
2025-11-18,Airbnb,10,44181.77
2025-11-18,Customer IO,1,4610.66
2025-11-18,Organic,6,27477.17
2025-11-18,Vrbo,1,1447.97
2025-11-19,Airbnb,9,36202.33
2025-11-19,Google,1,3589.9
2025-11-19,Manual,1,3218.75
2025-11-19,Organic,7,28732.53
2025-11-20,Airbnb,3,9262.04
2025-11-20,Customer IO,1,5895.78
2025-11-20,Manual,3,6357.83
2025-11-20,Organic,5,25910.1
2025-11-20,Other,1,2355.06
2025-11-20,Vrbo,1,4567.31
2025-11-21,Airbnb,5,24423.44
2025-11-21,Customer IO,5,31627.11
2025-11-21,Organic,4,14591.35
2025-11-21,Vrbo,2,6110.97
2025-11-22,Airbnb,3,14589.26
2025-11-22,Customer IO,1,2215.78
2025-11-22,Manual,2,17238.77
2025-11-22,Organic,4,12910.92
2025-11-22,Vrbo,1,1624.78
2025-11-23,Airbnb,7,34918.84
2025-11-23,Customer IO,2,21815.44
2025-11-23,Google,1,29020.0
2025-11-23,Organic,3,37200.63
2025-11-23,Vrbo,1,1522.84
2025-11-24,Airbnb,2,7035.72
2025-11-24,Customer IO,2,10495.23
2025-11-24,Organic,3,45538.12
2025-11-24,Vrbo,1,3921.37
2025-11-25,Airbnb,4,10248.32
2025-11-25,Customer IO,2,14012.57
2025-11-25,Manual,1,8750.0
2025-11-25,Organic,6,30427.25
2025-11-25,Other,1,17034.5
2025-11-26,Airbnb,7,18998.04
2025-11-26,Customer IO,1,7929.97
2025-11-26,Manual,1,5500.66
2025-11-26,Organic,9,81239.44
2025-11-27,Airbnb,1,2281.5
2025-11-27,Customer IO,3,9574.14
2025-11-27,Manual,2,29623.89
2025-11-27,Organic,4,14692.44
2025-11-27,Vrbo,2,8886.36
2025-11-28,Airbnb,3,7992.0
2025-11-28,Organic,2,13688.53
2025-11-28,Vrbo,2,41952.16
2025-11-29,Airbnb,9,33728.33
2025-11-29,Customer IO,3,11237.13
2025-11-29,Manual,1,2965.59
2025-11-29,Organic,3,18798.24
2025-11-29,Other,3,14315.7
2025-11-29,Vrbo,3,18368.66
2025-11-30,Airbnb,4,29827.12
2025-11-30,Customer IO,1,4557.85
2025-11-30,Organic,2,4715.83
2025-11-30,Other,1,7932.72
2025-12-01,Airbnb,8,18530.02
2025-12-01,Customer IO,3,29630.8
2025-12-01,Organic,4,33799.38
2025-12-01,Vrbo,2,3561.7
2025-12-02,Airbnb,4,15281.82
2025-12-02,Customer IO,1,3495.73
2025-12-02,Vrbo,1,1916.25
2025-12-03,Airbnb,7,36233.24
2025-12-03,Customer IO,5,18811.62
2025-12-03,Organic,3,14073.36
2025-12-04,Airbnb,3,11973.7
2025-12-04,Customer IO,1,3532.0
2025-12-04,Google,1,9562.25
2025-12-04,Manual,1,448.11
2025-12-04,Organic,6,115773.92
2025-12-04,Vrbo,2,5071.04
2025-12-05,Airbnb,5,19345.6
2025-12-05,Customer IO,3,17081.91
2025-12-05,Direct Mail,1,2416.57
2025-12-05,Organic,6,16095.09
2025-12-05,Vrbo,1,2238.35
2025-12-06,Airbnb,3,7495.14
2025-12-06,Organic,8,51322.1
2025-12-07,Airbnb,3,9131.06
2025-12-07,Organic,3,22069.04
2025-12-07,Other,1,11519.5
2025-12-07,Vrbo,1,3810.52
2025-12-08,Airbnb,6,23295.65
2025-12-08,Customer IO,2,3833.01
2025-12-08,Organic,1,13707.3
2025-12-08,Vrbo,5,12495.88
2025-12-09,Airbnb,5,24156.12
2025-12-09,Google,1,13736.17
2025-12-09,Organic,2,10131.02
2025-12-10,Airbnb,5,21492.02
2025-12-10,Organic,8,28258.83
2025-12-10,Other,1,1469.25
2025-12-10,Vrbo,1,3633.86
2025-12-11,Airbnb,1,6641.7
2025-12-11,Customer IO,1,4218.23
2025-12-11,Google,1,13401.57
2025-12-11,Organic,8,43952.74
2025-12-11,Other,1,0.0
2025-12-11,Vrbo,1,966.93
2025-12-12,Airbnb,6,37819.58
2025-12-12,Customer IO,1,2817.5
2025-12-12,Organic,3,15356.33
2025-12-12,Vrbo,1,5942.78
2025-12-13,Airbnb,5,12207.83
2025-12-13,Customer IO,1,11437.5
2025-12-13,Google,1,3129.03
2025-12-13,Other,1,2569.97
2025-12-13,Vrbo,3,21241.07
2025-12-14,Airbnb,10,45975.23
2025-12-14,Customer IO,2,9764.71
2025-12-14,Google,1,2421.11
2025-12-14,Manual,1,6328.25
2025-12-14,Organic,3,11393.4
2025-12-14,Other,1,3652.79
2025-12-15,Airbnb,3,9336.27
2025-12-15,Customer IO,1,1362.06
2025-12-15,Google,1,7730.5
2025-12-15,Organic,2,10330.04
2025-12-15,Vrbo,2,8540.23
2025-12-16,Airbnb,3,8421.26
2025-12-16,Customer IO,2,4650.59
2025-12-16,Organic,4,16570.26
2025-12-16,Vrbo,1,1832.03
2025-12-17,Airbnb,7,27045.9
2025-12-17,Customer IO,1,1278.0
2025-12-17,Influencer,1,560.74
2025-12-17,Meta,2,4970.02
2025-12-17,Organic,4,38989.76
2025-12-17,Other,1,1854.72
2025-12-17,Vrbo,2,6280.84
2025-12-18,Airbnb,6,29819.05
2025-12-18,Customer IO,2,7442.76
2025-12-18,Google,2,12347.64
2025-12-18,Organic,7,54356.85
2025-12-18,Vrbo,1,12331.51
2025-12-19,Airbnb,2,3090.16
2025-12-19,Customer IO,1,4406.25
2025-12-19,Meta,1,2615.48
2025-12-19,Organic,4,15599.88
2025-12-19,Other,1,11157.8
2025-12-19,Vrbo,1,19852.66
2025-12-20,Airbnb,9,37869.29
2025-12-20,Customer IO,1,3341.0
2025-12-20,Google,1,5504.0
2025-12-20,Organic,6,29492.66
2025-12-21,Airbnb,2,11545.23
2025-12-21,Customer IO,1,1258.93
2025-12-21,Organic,3,19929.82
2025-12-21,Vrbo,5,45069.44
2025-12-22,Airbnb,8,21119.13
2025-12-22,Google,1,1798.0
2025-12-22,Organic,3,12275.1
2025-12-22,Vrbo,1,4470.7
2025-12-23,Airbnb,5,10656.29
2025-12-23,Customer IO,1,1491.28
2025-12-23,Google,1,1610.56
2025-12-23,Organic,3,7424.3
2025-12-24,Airbnb,1,1706.74
2025-12-24,Organic,2,16952.98
2025-12-25,Airbnb,2,4443.0
2025-12-25,Organic,2,4567.69
2025-12-26,Airbnb,3,16682.39
2025-12-26,Customer IO,1,2135.38
2025-12-26,Manual,1,4813.14
2025-12-26,Meta,1,16152.02
2025-12-26,Organic,2,6266.81
2025-12-26,Other,1,3806.75
2025-12-27,Airbnb,6,24149.5
2025-12-27,Google,1,29328.69
2025-12-27,Organic,3,14434.5
2025-12-28,Airbnb,8,26732.25
2025-12-28,Customer IO,2,8313.08
2025-12-28,Google,1,9600.0
2025-12-28,Organic,5,26576.15
2025-12-29,Airbnb,8,34859.18
2025-12-29,Customer IO,4,14279.2
2025-12-29,Manual,1,1995.53
2025-12-29,Organic,3,17763.49
2025-12-29,Other,1,4367.72
2025-12-30,Airbnb,11,50571.2
2025-12-30,Customer IO,1,1450.0
2025-12-30,Organic,6,21943.64
2025-12-30,Other,2,5986.64
2025-12-30,Vrbo,1,1456.84
2025-12-31,Airbnb,5,31640.46
2025-12-31,Customer IO,5,21848.72
2025-12-31,Organic,3,18404.11
2025-12-31,Vrbo,1,1654.69
2026-01-01,Airbnb,4,21658.18
2026-01-01,Customer IO,4,9776.33
2026-01-01,Organic,1,3397.97
2026-01-02,Airbnb,5,24775.4
2026-01-02,Customer IO,4,15450.52
2026-01-02,Google,1,38985.0
2026-01-02,Organic,2,5518.08
2026-01-02,Other,2,3398.12
2026-01-02,Vrbo,1,1337.5
2026-01-03,Airbnb,5,17105.63
2026-01-03,Customer IO,2,32083.13
2026-01-03,Google,1,2923.17
2026-01-03,Organic,4,13949.43
2026-01-03,Other,2,14508.89
2026-01-03,Vrbo,1,6277.78
2026-01-04,Airbnb,7,47773.6
2026-01-04,Customer IO,2,8900.87
2026-01-04,Email Action,1,3549.65
2026-01-04,Organic,7,34690.12
2026-01-04,Other,4,15612.76
2026-01-05,Airbnb,7,32346.37
2026-01-05,Manual,1,1828.37
2026-01-05,Organic,10,60721.25
2026-01-05,Other,2,4856.73
2026-01-06,Airbnb,11,34453.12
2026-01-06,Meta,1,4963.53
2026-01-06,Organic,13,63453.95
2026-01-06,Other,1,6746.37
2026-01-06,Vrbo,1,1802.23
2026-01-07,Airbnb,8,32851.33
2026-01-07,Customer IO,1,2029.12
2026-01-07,Meta,1,2114.73
2026-01-07,Organic,8,45820.2
2026-01-07,Other,1,3359.36
2026-01-08,Airbnb,5,18517.82
2026-01-08,Google,1,5992.67
2026-01-08,Organic,10,51463.27
2026-01-09,Airbnb,9,39161.32
2026-01-09,Booking,1,1874.87
2026-01-09,Customer IO,1,1807.22
2026-01-09,Google,1,4220.63
2026-01-09,Meta,1,2354.97
2026-01-09,Organic,13,48007.22
2026-01-09,Other,2,6426.84
2026-01-10,Airbnb,11,61817.33
2026-01-10,Customer IO,2,3255.39
2026-01-10,Google,1,3438.49
2026-01-10,Meta,1,4487.36
2026-01-10,Organic,8,21864.32
2026-01-10,Other,2,1931.76
2026-01-11,Airbnb,8,32848.84
2026-01-11,Booking,1,381.51
2026-01-11,Customer IO,3,10880.51
2026-01-11,Google,1,3347.9
2026-01-11,Manual,1,3834.25
2026-01-11,Organic,5,38556.64
2026-01-11,Other,2,2434.55
2026-01-12,Airbnb,6,16078.18
2026-01-12,Customer IO,2,11262.4
2026-01-12,Manual,1,4091.92
2026-01-12,Meta,1,1209.27
2026-01-12,Organic,4,16927.33
2026-01-12,Other,2,13699.83
2026-01-13,Airbnb,7,22150.81
2026-01-13,Customer IO,2,3265.27
2026-01-13,Manual,3,14666.02
2026-01-13,Organic,11,75261.57
2026-01-13,Other,4,7321.65
2026-01-14,Airbnb,6,39102.68
2026-01-14,Customer IO,3,6034.66
2026-01-14,Google,2,11054.98
2026-01-14,Organic,6,51967.97
2026-01-14,Other,3,1254.6
2026-01-15,Airbnb,6,12713.19
2026-01-15,Google,1,8162.05
2026-01-15,Influencer,1,1383.2
2026-01-15,Organic,7,23919.36
2026-01-15,Other,7,11641.31
2026-01-15,Pinterest,1,1448.43
2026-01-16,Airbnb,7,24708.05
2026-01-16,Customer IO,1,1546.32
2026-01-16,Google,1,5882.34
2026-01-16,Manual,1,4793.61
2026-01-16,Meta,1,3150.59
2026-01-16,Organic,4,17338.81
2026-01-17,Airbnb,6,22693.31
2026-01-17,Customer IO,5,22551.68
2026-01-17,Google,1,3207.39
2026-01-17,Manual,2,11827.04
2026-01-17,Meta,1,2671.11
2026-01-17,Organic,4,28085.91
2026-01-17,Other,4,16022.31
2026-01-18,Airbnb,10,26124.53
2026-01-18,Customer IO,3,9535.26
2026-01-18,Google,2,5729.25
2026-01-18,Organic,8,36446.37
2026-01-18,Other,2,4043.02
2026-01-18,Vrbo,1,13271.21
2026-01-19,Airbnb,5,18452.04
2026-01-19,Customer IO,2,16059.88
2026-01-19,Google,2,13490.46
2026-01-19,Manual,1,0.0
2026-01-19,Meta,1,8250.0
2026-01-19,Organic,3,11476.89
2026-01-19,Other,7,6235.64
2026-01-19,Vrbo,4,8708.53
2026-01-20,Airbnb,6,21029.29
2026-01-20,Customer IO,2,4047.72
2026-01-20,Organic,4,11598.74
2026-01-20,Other,3,14905.71
2026-01-20,Vrbo,1,3400.29
2026-01-21,Airbnb,2,4420.69
2026-01-21,Customer IO,4,7820.52
2026-01-21,Manual,1,12839.75
2026-01-21,Meta,1,5125.0
2026-01-21,Organic,6,17667.36
2026-01-21,Other,3,11332.31
2026-01-21,Vrbo,1,3670.96
2026-01-22,Airbnb,7,20263.74
2026-01-22,Customer IO,5,6894.39
2026-01-22,Google,1,2062.74
2026-01-22,Organic,10,39190.18
2026-01-22,Other,4,20873.11
2026-01-23,Airbnb,3,8008.92
2026-01-23,Customer IO,1,5500.81
2026-01-23,Google,2,5574.68
2026-01-23,Organic,9,36568.43
2026-01-23,Other,1,4478.22
2026-01-23,Vrbo,2,9982.5
2026-01-24,Airbnb,5,25264.74
2026-01-24,Customer IO,3,11156.32
2026-01-24,Organic,9,45400.58
2026-01-24,Other,2,3826.8
2026-01-24,Vrbo,1,1718.98
2026-01-25,Airbnb,5,36675.4
2026-01-25,Customer IO,1,1100.0
2026-01-25,Google,1,2420.25
2026-01-25,Influencer,1,1286.8
2026-01-25,Meta,1,1500.41
2026-01-25,Organic,6,39904.82
2026-01-25,Other,1,2083.2
2026-01-25,Vrbo,1,3279.48
2026-01-26,Airbnb,7,19085.14
2026-01-26,Organic,3,10206.56
2026-01-26,Other,1,917.69
2026-01-26,Vrbo,3,34936.24
2026-01-27,Airbnb,7,56127.53
2026-01-27,Customer IO,2,8954.42
2026-01-27,Google,2,4292.95
2026-01-27,Organic,5,27963.21
2026-01-27,Other,3,16967.85
2026-01-28,Airbnb,1,1607.19
2026-01-28,Customer IO,1,3741.42
2026-01-28,Manual,1,2125.27
2026-01-28,Organic,3,8339.37
2026-01-28,Other,1,7981.14