date,channel,account_creations,checkout_started
2022-04-26,Organic,0,0
2022-04-27,Organic,0,6
2022-04-27,Other,0,1
2022-04-28,Customer IO,0,4
2022-04-28,Influencer,0,1
2022-04-28,Organic,0,42
2022-04-28,Other,0,115
2022-04-29,Customer IO,0,4
2022-04-29,Direct Mail,0,2
2022-04-29,Organic,0,24
2022-04-29,Other,0,195
2022-04-30,Customer IO,0,2
2022-04-30,Direct Mail,0,2
2022-04-30,Influencer,0,2
2022-04-30,Meta,0,1
2022-04-30,Organic,0,19
2022-04-30,Other,0,258
2022-05-01,Customer IO,0,1
2022-05-01,Meta,0,10
2022-05-01,Organic,0,39
2022-05-01,Other,0,277
2022-05-02,Customer IO,0,5
2022-05-02,Direct Mail,0,6
2022-05-02,Meta,0,4
2022-05-02,Organic,0,47
2022-05-02,Other,0,272
2022-05-03,Customer IO,0,9
2022-05-03,Google,0,1
2022-05-03,Organic,0,32
2022-05-03,Other,0,277
2022-05-04,Customer IO,0,3
2022-05-04,Direct Mail,0,3
2022-05-04,Google,0,1
2022-05-04,Influencer,0,1
2022-05-04,Meta,0,1
2022-05-04,Organic,0,65
2022-05-04,Other,0,411
2022-05-05,Customer IO,0,6
2022-05-05,Direct Mail,0,7
2022-05-05,Google,0,1
2022-05-05,Influencer,0,4
2022-05-05,Organic,0,41
2022-05-05,Other,0,424
2022-05-06,Customer IO,0,6
2022-05-06,Direct Mail,0,17
2022-05-06,Google,0,4
2022-05-06,Influencer,0,2
2022-05-06,Organic,0,61
2022-05-06,Other,0,334
2022-05-07,Customer IO,0,15
2022-05-07,Direct Mail,0,19
2022-05-07,Google,0,2
2022-05-07,Influencer,0,1
2022-05-07,Organic,0,22
2022-05-07,Other,0,464
2022-05-08,Customer IO,0,8
2022-05-08,Direct Mail,0,6
2022-05-08,Google,0,2
2022-05-08,Influencer,0,3
2022-05-08,Meta,0,1
2022-05-08,Organic,0,48
2022-05-08,Other,0,419
2022-05-09,Customer IO,0,5
2022-05-09,Meta,0,2
2022-05-09,Organic,0,37
2022-05-09,Other,0,291
2022-05-10,Airbnb,0,0
2022-05-10,Customer IO,0,1
2022-05-10,Direct Mail,0,9
2022-05-10,Google,0,1
2022-05-10,Meta,0,4
2022-05-10,Organic,0,44
2022-05-10,Other,0,442
2022-05-11,Customer IO,0,18
2022-05-11,Direct Mail,0,9
2022-05-11,Google,0,13
2022-05-11,Influencer,0,6
2022-05-11,Meta,0,1
2022-05-11,Organic,0,77
2022-05-11,Other,0,1249
2022-05-12,Customer IO,0,12
2022-05-12,Direct Mail,0,4
2022-05-12,Google,0,7
2022-05-12,Influencer,0,2
2022-05-12,Meta,0,1
2022-05-12,Organic,0,63
2022-05-12,Other,0,539
2022-05-13,Customer IO,0,12
2022-05-13,Direct Mail,0,5
2022-05-13,Google,0,2
2022-05-13,Influencer,0,4
2022-05-13,Organic,0,33
2022-05-13,Other,0,416
2022-05-14,Criteo,0,1
2022-05-14,Customer IO,0,10
2022-05-14,Direct Mail,0,8
2022-05-14,Google,0,3
2022-05-14,Organic,0,34
2022-05-14,Other,0,392
2022-05-15,Criteo,0,1
2022-05-15,Customer IO,0,3
2022-05-15,Direct Mail,0,7
2022-05-15,Google,0,4
2022-05-15,Meta,0,2
2022-05-15,Organic,0,23
2022-05-15,Other,0,387
2022-05-16,Airbnb,0,0
2022-05-16,Customer IO,0,3
2022-05-16,Direct Mail,0,8
2022-05-16,Google,0,1
2022-05-16,Organic,0,39
2022-05-16,Other,0,334
2022-05-17,Customer IO,0,8
2022-05-17,Google,0,2
2022-05-17,Organic,0,38
2022-05-17,Other,0,297
2022-05-18,Customer IO,0,10
2022-05-18,Direct Mail,0,2
2022-05-18,Google,0,2
2022-05-18,Organic,0,26
2022-05-18,Other,0,308
2022-05-19,Airbnb,0,0
2022-05-19,Customer IO,0,6
2022-05-19,Direct Mail,0,3
2022-05-19,Google,0,1
2022-05-19,Organic,0,22
2022-05-19,Other,0,264
2022-05-20,Airbnb,0,0
2022-05-20,Booking,0,0
2022-05-20,Customer IO,0,4
2022-05-20,Direct Mail,0,7
2022-05-20,Organic,0,12
2022-05-20,Other,0,279
2022-05-21,Customer IO,0,2
2022-05-21,Google,0,6
2022-05-21,Influencer,0,3
2022-05-21,Manual,0,1
2022-05-21,Meta,0,2
2022-05-21,Organic,0,30
2022-05-21,Other,0,304
2022-05-22,Airbnb,0,0
2022-05-22,Direct Mail,0,2
2022-05-22,Meta,0,2
2022-05-22,Organic,0,20
2022-05-22,Other,0,297
2022-05-23,Customer IO,0,6
2022-05-23,Direct Mail,0,4
2022-05-23,Google,0,5
2022-05-23,Organic,0,20
2022-05-23,Other,0,212
2022-05-24,Criteo,0,1
2022-05-24,Customer IO,0,9
2022-05-24,Direct Mail,0,2
2022-05-24,Google,0,3
2022-05-24,Organic,0,45
2022-05-24,Other,0,344
2022-05-25,Airbnb,0,0
2022-05-25,Customer IO,0,4
2022-05-25,Direct Mail,0,1
2022-05-25,Influencer,0,2
2022-05-25,Meta,0,6
2022-05-25,Organic,0,23
2022-05-25,Other,0,297
2022-05-26,Airbnb,0,0
2022-05-26,Criteo,0,1
2022-05-26,Direct Mail,0,1
2022-05-26,Manual,0,1
2022-05-26,Meta,0,5
2022-05-26,Organic,0,18
2022-05-26,Other,0,306
2022-05-27,Customer IO,0,6
2022-05-27,Direct Mail,0,7
2022-05-27,Email Action,0,1
2022-05-27,Influencer,0,4
2022-05-27,Organic,0,16
2022-05-27,Other,0,297
2022-05-28,Airbnb,0,0
2022-05-28,Customer IO,0,5
2022-05-28,Direct Mail,0,1
2022-05-28,Google,0,2
2022-05-28,Meta,0,4
2022-05-28,Organic,0,14
2022-05-28,Other,0,159
2022-05-29,Customer IO,0,5
2022-05-29,Direct Mail,0,4
2022-05-29,Influencer,0,1
2022-05-29,Meta,0,1
2022-05-29,Organic,0,10
2022-05-29,Other,0,164
2022-05-30,Customer IO,0,2
2022-05-30,Direct Mail,0,1
2022-05-30,Google,0,3
2022-05-30,Organic,0,31
2022-05-30,Other,0,163
2022-05-31,Airbnb,0,0
2022-05-31,Direct Mail,0,4
2022-05-31,Google,0,1
2022-05-31,Meta,0,6
2022-05-31,Organic,0,28
2022-05-31,Other,0,263
2022-06-01,Customer IO,0,13
2022-06-01,Google,0,3
2022-06-01,Meta,0,2
2022-06-01,Organic,0,41
2022-06-01,Other,0,238
2022-06-02,Airbnb,0,0
2022-06-02,Customer IO,0,3
2022-06-02,Direct Mail,0,5
2022-06-02,Google,0,8
2022-06-02,Influencer,0,7
2022-06-02,Organic,0,27
2022-06-02,Other,0,482
2022-06-03,Airbnb,0,0
2022-06-03,Customer IO,0,17
2022-06-03,Direct Mail,0,2
2022-06-03,Influencer,0,1
2022-06-03,Meta,0,3
2022-06-03,Organic,0,38
2022-06-03,Other,0,456
2022-06-04,Customer IO,0,6
2022-06-04,Direct Mail,0,1
2022-06-04,Google,0,2
2022-06-04,Influencer,0,2
2022-06-04,Meta,0,4
2022-06-04,Organic,0,44
2022-06-04,Other,0,402
2022-06-05,Criteo,0,1
2022-06-05,Customer IO,0,10
2022-06-05,Direct Mail,0,18
2022-06-05,Google,0,2
2022-06-05,Meta,0,3
2022-06-05,Organic,0,32
2022-06-05,Other,0,479
2022-06-06,Customer IO,0,5
2022-06-06,Direct Mail,0,8
2022-06-06,Google,0,7
2022-06-06,Meta,0,4
2022-06-06,Organic,0,15
2022-06-06,Other,0,397
2022-06-07,Customer IO,0,4
2022-06-07,Direct Mail,0,3
2022-06-07,Google,0,1
2022-06-07,Influencer,0,1
2022-06-07,Organic,0,41
2022-06-07,Other,0,339
2022-06-08,Customer IO,0,1
2022-06-08,Direct Mail,0,11
2022-06-08,Google,0,4
2022-06-08,Meta,0,5
2022-06-08,Organic,0,36
2022-06-08,Other,0,343
2022-06-09,Customer IO,0,7
2022-06-09,Direct Mail,0,10
2022-06-09,Google,0,8
2022-06-09,Influencer,0,1
2022-06-09,Meta,0,5
2022-06-09,Organic,0,46
2022-06-09,Other,0,398
2022-06-10,Customer IO,0,9
2022-06-10,Direct Mail,0,6
2022-06-10,Influencer,0,1
2022-06-10,Organic,0,38
2022-06-10,Other,0,343
2022-06-11,Customer IO,0,5
2022-06-11,Influencer,0,3
2022-06-11,Meta,0,14
2022-06-11,Organic,0,37
2022-06-11,Other,0,330
2022-06-12,Customer IO,0,2
2022-06-12,Direct Mail,0,4
2022-06-12,Google,0,1
2022-06-12,Influencer,0,4
2022-06-12,Organic,0,40
2022-06-12,Other,0,396
2022-06-13,Airbnb,0,0
2022-06-13,Customer IO,0,4
2022-06-13,Direct Mail,0,4
2022-06-13,Influencer,0,2
2022-06-13,Meta,0,6
2022-06-13,Organic,0,39
2022-06-13,Other,0,326
2022-06-14,Direct Mail,0,2
2022-06-14,Google,0,3
2022-06-14,Organic,0,12
2022-06-14,Other,0,346
2022-06-15,Customer IO,0,13
2022-06-15,Direct Mail,0,17
2022-06-15,Google,0,10
2022-06-15,Influencer,0,1
2022-06-15,Meta,0,2
2022-06-15,Organic,0,37
2022-06-15,Other,0,330
2022-06-16,Customer IO,0,9
2022-06-16,Direct Mail,0,11
2022-06-16,Google,0,3
2022-06-16,Influencer,0,1
2022-06-16,Meta,0,1
2022-06-16,Organic,0,48
2022-06-16,Other,0,290
2022-06-17,Criteo,0,1
2022-06-17,Customer IO,0,14
2022-06-17,Direct Mail,0,6
2022-06-17,Google,0,2
2022-06-17,Meta,0,1
2022-06-17,Organic,0,35
2022-06-17,Other,0,238
2022-06-18,Customer IO,0,9
2022-06-18,Direct Mail,0,5
2022-06-18,Google,0,3
2022-06-18,Meta,0,1
2022-06-18,Organic,0,29
2022-06-18,Other,0,261
2022-06-19,Customer IO,0,16
2022-06-19,Direct Mail,0,19
2022-06-19,Google,0,9
2022-06-19,Meta,0,1
2022-06-19,Organic,0,46
2022-06-19,Other,0,266
2022-06-20,Customer IO,0,8
2022-06-20,Direct Mail,0,4
2022-06-20,Google,0,8
2022-06-20,Meta,0,1
2022-06-20,Organic,0,39
2022-06-20,Other,0,247
2022-06-21,Airbnb,0,0
2022-06-21,Customer IO,0,4
2022-06-21,Direct Mail,0,1
2022-06-21,Google,0,2
2022-06-21,Meta,0,2
2022-06-21,Organic,0,29
2022-06-21,Other,0,310
2022-06-22,Airbnb,0,0
2022-06-22,Customer IO,0,4
2022-06-22,Direct Mail,0,8
2022-06-22,Google,0,6
2022-06-22,Influencer,0,1
2022-06-22,Meta,0,2
2022-06-22,Organic,0,30
2022-06-22,Other,0,224
2022-06-23,Airbnb,0,0
2022-06-23,Customer IO,0,6
2022-06-23,Direct Mail,0,8
2022-06-23,Google,0,4
2022-06-23,Influencer,0,2
2022-06-23,Organic,0,24
2022-06-23,Other,0,190
2022-06-24,Customer IO,0,14
2022-06-24,Direct Mail,0,12
2022-06-24,Google,0,6
2022-06-24,Meta,0,2
2022-06-24,Organic,0,62
2022-06-24,Other,0,275
2022-06-25,Customer IO,0,13
2022-06-25,Direct Mail,0,8
2022-06-25,Google,1,9
2022-06-25,Influencer,0,3
2022-06-25,Meta,1,2
2022-06-25,Organic,16,66
2022-06-25,Other,1,262
2022-06-26,Customer IO,1,8
2022-06-26,Direct Mail,0,2
2022-06-26,Google,2,6
2022-06-26,Meta,1,3
2022-06-26,Organic,13,77
2022-06-26,Other,0,245
2022-06-27,Customer IO,0,4
2022-06-27,Direct Mail,1,6
2022-06-27,Google,2,9
2022-06-27,Meta,2,5
2022-06-27,Organic,17,57
2022-06-27,Other,0,240
2022-06-28,Customer IO,0,9
2022-06-28,Direct Mail,1,5
2022-06-28,Google,1,1
2022-06-28,Meta,3,7
2022-06-28,Organic,10,65
2022-06-28,Other,1,228
2022-06-29,Airbnb,0,0
2022-06-29,Customer IO,0,8
2022-06-29,Direct Mail,0,4
2022-06-29,Google,1,5
2022-06-29,Meta,3,3
2022-06-29,Organic,11,67
2022-06-29,Other,0,209
2022-06-30,Customer IO,0,1
2022-06-30,Direct Mail,0,8
2022-06-30,Google,2,3
2022-06-30,Influencer,0,2
2022-06-30,Meta,0,1
2022-06-30,Organic,11,64
2022-06-30,Other,0,208
2022-07-01,Airbnb,0,0
2022-07-01,Customer IO,0,4
2022-07-01,Direct Mail,0,10
2022-07-01,Google,2,14
2022-07-01,Influencer,0,1
2022-07-01,Meta,6,13
2022-07-01,Organic,14,99
2022-07-01,Other,0,276
2022-07-02,Customer IO,0,22
2022-07-02,Direct Mail,4,19
2022-07-02,Google,14,35
2022-07-02,Influencer,0,2
2022-07-02,Meta,5,11
2022-07-02,Organic,99,211
2022-07-02,Other,0,506
2022-07-03,Customer IO,0,5
2022-07-03,Direct Mail,2,11
2022-07-03,Google,5,13
2022-07-03,Influencer,0,2
2022-07-03,Meta,5,7
2022-07-03,Organic,91,302
2022-07-03,Other,0,458
2022-07-04,Customer IO,0,8
2022-07-04,Direct Mail,1,6
2022-07-04,Google,1,5
2022-07-04,Influencer,0,1
2022-07-04,Meta,0,3
2022-07-04,Organic,43,143
2022-07-04,Other,0,413
2022-07-05,Customer IO,2,21
2022-07-05,Direct Mail,2,17
2022-07-05,Google,4,14
2022-07-05,Influencer,2,3
2022-07-05,Meta,0,5
2022-07-05,Organic,50,118
2022-07-05,Other,0,399
2022-07-06,Customer IO,0,15
2022-07-06,Direct Mail,4,16
2022-07-06,Google,5,10
2022-07-06,Meta,4,8
2022-07-06,Organic,31,120
2022-07-06,Other,0,385
2022-07-07,Customer IO,1,10
2022-07-07,Direct Mail,2,28
2022-07-07,Google,9,22
2022-07-07,Influencer,0,3
2022-07-07,Meta,4,6
2022-07-07,Organic,23,94
2022-07-07,Other,0,346
2022-07-08,Customer IO,0,6
2022-07-08,Direct Mail,1,3
2022-07-08,Google,2,11
2022-07-08,Meta,1,1
2022-07-08,Organic,18,50
2022-07-08,Other,0,267
2022-07-09,Customer IO,0,8
2022-07-09,Direct Mail,1,2
2022-07-09,Google,5,13
2022-07-09,Influencer,0,2
2022-07-09,Meta,2,2
2022-07-09,Organic,19,53
2022-07-09,Other,0,308
2022-07-09,Pinterest,0,1
2022-07-10,Airbnb,0,0
2022-07-10,Customer IO,0,8
2022-07-10,Direct Mail,0,6
2022-07-10,Google,10,21
2022-07-10,Meta,1,5
2022-07-10,Organic,17,64
2022-07-10,Other,0,351
2022-07-11,Customer IO,1,3
2022-07-11,Direct Mail,0,3
2022-07-11,Google,10,17
2022-07-11,Meta,1,8
2022-07-11,Organic,22,73
2022-07-11,Other,0,290
2022-07-12,Customer IO,1,15
2022-07-12,Direct Mail,1,9
2022-07-12,Google,5,16
2022-07-12,Influencer,0,1
2022-07-12,Meta,0,2
2022-07-12,Organic,21,84
2022-07-12,Other,0,322
2022-07-13,Airbnb,0,0
2022-07-13,Customer IO,1,10
2022-07-13,Direct Mail,1,5
2022-07-13,Google,8,21
2022-07-13,Meta,0,1
2022-07-13,Organic,18,54
2022-07-13,Other,0,227
2022-07-14,Customer IO,0,7
2022-07-14,Direct Mail,1,15
2022-07-14,Google,4,12
2022-07-14,Meta,0,4
2022-07-14,Organic,16,69
2022-07-14,Other,0,229
2022-07-15,Customer IO,0,5
2022-07-15,Direct Mail,3,12
2022-07-15,Google,6,16
2022-07-15,Influencer,1,3
2022-07-15,Meta,2,4
2022-07-15,Organic,15,74
2022-07-15,Other,0,245
2022-07-16,Customer IO,0,1
2022-07-16,Direct Mail,0,5
2022-07-16,Google,1,2
2022-07-16,Meta,1,4
2022-07-16,Organic,10,50
2022-07-16,Other,0,255
2022-07-17,Customer IO,0,2
2022-07-17,Direct Mail,1,12
2022-07-17,Google,11,24
2022-07-17,Meta,1,5
2022-07-17,Organic,10,51
2022-07-17,Other,0,302
2022-07-18,Customer IO,2,6
2022-07-18,Direct Mail,1,9
2022-07-18,Google,9,15
2022-07-18,Influencer,1,2
2022-07-18,Meta,2,1
2022-07-18,Organic,16,81
2022-07-18,Other,0,276
2022-07-19,Customer IO,0,5
2022-07-19,Direct Mail,4,8
2022-07-19,Google,3,4
2022-07-19,Influencer,0,3
2022-07-19,Meta,5,15
2022-07-19,Organic,16,53
2022-07-19,Other,0,298
2022-07-20,Customer IO,0,10
2022-07-20,Direct Mail,1,6
2022-07-20,Google,9,16
2022-07-20,Meta,5,8
2022-07-20,Organic,10,54
2022-07-20,Other,1,296
2022-07-21,Customer IO,0,7
2022-07-21,Direct Mail,2,4
2022-07-21,Google,10,18
2022-07-21,Meta,3,13
2022-07-21,Organic,17,79
2022-07-21,Other,1,279
2022-07-22,Customer IO,0,2
2022-07-22,Direct Mail,2,16
2022-07-22,Google,6,9
2022-07-22,Meta,0,1
2022-07-22,Organic,10,49
2022-07-22,Other,1,264
2022-07-22,Pinterest,0,7
2022-07-23,Customer IO,0,3
2022-07-23,Direct Mail,2,3
2022-07-23,Google,9,23
2022-07-23,Meta,1,3
2022-07-23,Organic,6,40
2022-07-23,Other,0,285
2022-07-24,Airbnb,0,0
2022-07-24,Customer IO,0,5
2022-07-24,Direct Mail,2,9
2022-07-24,Google,13,19
2022-07-24,Meta,1,4
2022-07-24,Organic,8,46
2022-07-24,Other,0,322
2022-07-25,Customer IO,0,6
2022-07-25,Direct Mail,0,2
2022-07-25,Google,11,16
2022-07-25,Meta,3,8
2022-07-25,Organic,11,72
2022-07-25,Other,0,255
2022-07-26,Customer IO,0,3
2022-07-26,Google,15,25
2022-07-26,Meta,1,4
2022-07-26,Organic,18,69
2022-07-26,Other,0,321
2022-07-27,Criteo,0,2
2022-07-27,Customer IO,0,4
2022-07-27,Direct Mail,6,13
2022-07-27,Google,7,14
2022-07-27,Meta,6,12
2022-07-27,Organic,14,51
2022-07-27,Other,0,206
2022-07-28,Customer IO,0,4
2022-07-28,Direct Mail,1,6
2022-07-28,Google,10,19
2022-07-28,Meta,3,6
2022-07-28,Organic,16,65
2022-07-28,Other,0,243
2022-07-29,Criteo,0,1
2022-07-29,Customer IO,1,11
2022-07-29,Direct Mail,1,1
2022-07-29,Google,6,7
2022-07-29,Influencer,2,0
2022-07-29,Meta,1,4
2022-07-29,Organic,13,38
2022-07-29,Other,0,237
2022-07-30,Criteo,0,6
2022-07-30,Customer IO,0,13
2022-07-30,Direct Mail,2,7
2022-07-30,Google,5,10
2022-07-30,Influencer,0,3
2022-07-30,Meta,4,4
2022-07-30,Organic,16,77
2022-07-30,Other,1,299
2022-07-31,Customer IO,0,12
2022-07-31,Direct Mail,0,11
2022-07-31,Google,4,9
2022-07-31,Influencer,0,2
2022-07-31,Manual,0,1
2022-07-31,Organic,29,89
2022-07-31,Other,0,313
2022-08-01,Benefithub,0,1
2022-08-01,Customer IO,0,5
2022-08-01,Direct Mail,0,3
2022-08-01,Google,2,19
2022-08-01,Meta,2,3
2022-08-01,Organic,23,93
2022-08-01,Other,0,200
2022-08-02,Customer IO,1,2
2022-08-02,Direct Mail,1,8
2022-08-02,Google,4,8
2022-08-02,Meta,1,2
2022-08-02,Organic,25,78
2022-08-02,Other,0,238
2022-08-03,Customer IO,0,12
2022-08-03,Direct Mail,1,9
2022-08-03,Google,3,12
2022-08-03,Meta,0,1
2022-08-03,Organic,17,60
2022-08-03,Other,0,288
2022-08-04,Customer IO,0,9
2022-08-04,Direct Mail,1,5
2022-08-04,Google,3,8
2022-08-04,Meta,3,11
2022-08-04,Organic,18,56
2022-08-04,Other,1,259
2022-08-05,Customer IO,1,7
2022-08-05,Direct Mail,2,2
2022-08-05,Google,3,5
2022-08-05,Meta,1,2
2022-08-05,Organic,32,81
2022-08-05,Other,0,175
2022-08-06,Customer IO,1,9
2022-08-06,Direct Mail,1,6
2022-08-06,Google,2,1
2022-08-06,Meta,2,5
2022-08-06,Organic,22,64
2022-08-06,Other,0,286
2022-08-07,Customer IO,1,6
2022-08-07,Direct Mail,0,2
2022-08-07,Google,4,5
2022-08-07,Meta,2,10
2022-08-07,Organic,24,77
2022-08-07,Other,0,303
2022-08-08,Customer IO,0,2
2022-08-08,Direct Mail,0,5
2022-08-08,Google,5,11
2022-08-08,Meta,3,5
2022-08-08,Organic,21,51
2022-08-08,Other,0,277
2022-08-09,Customer IO,0,7
2022-08-09,Direct Mail,3,14
2022-08-09,Google,6,14
2022-08-09,Meta,2,7
2022-08-09,Organic,34,112
2022-08-09,Other,0,303
2022-08-10,Customer IO,0,6
2022-08-10,Direct Mail,1,9
2022-08-10,Google,9,17
2022-08-10,Meta,0,1
2022-08-10,Organic,28,57
2022-08-10,Other,0,253
2022-08-11,Customer IO,1,4
2022-08-11,Direct Mail,1,13
2022-08-11,Google,4,19
2022-08-11,Organic,31,87
2022-08-11,Other,0,188
2022-08-12,Customer IO,0,9
2022-08-12,Direct Mail,1,6
2022-08-12,Google,3,13
2022-08-12,Meta,0,2
2022-08-12,Organic,19,54
2022-08-12,Other,0,168
2022-08-13,Customer IO,0,3
2022-08-13,Direct Mail,1,3
2022-08-13,Google,6,12
2022-08-13,Meta,0,5
2022-08-13,Organic,21,74
2022-08-13,Other,0,258
2022-08-14,Customer IO,0,6
2022-08-14,Direct Mail,0,3
2022-08-14,Google,3,3
2022-08-14,Organic,31,82
2022-08-14,Other,0,233
2022-08-15,Criteo,0,2
2022-08-15,Customer IO,0,3
2022-08-15,Direct Mail,1,6
2022-08-15,Google,2,5
2022-08-15,Meta,1,3
2022-08-15,Organic,30,83
2022-08-15,Other,1,207
2022-08-16,Customer IO,0,2
2022-08-16,Direct Mail,2,7
2022-08-16,Google,4,9
2022-08-16,Organic,30,84
2022-08-16,Other,0,252
2022-08-17,Customer IO,0,28
2022-08-17,Direct Mail,2,3
2022-08-17,Google,3,5
2022-08-17,Influencer,1,1
2022-08-17,Meta,0,3
2022-08-17,Organic,31,103
2022-08-17,Other,0,183
2022-08-18,Airbnb,0,0
2022-08-18,Customer IO,1,9
2022-08-18,Direct Mail,1,20
2022-08-18,Google,7,12
2022-08-18,Influencer,0,3
2022-08-18,Meta,2,2
2022-08-18,Organic,38,168
2022-08-18,Other,0,323
2022-08-19,Customer IO,1,6
2022-08-19,Direct Mail,1,11
2022-08-19,Google,6,32
2022-08-19,Meta,3,8
2022-08-19,Organic,29,69
2022-08-19,Other,0,254
2022-08-20,Customer IO,1,7
2022-08-20,Direct Mail,2,11
2022-08-20,Google,6,11
2022-08-20,Meta,1,2
2022-08-20,Organic,25,90
2022-08-20,Other,1,248
2022-08-21,Customer IO,0,2
2022-08-21,Direct Mail,1,15
2022-08-21,Google,6,10
2022-08-21,Influencer,0,2
2022-08-21,Meta,2,2
2022-08-21,Organic,19,46
2022-08-21,Other,0,240
2022-08-22,Customer IO,2,3
2022-08-22,Direct Mail,2,8
2022-08-22,Google,3,15
2022-08-22,Meta,1,4
2022-08-22,Organic,30,106
2022-08-22,Other,0,268
2022-08-23,Customer IO,0,13
2022-08-23,Direct Mail,0,4
2022-08-23,Google,7,10
2022-08-23,Influencer,0,2
2022-08-23,Meta,1,1
2022-08-23,Organic,34,82
2022-08-23,Other,2,220
2022-08-24,Customer IO,1,10
2022-08-24,Direct Mail,1,18
2022-08-24,Google,2,7
2022-08-24,Meta,5,6
2022-08-24,Organic,47,102
2022-08-24,Other,0,268
2022-08-25,Customer IO,0,5
2022-08-25,Direct Mail,1,21
2022-08-25,Google,4,5
2022-08-25,Meta,1,2
2022-08-25,Organic,34,86
2022-08-25,Other,1,231
2022-08-26,Customer IO,1,12
2022-08-26,Direct Mail,0,2
2022-08-26,Google,10,13
2022-08-26,Meta,4,24
2022-08-26,Organic,25,82
2022-08-26,Other,1,209
2022-08-27,Customer IO,0,20
2022-08-27,Direct Mail,2,4
2022-08-27,Google,3,5
2022-08-27,Meta,4,7
2022-08-27,Organic,22,70
2022-08-27,Other,0,236
2022-08-28,Airbnb,0,0
2022-08-28,Customer IO,0,10
2022-08-28,Direct Mail,1,3
2022-08-28,Google,7,12
2022-08-28,Meta,1,1
2022-08-28,Organic,23,78
2022-08-28,Other,0,264
2022-08-29,Customer IO,0,11
2022-08-29,Direct Mail,2,3
2022-08-29,Google,11,24
2022-08-29,Meta,0,6
2022-08-29,Organic,29,88
2022-08-29,Other,0,220
2022-08-29,Pinterest,1,5
2022-08-30,Customer IO,0,13
2022-08-30,Direct Mail,4,11
2022-08-30,Google,2,2
2022-08-30,Influencer,0,1
2022-08-30,Meta,1,3
2022-08-30,Organic,39,140
2022-08-30,Other,0,310
2022-08-31,Customer IO,1,7
2022-08-31,Direct Mail,1,5
2022-08-31,Google,1,3
2022-08-31,Organic,33,83
2022-08-31,Other,1,289
2022-09-01,Airbnb,0,0
2022-09-01,Customer IO,0,2
2022-09-01,Direct Mail,0,6
2022-09-01,Google,3,5
2022-09-01,Meta,4,5
2022-09-01,Organic,34,80
2022-09-01,Other,0,185
2022-09-02,Customer IO,0,6
2022-09-02,Direct Mail,0,3
2022-09-02,Google,4,8
2022-09-02,Meta,0,10
2022-09-02,Organic,22,76
2022-09-02,Other,0,152
2022-09-03,Customer IO,0,4
2022-09-03,Direct Mail,1,3
2022-09-03,Google,1,4
2022-09-03,Organic,19,74
2022-09-03,Other,0,235
2022-09-04,Customer IO,0,15
2022-09-04,Direct Mail,2,5
2022-09-04,Google,3,11
2022-09-04,Organic,10,40
2022-09-04,Other,0,200
2022-09-05,Customer IO,0,4
2022-09-05,Direct Mail,0,12
2022-09-05,Google,1,8
2022-09-05,Influencer,0,4
2022-09-05,Organic,17,57
2022-09-05,Other,0,189
2022-09-06,Customer IO,0,8
2022-09-06,Direct Mail,1,2
2022-09-06,Google,2,4
2022-09-06,Organic,30,75
2022-09-06,Other,0,78
2022-09-07,Customer IO,0,6
2022-09-07,Direct Mail,1,6
2022-09-07,Google,3,11
2022-09-07,Organic,15,79
2022-09-07,Other,0,132
2022-09-08,Airbnb,0,0
2022-09-08,Customer IO,0,8
2022-09-08,Direct Mail,1,1
2022-09-08,Google,2,4
2022-09-08,Organic,17,72
2022-09-08,Other,0,71
2022-09-09,Customer IO,0,8
2022-09-09,Direct Mail,2,5
2022-09-09,Google,4,13
2022-09-09,Meta,0,1
2022-09-09,Organic,14,53
2022-09-09,Other,1,184
2022-09-10,Customer IO,1,25
2022-09-10,Direct Mail,3,19
2022-09-10,Google,5,11
2022-09-10,Manual,0,1
2022-09-10,Meta,0,16
2022-09-10,Organic,11,127
2022-09-10,Other,0,364
2022-09-11,Airbnb,0,0
2022-09-11,Customer IO,0,16
2022-09-11,Direct Mail,1,12
2022-09-11,Google,5,9
2022-09-11,Meta,0,7
2022-09-11,Organic,22,107
2022-09-11,Other,0,314
2022-09-12,Airbnb,0,0
2022-09-12,Booking,0,0
2022-09-12,Customer IO,1,7
2022-09-12,Direct Mail,0,18
2022-09-12,Google,3,15
2022-09-12,Meta,0,22
2022-09-12,Organic,26,109
2022-09-12,Other,1,241
2022-09-13,Airbnb,0,0
2022-09-13,Booking,0,0
2022-09-13,Customer IO,0,3
2022-09-13,Direct Mail,0,12
2022-09-13,Google,2,3
2022-09-13,Organic,21,68
2022-09-13,Other,0,152
2022-09-14,Customer IO,0,9
2022-09-14,Direct Mail,1,9
2022-09-14,Google,3,8
2022-09-14,Meta,0,3
2022-09-14,Organic,20,73
2022-09-14,Other,2,172
2022-09-15,Customer IO,0,3
2022-09-15,Direct Mail,2,4
2022-09-15,Google,1,3
2022-09-15,Meta,2,2
2022-09-15,Organic,15,36
2022-09-15,Other,0,197
2022-09-16,Airbnb,0,0
2022-09-16,Customer IO,0,20
2022-09-16,Direct Mail,1,8
2022-09-16,Google,3,4
2022-09-16,Influencer,0,3
2022-09-16,Meta,0,2
2022-09-16,Organic,12,49
2022-09-16,Other,0,221
2022-09-17,Customer IO,0,14
2022-09-17,Direct Mail,4,13
2022-09-17,Google,2,10
2022-09-17,Meta,0,2
2022-09-17,Organic,16,73
2022-09-17,Other,0,244
2022-09-18,Airbnb,0,0
2022-09-18,Customer IO,0,9
2022-09-18,Direct Mail,0,20
2022-09-18,Google,6,12
2022-09-18,Meta,0,3
2022-09-18,Organic,9,98
2022-09-18,Other,0,299
2022-09-19,Customer IO,0,6
2022-09-19,Direct Mail,0,6
2022-09-19,Google,1,6
2022-09-19,Influencer,0,1
2022-09-19,Meta,2,4
2022-09-19,Organic,19,84
2022-09-19,Other,0,191
2022-09-20,Customer IO,0,10
2022-09-20,Direct Mail,0,9
2022-09-20,Google,4,17
2022-09-20,Meta,1,5
2022-09-20,Organic,18,57
2022-09-20,Other,0,260
2022-09-21,Airbnb,0,0
2022-09-21,Customer IO,0,5
2022-09-21,Direct Mail,3,10
2022-09-21,Google,1,1
2022-09-21,Meta,1,7
2022-09-21,Organic,28,69
2022-09-21,Other,0,253
2022-09-22,Airbnb,0,0
2022-09-22,Customer IO,0,9
2022-09-22,Direct Mail,0,5
2022-09-22,Google,2,3
2022-09-22,Meta,0,5
2022-09-22,Organic,10,52
2022-09-22,Other,0,223
2022-09-23,Customer IO,0,4
2022-09-23,Direct Mail,1,11
2022-09-23,Google,4,7
2022-09-23,Meta,2,8
2022-09-23,Organic,9,34
2022-09-23,Other,0,94
2022-09-24,Customer IO,0,2
2022-09-24,Direct Mail,4,11
2022-09-24,Google,3,5
2022-09-24,Meta,0,1
2022-09-24,Organic,15,53
2022-09-24,Other,0,117
2022-09-25,Airbnb,0,0
2022-09-25,Customer IO,0,3
2022-09-25,Direct Mail,3,7
2022-09-25,Google,5,4
2022-09-25,Meta,0,1
2022-09-25,Organic,13,71
2022-09-25,Other,1,234
2022-09-26,Airbnb,0,0
2022-09-26,Customer IO,0,14
2022-09-26,Direct Mail,3,11
2022-09-26,Google,3,3
2022-09-26,Meta,1,5
2022-09-26,Organic,15,30
2022-09-26,Other,1,227
2022-09-27,Airbnb,0,0
2022-09-27,Customer IO,0,10
2022-09-27,Direct Mail,2,11
2022-09-27,Google,6,9
2022-09-27,Meta,2,6
2022-09-27,Organic,22,51
2022-09-27,Other,0,194
2022-09-28,Customer IO,0,2
2022-09-28,Direct Mail,0,2
2022-09-28,Google,5,7
2022-09-28,Meta,0,4
2022-09-28,Organic,13,39
2022-09-28,Other,0,171
2022-09-29,Airbnb,0,0
2022-09-29,Customer IO,0,1
2022-09-29,Direct Mail,3,23
2022-09-29,Google,14,26
2022-09-29,Iterable,7,9
2022-09-29,Meta,1,5
2022-09-29,Organic,20,87
2022-09-29,Other,2,197
2022-09-29,Pinterest,0,4
2022-09-30,Customer IO,0,5
2022-09-30,Direct Mail,0,5
2022-09-30,Google,5,10
2022-09-30,Meta,0,5
2022-09-30,Organic,13,58
2022-09-30,Other,0,187
2022-10-01,Airbnb,0,0
2022-10-01,Customer IO,0,3
2022-10-01,Direct Mail,1,7
2022-10-01,Google,11,21
2022-10-01,Iterable,1,1
2022-10-01,Meta,1,1
2022-10-01,Organic,10,61
2022-10-01,Other,0,208
2022-10-02,Customer IO,0,5
2022-10-02,Direct Mail,2,9
2022-10-02,Google,4,12
2022-10-02,Meta,2,5
2022-10-02,Organic,16,61
2022-10-02,Other,0,242
2022-10-03,Customer IO,0,3
2022-10-03,Direct Mail,0,8
2022-10-03,Google,2,1
2022-10-03,Iterable,1,1
2022-10-03,Meta,1,1
2022-10-03,Organic,15,63
2022-10-03,Other,0,173
2022-10-04,Airbnb,0,0
2022-10-04,Booking,0,0
2022-10-04,Customer IO,0,3
2022-10-04,Direct Mail,2,7
2022-10-04,Google,7,11
2022-10-04,Meta,0,1
2022-10-04,Organic,13,79
2022-10-04,Other,0,209
2022-10-05,Airbnb,0,0
2022-10-05,Criteo,0,1
2022-10-05,Customer IO,0,18
2022-10-05,Direct Mail,0,2
2022-10-05,Google,13,24
2022-10-05,Organic,17,90
2022-10-05,Other,0,197
2022-10-06,Criteo,0,1
2022-10-06,Customer IO,1,19
2022-10-06,Direct Mail,4,22
2022-10-06,Google,6,12
2022-10-06,Meta,1,2
2022-10-06,Organic,57,147
2022-10-06,Other,1,256
2022-10-07,Customer IO,0,3
2022-10-07,Direct Mail,3,14
2022-10-07,Google,3,10
2022-10-07,Meta,1,3
2022-10-07,Organic,20,66
2022-10-07,Other,2,248
2022-10-08,Criteo,0,1
2022-10-08,Customer IO,0,9
2022-10-08,Direct Mail,2,20
2022-10-08,Google,5,15
2022-10-08,Influencer,0,1
2022-10-08,Meta,0,25
2022-10-08,Organic,10,146
2022-10-08,Other,0,301
2022-10-09,Airbnb,0,0
2022-10-09,Customer IO,0,6
2022-10-09,Direct Mail,0,7
2022-10-09,Google,1,3
2022-10-09,Influencer,0,1
2022-10-09,Meta,0,2
2022-10-09,Organic,8,74
2022-10-09,Other,0,326
2022-10-10,Airbnb,0,0
2022-10-10,Customer IO,0,7
2022-10-10,Direct Mail,2,15
2022-10-10,Google,4,19
2022-10-10,Organic,11,63
2022-10-10,Other,0,212
2022-10-11,Customer IO,0,5
2022-10-11,Direct Mail,0,11
2022-10-11,Google,5,11
2022-10-11,Meta,0,6
2022-10-11,Organic,16,64
2022-10-11,Other,0,213
2022-10-12,Airbnb,0,0
2022-10-12,Customer IO,0,1
2022-10-12,Direct Mail,2,6
2022-10-12,Google,4,21
2022-10-12,Organic,16,66
2022-10-12,Other,0,155
2022-10-13,Customer IO,1,5
2022-10-13,Direct Mail,3,6
2022-10-13,Google,8,7
2022-10-13,Meta,0,2
2022-10-13,Organic,12,83
2022-10-13,Other,0,210
2022-10-14,Customer IO,0,1
2022-10-14,Direct Mail,2,8
2022-10-14,Google,4,10
2022-10-14,Meta,0,2
2022-10-14,Organic,11,55
2022-10-14,Other,0,200
2022-10-15,Airbnb,0,0
2022-10-15,Customer IO,0,21
2022-10-15,Direct Mail,1,12
2022-10-15,Google,0,6
2022-10-15,Meta,1,5
2022-10-15,Organic,9,69
2022-10-15,Other,0,167
2022-10-16,Airbnb,0,0
2022-10-16,Customer IO,0,10
2022-10-16,Direct Mail,1,20
2022-10-16,Google,6,12
2022-10-16,Influencer,0,1
2022-10-16,Organic,4,45
2022-10-16,Other,0,104
2022-10-17,Customer IO,0,27
2022-10-17,Direct Mail,1,9
2022-10-17,Google,5,9
2022-10-17,Meta,1,2
2022-10-17,Organic,12,54
2022-10-17,Other,0,64
2022-10-18,Airbnb,0,0
2022-10-18,Customer IO,2,2
2022-10-18,Direct Mail,2,4
2022-10-18,Google,12,14
2022-10-18,Organic,13,40
2022-10-18,Other,0,55
2022-10-19,Customer IO,0,9
2022-10-19,Direct Mail,1,6
2022-10-19,Google,4,11
2022-10-19,Meta,0,1
2022-10-19,Organic,14,65
2022-10-19,Other,0,85
2022-10-20,Customer IO,0,5
2022-10-20,Direct Mail,19,15
2022-10-20,Google,8,25
2022-10-20,Meta,1,2
2022-10-20,Organic,74,69
2022-10-20,Other,0,200
2022-10-21,Criteo,0,3
2022-10-21,Customer IO,3,6
2022-10-21,Direct Mail,6,14
2022-10-21,Google,7,13
2022-10-21,Organic,45,63
2022-10-21,Other,0,224
2022-10-22,Customer IO,0,3
2022-10-22,Direct Mail,3,12
2022-10-22,Google,6,17
2022-10-22,Meta,2,4
2022-10-22,Organic,13,41
2022-10-22,Other,0,245
2022-10-23,Airbnb,0,0
2022-10-23,Customer IO,0,4
2022-10-23,Direct Mail,2,13
2022-10-23,Google,0,13
2022-10-23,Meta,1,2
2022-10-23,Organic,14,39
2022-10-23,Other,0,245
2022-10-24,Customer IO,0,7
2022-10-24,Direct Mail,2,3
2022-10-24,Google,0,1
2022-10-24,Meta,0,2
2022-10-24,Organic,11,47
2022-10-24,Other,0,183
2022-10-25,Customer IO,0,12
2022-10-25,Direct Mail,1,9
2022-10-25,Google,0,3
2022-10-25,Meta,0,1
2022-10-25,Organic,10,55
2022-10-25,Other,0,219
2022-10-26,Customer IO,0,4
2022-10-26,Direct Mail,1,4
2022-10-26,Google,2,2
2022-10-26,Meta,0,2
2022-10-26,Organic,17,54
2022-10-26,Other,0,254
2022-10-27,Customer IO,0,10
2022-10-27,Direct Mail,2,10
2022-10-27,Google,7,14
2022-10-27,Influencer,0,2
2022-10-27,Meta,5,8
2022-10-27,Organic,19,69
2022-10-27,Other,0,199
2022-10-28,Customer IO,2,10
2022-10-28,Direct Mail,8,13
2022-10-28,Google,6,10
2022-10-28,Meta,2,4
2022-10-28,Organic,24,54
2022-10-28,Other,0,216
2022-10-29,Customer IO,0,8
2022-10-29,Direct Mail,2,8
2022-10-29,Google,5,9
2022-10-29,Meta,8,11
2022-10-29,Organic,30,91
2022-10-29,Other,0,225
2022-10-30,Airbnb,0,0
2022-10-30,Customer IO,0,6
2022-10-30,Direct Mail,4,10
2022-10-30,Google,6,13
2022-10-30,Meta,9,22
2022-10-30,Organic,26,79
2022-10-30,Other,1,240
2022-10-31,Customer IO,1,1
2022-10-31,Direct Mail,2,5
2022-10-31,Google,7,13
2022-10-31,Influencer,1,0
2022-10-31,Meta,6,9
2022-10-31,Organic,39,87
2022-10-31,Other,1,180
2022-11-01,Airbnb,0,0
2022-11-01,Customer IO,0,6
2022-11-01,Direct Mail,4,12
2022-11-01,Google,4,12
2022-11-01,Influencer,0,1
2022-11-01,Meta,6,17
2022-11-01,Organic,30,108
2022-11-01,Other,0,201
2022-11-02,Criteo,0,2
2022-11-02,Customer IO,0,4
2022-11-02,Direct Mail,1,7
2022-11-02,Google,10,26
2022-11-02,Meta,17,17
2022-11-02,Organic,26,83
2022-11-02,Other,0,165
2022-11-03,Airbnb,0,0
2022-11-03,Customer IO,1,10
2022-11-03,Direct Mail,1,17
2022-11-03,Google,7,12
2022-11-03,Meta,16,17
2022-11-03,Organic,26,160
2022-11-03,Other,0,242
2022-11-04,Airbnb,0,0
2022-11-04,Customer IO,0,2
2022-11-04,Direct Mail,5,41
2022-11-04,Google,8,14
2022-11-04,Meta,27,47
2022-11-04,Organic,35,139
2022-11-04,Other,0,343
2022-11-05,Airbnb,0,0
2022-11-05,Customer IO,0,22
2022-11-05,Direct Mail,3,70
2022-11-05,Google,6,11
2022-11-05,Meta,19,27
2022-11-05,Organic,28,249
2022-11-05,Other,0,434
2022-11-06,Airbnb,0,0
2022-11-06,Customer IO,1,16
2022-11-06,Direct Mail,3,43
2022-11-06,Google,15,25
2022-11-06,Meta,25,47
2022-11-06,Organic,48,156
2022-11-06,Other,0,346
2022-11-07,Customer IO,1,10
2022-11-07,Direct Mail,3,18
2022-11-07,Google,7,38
2022-11-07,Meta,21,42
2022-11-07,Organic,37,138
2022-11-07,Other,0,261
2022-11-08,Customer IO,0,17
2022-11-08,Direct Mail,0,13
2022-11-08,Google,5,71
2022-11-08,Meta,9,17
2022-11-08,Organic,23,90
2022-11-08,Other,0,191
2022-11-09,Customer IO,0,9
2022-11-09,Direct Mail,2,33
2022-11-09,Google,7,24
2022-11-09,Meta,7,12
2022-11-09,Organic,25,87
2022-11-09,Other,1,199
2022-11-10,Airbnb,0,0
2022-11-10,Customer IO,0,13
2022-11-10,Direct Mail,1,21
2022-11-10,Google,7,12
2022-11-10,Influencer,0,7
2022-11-10,Meta,2,13
2022-11-10,Organic,34,115
2022-11-10,Other,1,597
2022-11-11,Customer IO,0,9
2022-11-11,Direct Mail,2,13
2022-11-11,Google,7,20
2022-11-11,Influencer,0,2
2022-11-11,Meta,4,40
2022-11-11,Organic,32,93
2022-11-11,Other,0,538
2022-11-12,Airbnb,0,0
2022-11-12,Customer IO,0,8
2022-11-12,Direct Mail,4,22
2022-11-12,Google,6,14
2022-11-12,Meta,3,15
2022-11-12,Organic,11,82
2022-11-12,Other,0,283
2022-11-13,Customer IO,2,13
2022-11-13,Direct Mail,1,20
2022-11-13,Google,6,7
2022-11-13,Meta,6,11
2022-11-13,Organic,12,56
2022-11-13,Other,0,264
2022-11-14,Customer IO,1,25
2022-11-14,Direct Mail,40,23
2022-11-14,Google,7,14
2022-11-14,Meta,8,9
2022-11-14,Organic,30,69
2022-11-14,Other,1,255
2022-11-15,Customer IO,0,8
2022-11-15,Direct Mail,15,25
2022-11-15,Google,6,16
2022-11-15,Meta,7,14
2022-11-15,Organic,21,64
2022-11-15,Other,0,194
2022-11-16,Airbnb,0,0
2022-11-16,Customer IO,0,20
2022-11-16,Direct Mail,6,8
2022-11-16,Google,6,18
2022-11-16,Meta,6,9
2022-11-16,Organic,11,68
2022-11-16,Other,0,168
2022-11-17,Customer IO,0,7
2022-11-17,Direct Mail,3,6
2022-11-17,Google,4,17
2022-11-17,Meta,8,17
2022-11-17,Organic,15,75
2022-11-17,Other,0,154
2022-11-18,Airbnb,0,0
2022-11-18,Customer IO,0,11
2022-11-18,Direct Mail,4,8
2022-11-18,Google,12,17
2022-11-18,Meta,7,12
2022-11-18,Organic,12,57
2022-11-18,Other,0,209
2022-11-19,Airbnb,0,0
2022-11-19,Customer IO,0,25
2022-11-19,Direct Mail,2,28
2022-11-19,Google,2,4
2022-11-19,Influencer,0,2
2022-11-19,Meta,4,8
2022-11-19,Organic,11,116
2022-11-19,Other,0,232
2022-11-20,Customer IO,1,12
2022-11-20,Direct Mail,2,15
2022-11-20,Google,5,19
2022-11-20,Influencer,0,2
2022-11-20,Meta,9,15
2022-11-20,Organic,12,64
2022-11-20,Other,0,198
2022-11-21,Airbnb,0,0
2022-11-21,Customer IO,0,5
2022-11-21,Direct Mail,4,10
2022-11-21,Google,8,10
2022-11-21,Meta,5,4
2022-11-21,Organic,22,118
2022-11-21,Other,0,152
2022-11-22,Airbnb,0,0
2022-11-22,Direct Mail,2,8
2022-11-22,Google,4,7
2022-11-22,Meta,6,13
2022-11-22,Organic,21,93
2022-11-22,Other,0,157
2022-11-23,Customer IO,0,5
2022-11-23,Direct Mail,1,3
2022-11-23,Google,8,14
2022-11-23,Meta,11,5
2022-11-23,Organic,9,36
2022-11-23,Other,0,85
2022-11-24,Airbnb,0,0
2022-11-24,Customer IO,0,8
2022-11-24,Direct Mail,1,7
2022-11-24,Google,5,8
2022-11-24,Meta,3,3
2022-11-24,Organic,7,47
2022-11-24,Other,0,70
2022-11-25,Customer IO,0,4
2022-11-25,Direct Mail,1,12
2022-11-25,Google,1,10
2022-11-25,Meta,3,8
2022-11-25,Organic,8,47
2022-11-25,Other,0,120
2022-11-26,Customer IO,0,29
2022-11-26,Direct Mail,2,32
2022-11-26,Google,9,18
2022-11-26,Influencer,0,1
2022-11-26,Meta,6,9
2022-11-26,Organic,10,147
2022-11-26,Other,1,286
2022-11-27,Airbnb,0,0
2022-11-27,Customer IO,2,27
2022-11-27,Direct Mail,33,26
2022-11-27,Google,16,42
2022-11-27,Influencer,0,5
2022-11-27,Meta,3,9
2022-11-27,Organic,67,208
2022-11-27,Other,0,531
2022-11-28,Airbnb,0,0
2022-11-28,Customer IO,0,27
2022-11-28,Direct Mail,17,51
2022-11-28,Google,7,25
2022-11-28,Influencer,0,7
2022-11-28,Meta,8,22
2022-11-28,Organic,34,144
2022-11-28,Other,0,315
2022-11-29,Criteo,0,1
2022-11-29,Customer IO,1,23
2022-11-29,Direct Mail,2,21
2022-11-29,Google,12,28
2022-11-29,Meta,0,6
2022-11-29,Organic,20,132
2022-11-29,Other,0,245
2022-11-30,Customer IO,0,11
2022-11-30,Direct Mail,2,5
2022-11-30,Google,5,26
2022-11-30,Meta,0,1
2022-11-30,Organic,34,164
2022-11-30,Other,0,228
2022-12-01,Airbnb,0,0
2022-12-01,Customer IO,0,1
2022-12-01,Direct Mail,4,17
2022-12-01,Google,6,12
2022-12-01,Meta,1,8
2022-12-01,Organic,17,86
2022-12-01,Other,0,160
2022-12-02,Airbnb,0,0
2022-12-02,Customer IO,0,3
2022-12-02,Direct Mail,1,5
2022-12-02,Google,5,15
2022-12-02,Influencer,0,1
2022-12-02,Meta,0,6
2022-12-02,Organic,17,87
2022-12-02,Other,0,123
2022-12-03,Customer IO,1,21
2022-12-03,Direct Mail,1,12
2022-12-03,Google,2,14
2022-12-03,Meta,5,13
2022-12-03,Organic,13,67
2022-12-03,Other,0,150
2022-12-04,Airbnb,0,0
2022-12-04,Customer IO,1,32
2022-12-04,Direct Mail,1,15
2022-12-04,Google,10,12
2022-12-04,Influencer,0,1
2022-12-04,Meta,1,1
2022-12-04,Organic,21,77
2022-12-04,Other,1,162
2022-12-05,Customer IO,0,4
2022-12-05,Direct Mail,0,17
2022-12-05,Google,6,12
2022-12-05,Organic,31,74
2022-12-05,Other,0,146
2022-12-06,Customer IO,1,9
2022-12-06,Direct Mail,2,8
2022-12-06,Google,7,22
2022-12-06,Meta,1,1
2022-12-06,Organic,31,88
2022-12-06,Other,0,137
2022-12-07,Airbnb,0,0
2022-12-07,Customer IO,0,3
2022-12-07,Direct Mail,1,7
2022-12-07,Google,4,11
2022-12-07,Influencer,1,2
2022-12-07,Meta,1,2
2022-12-07,Organic,21,61
2022-12-07,Other,0,130
2022-12-08,Customer IO,0,6
2022-12-08,Direct Mail,3,7
2022-12-08,Google,6,9
2022-12-08,Influencer,0,4
2022-12-08,Meta,3,4
2022-12-08,Organic,19,80
2022-12-08,Other,0,105
2022-12-09,Customer IO,0,4
2022-12-09,Direct Mail,1,3
2022-12-09,Google,2,2
2022-12-09,Meta,2,2
2022-12-09,Organic,9,62
2022-12-09,Other,0,105
2022-12-10,Airbnb,0,0
2022-12-10,Customer IO,0,19
2022-12-10,Direct Mail,4,6
2022-12-10,Google,17,25
2022-12-10,Influencer,0,10
2022-12-10,Meta,2,7
2022-12-10,Organic,46,137
2022-12-10,Other,0,361
2022-12-11,Benefithub,0,1
2022-12-11,Booking,0,0
2022-12-11,Customer IO,1,10
2022-12-11,Direct Mail,4,18
2022-12-11,Google,16,33
2022-12-11,Influencer,0,2
2022-12-11,Meta,2,12
2022-12-11,Organic,57,180
2022-12-11,Other,0,518
2022-12-12,Customer IO,0,6
2022-12-12,Direct Mail,1,10
2022-12-12,Google,12,14
2022-12-12,Influencer,1,2
2022-12-12,Meta,1,1
2022-12-12,Organic,35,106
2022-12-12,Other,1,231
2022-12-13,Airbnb,0,0
2022-12-13,Customer IO,1,3
2022-12-13,Direct Mail,3,6
2022-12-13,Google,2,14
2022-12-13,Influencer,0,3
2022-12-13,Organic,37,94
2022-12-13,Other,1,185
2022-12-14,Airbnb,0,0
2022-12-14,Customer IO,0,4
2022-12-14,Direct Mail,4,45
2022-12-14,Google,2,27
2022-12-14,Meta,2,4
2022-12-14,Organic,33,118
2022-12-14,Other,1,171
2022-12-15,Booking,0,0
2022-12-15,Customer IO,0,13
2022-12-15,Direct Mail,1,10
2022-12-15,Google,3,14
2022-12-15,Meta,1,4
2022-12-15,Organic,26,84
2022-12-15,Other,1,163
2022-12-16,Customer IO,0,3
2022-12-16,Direct Mail,0,18
2022-12-16,Google,3,9
2022-12-16,Meta,3,3
2022-12-16,Organic,9,64
2022-12-16,Other,1,131
2022-12-17,Customer IO,0,4
2022-12-17,Direct Mail,1,9
2022-12-17,Google,1,18
2022-12-17,Meta,1,8
2022-12-17,Organic,11,69
2022-12-17,Other,0,174
2022-12-18,Customer IO,0,3
2022-12-18,Direct Mail,1,4
2022-12-18,Google,2,7
2022-12-18,Meta,1,4
2022-12-18,Organic,4,39
2022-12-18,Other,0,132
2022-12-19,Customer IO,0,2
2022-12-19,Direct Mail,2,6
2022-12-19,Google,3,20
2022-12-19,Influencer,0,1
2022-12-19,Meta,3,4
2022-12-19,Organic,13,52
2022-12-19,Other,0,106
2022-12-20,Criteo,0,1
2022-12-20,Customer IO,0,1
2022-12-20,Direct Mail,2,23
2022-12-20,Google,0,11
2022-12-20,Meta,2,3
2022-12-20,Organic,9,53
2022-12-20,Other,0,96
2022-12-21,Customer IO,0,12
2022-12-21,Direct Mail,0,2
2022-12-21,Google,1,4
2022-12-21,Meta,2,6
2022-12-21,Organic,6,45
2022-12-21,Other,0,115
2022-12-22,Customer IO,0,3
2022-12-22,Direct Mail,0,6
2022-12-22,Google,5,10
2022-12-22,Meta,1,2
2022-12-22,Organic,12,61
2022-12-22,Other,0,160
2022-12-23,Customer IO,1,11
2022-12-23,Direct Mail,0,2
2022-12-23,Google,1,4
2022-12-23,Influencer,1,1
2022-12-23,Meta,0,7
2022-12-23,Organic,8,69
2022-12-23,Other,0,127
2022-12-24,Criteo,0,2
2022-12-24,Direct Mail,1,15
2022-12-24,Google,1,9
2022-12-24,Influencer,0,2
2022-12-24,Meta,1,5
2022-12-24,Organic,4,37
2022-12-24,Other,0,155
2022-12-25,Customer IO,0,10
2022-12-25,Direct Mail,1,7
2022-12-25,Google,2,7
2022-12-25,Meta,2,3
2022-12-25,Organic,5,30
2022-12-25,Other,0,150
2022-12-26,Airbnb,0,0
2022-12-26,Customer IO,0,18
2022-12-26,Direct Mail,3,16
2022-12-26,Google,2,13
2022-12-26,Influencer,0,3
2022-12-26,Meta,1,3
2022-12-26,Organic,25,75
2022-12-26,Other,0,288
2022-12-27,Customer IO,0,5
2022-12-27,Direct Mail,1,5
2022-12-27,Google,5,9
2022-12-27,Influencer,0,3
2022-12-27,Meta,1,2
2022-12-27,Organic,22,108
2022-12-27,Other,0,311
2022-12-28,Airbnb,0,0
2022-12-28,Customer IO,0,4
2022-12-28,Direct Mail,1,3
2022-12-28,Google,4,22
2022-12-28,Meta,0,6
2022-12-28,Organic,12,90
2022-12-28,Other,1,190
2022-12-29,Airbnb,0,0
2022-12-29,Customer IO,0,5
2022-12-29,Direct Mail,3,21
2022-12-29,Google,3,9
2022-12-29,Meta,0,5
2022-12-29,Organic,20,67
2022-12-29,Other,0,230
2022-12-30,Customer IO,0,7
2022-12-30,Direct Mail,2,5
2022-12-30,Google,2,9
2022-12-30,Meta,0,3
2022-12-30,Organic,7,67
2022-12-30,Other,0,221
2022-12-31,Customer IO,0,12
2022-12-31,Direct Mail,0,5
2022-12-31,Google,2,9
2022-12-31,Meta,1,6
2022-12-31,Organic,9,42
2022-12-31,Other,0,194
2023-01-01,Customer IO,0,3
2023-01-01,Direct Mail,3,14
2023-01-01,Google,2,8
2023-01-01,Meta,1,15
2023-01-01,Organic,10,65
2023-01-01,Other,0,251
2023-01-02,Criteo,0,1
2023-01-02,Customer IO,0,60
2023-01-02,Direct Mail,2,17
2023-01-02,Google,3,26
2023-01-02,Meta,3,3
2023-01-02,Organic,9,78
2023-01-02,Other,0,292
2023-01-03,Airbnb,0,0
2023-01-03,Customer IO,0,19
2023-01-03,Direct Mail,3,24
2023-01-03,Google,1,5
2023-01-03,Meta,2,6
2023-01-03,Organic,20,72
2023-01-03,Other,0,231
2023-01-04,Customer IO,0,15
2023-01-04,Direct Mail,3,9
2023-01-04,Google,1,26
2023-01-04,Meta,3,7
2023-01-04,Organic,26,53
2023-01-04,Other,0,208
2023-01-05,Airbnb,0,0
2023-01-05,Customer IO,0,23
2023-01-05,Direct Mail,3,13
2023-01-05,Google,1,11
2023-01-05,Meta,2,4
2023-01-05,Organic,39,92
2023-01-05,Other,0,169
2023-01-06,Customer IO,1,12
2023-01-06,Direct Mail,1,6
2023-01-06,Google,4,10
2023-01-06,Influencer,0,1
2023-01-06,Organic,15,64
2023-01-06,Other,0,175
2023-01-07,Airbnb,0,0
2023-01-07,Customer IO,0,22
2023-01-07,Direct Mail,0,40
2023-01-07,Google,3,13
2023-01-07,Influencer,0,3
2023-01-07,Meta,0,4
2023-01-07,Organic,15,89
2023-01-07,Other,0,226
2023-01-08,Criteo,0,2
2023-01-08,Customer IO,0,22
2023-01-08,Direct Mail,1,12
2023-01-08,Google,0,14
2023-01-08,Meta,1,6
2023-01-08,Organic,14,80
2023-01-08,Other,1,180
2023-01-09,Airbnb,0,0
2023-01-09,Customer IO,0,21
2023-01-09,Direct Mail,3,13
2023-01-09,Google,5,14
2023-01-09,Meta,3,9
2023-01-09,Organic,16,46
2023-01-09,Other,0,117
2023-01-10,Customer IO,0,16
2023-01-10,Direct Mail,4,56
2023-01-10,Google,0,2
2023-01-10,Meta,2,10
2023-01-10,Organic,19,70
2023-01-10,Other,0,128
2023-01-11,Airbnb,0,0
2023-01-11,Customer IO,2,11
2023-01-11,Direct Mail,2,9
2023-01-11,Google,4,24
2023-01-11,Influencer,0,1
2023-01-11,Meta,5,16
2023-01-11,Organic,20,68
2023-01-11,Other,0,125
2023-01-12,Airbnb,0,0
2023-01-12,Customer IO,2,14
2023-01-12,Direct Mail,3,16
2023-01-12,Google,4,26
2023-01-12,Influencer,0,1
2023-01-12,Meta,2,4
2023-01-12,Organic,29,107
2023-01-12,Other,0,153
2023-01-13,Criteo,0,2
2023-01-13,Customer IO,0,29
2023-01-13,Direct Mail,1,29
2023-01-13,Google,8,21
2023-01-13,Influencer,0,1
2023-01-13,Meta,7,25
2023-01-13,Organic,29,98
2023-01-13,Other,0,150
2023-01-14,Customer IO,0,23
2023-01-14,Direct Mail,4,46
2023-01-14,Google,1,11
2023-01-14,Influencer,0,1
2023-01-14,Meta,7,21
2023-01-14,Organic,10,91
2023-01-14,Other,1,192
2023-01-15,Customer IO,1,12
2023-01-15,Direct Mail,6,37
2023-01-15,Google,35,17
2023-01-15,Meta,5,14
2023-01-15,Organic,26,109
2023-01-15,Other,1,224
2023-01-16,Airbnb,0,0
2023-01-16,Criteo,0,3
2023-01-16,Customer IO,0,17
2023-01-16,Direct Mail,3,5
2023-01-16,Google,43,27
2023-01-16,Influencer,2,10
2023-01-16,Meta,6,8
2023-01-16,Organic,33,126
2023-01-16,Other,2,258
2023-01-17,Customer IO,2,9
2023-01-17,Direct Mail,4,28
2023-01-17,Google,18,29
2023-01-17,Influencer,0,1
2023-01-17,Meta,8,25
2023-01-17,Organic,26,105
2023-01-17,Other,2,194
2023-01-18,Airbnb,0,0
2023-01-18,Customer IO,1,6
2023-01-18,Direct Mail,2,9
2023-01-18,Google,18,57
2023-01-18,Influencer,1,0
2023-01-18,Meta,4,19
2023-01-18,Organic,28,112
2023-01-18,Other,0,138
2023-01-19,Customer IO,0,5
2023-01-19,Direct Mail,1,20
2023-01-19,Google,8,14
2023-01-19,Meta,1,6
2023-01-19,Organic,7,90
2023-01-19,Other,0,110
2023-01-20,Airbnb,0,0
2023-01-20,Customer IO,0,5
2023-01-20,Direct Mail,1,5
2023-01-20,Google,4,17
2023-01-20,Meta,2,12
2023-01-20,Organic,21,79
2023-01-20,Other,0,117
2023-01-21,Airbnb,0,0
2023-01-21,Customer IO,0,12
2023-01-21,Direct Mail,1,7
2023-01-21,Google,5,8
2023-01-21,Meta,1,4
2023-01-21,Organic,20,75
2023-01-21,Other,0,123
2023-01-22,Airbnb,0,0
2023-01-22,Customer IO,0,3
2023-01-22,Direct Mail,2,4
2023-01-22,Google,4,17
2023-01-22,Meta,0,6
2023-01-22,Organic,24,67
2023-01-22,Other,0,122
2023-01-23,Customer IO,0,8
2023-01-23,Direct Mail,1,11
2023-01-23,Google,2,4
2023-01-23,Influencer,0,1
2023-01-23,Meta,5,7
2023-01-23,Organic,16,72
2023-01-23,Other,0,76
2023-01-24,Customer IO,0,12
2023-01-24,Direct Mail,4,24
2023-01-24,Google,3,20
2023-01-24,Influencer,1,3
2023-01-24,Meta,0,2
2023-01-24,Organic,33,70
2023-01-24,Other,0,90
2023-01-25,Customer IO,0,2
2023-01-25,Direct Mail,3,22
2023-01-25,Google,5,2
2023-01-25,Meta,2,7
2023-01-25,Organic,21,82
2023-01-25,Other,0,78
2023-01-26,Customer IO,0,6
2023-01-26,Direct Mail,2,14
2023-01-26,Google,7,10
2023-01-26,Meta,1,7
2023-01-26,Organic,23,99
2023-01-26,Other,1,81
2023-01-27,Customer IO,0,13
2023-01-27,Direct Mail,2,15
2023-01-27,Google,2,5
2023-01-27,Meta,2,4
2023-01-27,Organic,17,65
2023-01-27,Other,0,89
2023-01-27,Vrbo,0,0
2023-01-28,Airbnb,0,0
2023-01-28,Criteo,0,2
2023-01-28,Customer IO,0,7
2023-01-28,Direct Mail,6,22
2023-01-28,Google,2,7
2023-01-28,Meta,1,7
2023-01-28,Organic,7,93
2023-01-28,Other,2,136
2023-01-29,Customer IO,0,18
2023-01-29,Direct Mail,6,17
2023-01-29,Google,6,23
2023-01-29,Influencer,1,3
2023-01-29,Meta,2,6
2023-01-29,Organic,32,127
2023-01-29,Other,0,136
2023-01-29,Vrbo,0,0
2023-01-30,Airbnb,0,0
2023-01-30,Customer IO,1,11
2023-01-30,Direct Mail,3,20
2023-01-30,Google,4,15
2023-01-30,Influencer,0,2
2023-01-30,Meta,3,9
2023-01-30,Organic,25,109
2023-01-30,Other,0,150
2023-01-31,Airbnb,0,0
2023-01-31,Customer IO,3,15
2023-01-31,Direct Mail,85,120
2023-01-31,Google,17,30
2023-01-31,Meta,2,8
2023-01-31,Organic,190,254
2023-01-31,Other,1,240
2023-02-01,Customer IO,5,18
2023-02-01,Direct Mail,21,41
2023-02-01,Google,8,16
2023-02-01,Meta,1,8
2023-02-01,Organic,156,247
2023-02-01,Other,1,272
2023-02-02,Customer IO,2,17
2023-02-02,Direct Mail,10,17
2023-02-02,Google,8,9
2023-02-02,Meta,1,5
2023-02-02,Organic,48,124
2023-02-02,Other,0,105
2023-02-03,Airbnb,0,0
2023-02-03,Customer IO,1,6
2023-02-03,Direct Mail,5,21
2023-02-03,Google,3,4
2023-02-03,Meta,1,11
2023-02-03,Organic,51,120
2023-02-03,Other,20,103
2023-02-04,Airbnb,0,0
2023-02-04,Customer IO,0,21
2023-02-04,Direct Mail,4,37
2023-02-04,Google,4,17
2023-02-04,Influencer,0,1
2023-02-04,Organic,46,142
2023-02-04,Other,5,128
2023-02-05,Airbnb,0,0
2023-02-05,Customer IO,0,9
2023-02-05,Direct Mail,6,26
2023-02-05,Google,3,5
2023-02-05,Meta,2,5
2023-02-05,Organic,35,98
2023-02-05,Other,2,124
2023-02-06,Customer IO,0,8
2023-02-06,Direct Mail,4,19
2023-02-06,Google,2,12
2023-02-06,Meta,7,15
2023-02-06,Organic,28,73
2023-02-06,Other,5,109
2023-02-07,Customer IO,2,20
2023-02-07,Direct Mail,37,19
2023-02-07,Google,2,17
2023-02-07,Meta,11,12
2023-02-07,Organic,51,105
2023-02-07,Other,2,131
2023-02-08,Customer IO,0,7
2023-02-08,Direct Mail,119,54
2023-02-08,Google,8,16
2023-02-08,Influencer,0,1
2023-02-08,Meta,2,12
2023-02-08,Organic,39,101
2023-02-08,Other,4,98
2023-02-09,Customer IO,0,10
2023-02-09,Direct Mail,41,30
2023-02-09,Google,21,25
2023-02-09,Meta,11,15
2023-02-09,Organic,32,72
2023-02-09,Other,0,104
2023-02-10,Airbnb,0,0
2023-02-10,Customer IO,0,8
2023-02-10,Direct Mail,23,32
2023-02-10,Google,5,17
2023-02-10,Meta,12,19
2023-02-10,Organic,33,135
2023-02-10,Other,13,119
2023-02-10,Vrbo,0,0
2023-02-11,Airbnb,0,0
2023-02-11,Customer IO,1,24
2023-02-11,Direct Mail,6,22
2023-02-11,Google,9,17
2023-02-11,Influencer,1,0
2023-02-11,Meta,9,13
2023-02-11,Organic,22,77
2023-02-11,Other,5,120
2023-02-11,Vrbo,0,0
2023-02-12,Customer IO,0,27
2023-02-12,Direct Mail,6,31
2023-02-12,Google,18,33
2023-02-12,Meta,9,21
2023-02-12,Organic,11,78
2023-02-12,Other,2,115
2023-02-13,Airbnb,0,0
2023-02-13,Customer IO,0,8
2023-02-13,Direct Mail,10,29
2023-02-13,Google,23,29
2023-02-13,Meta,6,10
2023-02-13,Organic,25,99
2023-02-13,Other,1,69
2023-02-14,Criteo,0,2
2023-02-14,Customer IO,0,6
2023-02-14,Direct Mail,4,13
2023-02-14,Google,27,51
2023-02-14,Influencer,0,1
2023-02-14,Meta,6,13
2023-02-14,Organic,24,124
2023-02-14,Other,2,67
2023-02-15,Customer IO,3,29
2023-02-15,Direct Mail,10,65
2023-02-15,Google,17,32
2023-02-15,Influencer,0,1
2023-02-15,Meta,7,9
2023-02-15,Organic,77,318
2023-02-15,Other,14,195
2023-02-16,Airbnb,0,0
2023-02-16,Criteo,0,1
2023-02-16,Customer IO,0,21
2023-02-16,Direct Mail,8,24
2023-02-16,Google,9,41
2023-02-16,Influencer,0,1
2023-02-16,Meta,4,12
2023-02-16,Organic,37,162
2023-02-16,Other,6,178
2023-02-17,Customer IO,0,15
2023-02-17,Direct Mail,7,26
2023-02-17,Google,15,24
2023-02-17,Meta,9,10
2023-02-17,Organic,97,194
2023-02-17,Other,14,141
2023-02-18,Customer IO,5,27
2023-02-18,Direct Mail,5,24
2023-02-18,Google,8,19
2023-02-18,Influencer,0,3
2023-02-18,Meta,6,12
2023-02-18,Organic,71,232
2023-02-18,Other,8,228
2023-02-19,Airbnb,0,0
2023-02-19,Criteo,0,3
2023-02-19,Customer IO,0,9
2023-02-19,Direct Mail,4,16
2023-02-19,Google,8,22
2023-02-19,Meta,4,14
2023-02-19,Organic,55,155
2023-02-19,Other,1,152
2023-02-20,Airbnb,0,0
2023-02-20,Customer IO,0,13
2023-02-20,Direct Mail,6,25
2023-02-20,Google,13,37
2023-02-20,Influencer,0,2
2023-02-20,Meta,5,7
2023-02-20,Organic,45,153
2023-02-20,Other,1,149
2023-02-21,Customer IO,0,10
2023-02-21,Direct Mail,34,58
2023-02-21,Google,9,40
2023-02-21,Meta,3,18
2023-02-21,Organic,76,190
2023-02-21,Other,2,190
2023-02-22,Airbnb,0,0
2023-02-22,Customer IO,2,14
2023-02-22,Direct Mail,8,34
2023-02-22,Google,25,52
2023-02-22,Influencer,1,1
2023-02-22,Meta,9,29
2023-02-22,Organic,89,245
2023-02-22,Other,1,463
2023-02-23,Airbnb,0,0
2023-02-23,Criteo,0,1
2023-02-23,Customer IO,0,22
2023-02-23,Direct Mail,5,34
2023-02-23,Google,17,49
2023-02-23,Meta,3,3
2023-02-23,Organic,191,501
2023-02-23,Other,0,920
2023-02-24,Customer IO,0,17
2023-02-24,Direct Mail,39,62
2023-02-24,Google,17,41
2023-02-24,Influencer,1,0
2023-02-24,Meta,6,12
2023-02-24,Organic,88,202
2023-02-24,Other,12,461
2023-02-25,Airbnb,0,0
2023-02-25,Customer IO,1,26
2023-02-25,Direct Mail,7,48
2023-02-25,Google,7,15
2023-02-25,Meta,5,18
2023-02-25,Organic,102,267
2023-02-25,Other,2,727
2023-02-26,Airbnb,0,0
2023-02-26,Customer IO,0,28
2023-02-26,Direct Mail,8,44
2023-02-26,Google,11,46
2023-02-26,Influencer,0,1
2023-02-26,Meta,5,17
2023-02-26,Organic,85,287
2023-02-26,Other,2,589
2023-02-27,Airbnb,0,0
2023-02-27,Customer IO,2,41
2023-02-27,Direct Mail,8,62
2023-02-27,Google,14,36
2023-02-27,Meta,8,22
2023-02-27,Organic,71,283
2023-02-27,Other,0,453
2023-02-28,Customer IO,0,38
2023-02-28,Direct Mail,7,61
2023-02-28,Google,17,55
2023-02-28,Meta,2,11
2023-02-28,Organic,65,297
2023-02-28,Other,2,443
2023-02-28,Pinterest,1,3
2023-03-01,Customer IO,3,18
2023-03-01,Direct Mail,12,32
2023-03-01,Google,22,51
2023-03-01,Meta,2,10
2023-03-01,Organic,125,334
2023-03-01,Other,0,623
2023-03-02,Customer IO,0,27
2023-03-02,Direct Mail,4,56
2023-03-02,Google,32,58
2023-03-02,Influencer,0,3
2023-03-02,Meta,0,6
2023-03-02,Organic,83,299
2023-03-02,Other,1,544
2023-03-03,Airbnb,0,0
2023-03-03,Customer IO,0,18
2023-03-03,Direct Mail,2,22
2023-03-03,Google,16,39
2023-03-03,Meta,0,2
2023-03-03,Organic,60,211
2023-03-03,Other,0,493
2023-03-03,Vrbo,0,0
2023-03-04,Airbnb,0,0
2023-03-04,Customer IO,2,11
2023-03-04,Direct Mail,4,21
2023-03-04,Google,13,38
2023-03-04,Meta,2,20
2023-03-04,Organic,65,215
2023-03-04,Other,0,391
2023-03-04,Vrbo,0,0
2023-03-05,Airbnb,0,0
2023-03-05,Criteo,0,1
2023-03-05,Customer IO,0,14
2023-03-05,Direct Mail,1,16
2023-03-05,Google,6,19
2023-03-05,Meta,0,15
2023-03-05,Organic,59,156
2023-03-05,Other,0,507
2023-03-06,Airbnb,0,0
2023-03-06,Criteo,0,1
2023-03-06,Customer IO,1,7
2023-03-06,Direct Mail,1,8
2023-03-06,Google,6,17
2023-03-06,Influencer,1,1
2023-03-06,Meta,0,5
2023-03-06,Organic,70,173
2023-03-06,Other,0,329
2023-03-07,Criteo,0,1
2023-03-07,Customer IO,0,24
2023-03-07,Direct Mail,2,43
2023-03-07,Google,7,22
2023-03-07,Meta,2,12
2023-03-07,Organic,60,166
2023-03-07,Other,0,296
2023-03-08,Airbnb,0,0
2023-03-08,Customer IO,1,8
2023-03-08,Direct Mail,5,17
2023-03-08,Google,5,12
2023-03-08,Influencer,0,1
2023-03-08,Meta,1,5
2023-03-08,Organic,71,229
2023-03-08,Other,0,261
2023-03-09,Customer IO,3,23
2023-03-09,Direct Mail,5,20
2023-03-09,Google,6,38
2023-03-09,Meta,2,3
2023-03-09,Organic,71,216
2023-03-09,Other,0,309
2023-03-10,Airbnb,0,0
2023-03-10,Customer IO,1,31
2023-03-10,Direct Mail,2,30
2023-03-10,Google,15,25
2023-03-10,Influencer,0,1
2023-03-10,Meta,0,7
2023-03-10,Organic,73,192
2023-03-10,Other,0,413
2023-03-11,Customer IO,1,15
2023-03-11,Direct Mail,6,16
2023-03-11,Google,10,15
2023-03-11,Meta,1,9
2023-03-11,Organic,47,154
2023-03-11,Other,1,357
2023-03-12,Airbnb,0,0
2023-03-12,Customer IO,0,19
2023-03-12,Direct Mail,2,19
2023-03-12,Google,9,21
2023-03-12,Meta,1,5
2023-03-12,Organic,38,124
2023-03-12,Other,1,286
2023-03-13,Customer IO,1,8
2023-03-13,Direct Mail,1,11
2023-03-13,Google,5,21
2023-03-13,Meta,3,6
2023-03-13,Organic,49,139
2023-03-13,Other,2,228
2023-03-14,Airbnb,0,0
2023-03-14,Customer IO,0,10
2023-03-14,Direct Mail,1,12
2023-03-14,Google,10,27
2023-03-14,Meta,4,11
2023-03-14,Organic,48,124
2023-03-14,Other,0,228
2023-03-15,Customer IO,1,10
2023-03-15,Direct Mail,17,40
2023-03-15,Google,8,28
2023-03-15,Influencer,0,1
2023-03-15,Meta,0,2
2023-03-15,Organic,57,156
2023-03-15,Other,0,182
2023-03-15,Vrbo,0,0
2023-03-16,Airbnb,0,0
2023-03-16,Customer IO,1,12
2023-03-16,Direct Mail,7,11
2023-03-16,Google,13,19
2023-03-16,Meta,2,2
2023-03-16,Organic,36,135
2023-03-16,Other,0,125
2023-03-17,Customer IO,1,6
2023-03-17,Direct Mail,1,5
2023-03-17,Google,14,20
2023-03-17,Meta,2,2
2023-03-17,Organic,32,126
2023-03-17,Other,1,164
2023-03-17,Pinterest,0,1
2023-03-18,Airbnb,0,0
2023-03-18,Customer IO,6,37
2023-03-18,Direct Mail,277,94
2023-03-18,Google,14,9
2023-03-18,Influencer,0,1
2023-03-18,Meta,6,12
2023-03-18,Organic,102,219
2023-03-18,Other,1,260
2023-03-19,Airbnb,0,0
2023-03-19,Customer IO,1,25
2023-03-19,Direct Mail,41,47
2023-03-19,Google,10,17
2023-03-19,Influencer,0,2
2023-03-19,Meta,2,3
2023-03-19,Organic,47,136
2023-03-19,Other,0,171
2023-03-19,Vrbo,0,0
2023-03-20,Customer IO,1,17
2023-03-20,Direct Mail,24,28
2023-03-20,Google,12,26
2023-03-20,Influencer,1,4
2023-03-20,Meta,0,4
2023-03-20,Organic,46,131
2023-03-20,Other,0,171
2023-03-21,Customer IO,2,5
2023-03-21,Direct Mail,12,15
2023-03-21,Google,10,25
2023-03-21,Meta,0,4
2023-03-21,Organic,49,138
2023-03-21,Other,0,155
2023-03-22,Airbnb,0,0
2023-03-22,Customer IO,4,13
2023-03-22,Direct Mail,104,50
2023-03-22,Google,13,20
2023-03-22,Meta,12,25
2023-03-22,Organic,58,150
2023-03-22,Other,0,203
2023-03-23,Airbnb,0,0
2023-03-23,Customer IO,2,7
2023-03-23,Direct Mail,46,62
2023-03-23,Google,12,19
2023-03-23,Meta,4,21
2023-03-23,Organic,49,124
2023-03-23,Other,7,209
2023-03-24,Airbnb,0,0
2023-03-24,Customer IO,1,7
2023-03-24,Direct Mail,27,22
2023-03-24,Google,6,11
2023-03-24,Meta,3,6
2023-03-24,Organic,44,110
2023-03-24,Other,3,130
2023-03-25,Customer IO,0,31
2023-03-25,Direct Mail,8,37
2023-03-25,Google,9,54
2023-03-25,Meta,3,13
2023-03-25,Organic,19,100
2023-03-25,Other,1,148
2023-03-26,Airbnb,0,0
2023-03-26,Customer IO,4,10
2023-03-26,Direct Mail,164,58
2023-03-26,Google,9,9
2023-03-26,Influencer,1,3
2023-03-26,Meta,3,5
2023-03-26,Organic,71,148
2023-03-26,Other,7,161
2023-03-27,Airbnb,0,0
2023-03-27,Customer IO,1,13
2023-03-27,Direct Mail,43,32
2023-03-27,Google,10,17
2023-03-27,Meta,2,4
2023-03-27,Organic,51,135
2023-03-27,Other,10,99
2023-03-28,Airbnb,0,0
2023-03-28,Criteo,0,1
2023-03-28,Customer IO,2,15
2023-03-28,Direct Mail,22,61
2023-03-28,Google,12,19
2023-03-28,Influencer,0,5
2023-03-28,Iterable,0,1
2023-03-28,Meta,16,33
2023-03-28,Organic,60,144
2023-03-28,Other,2,151
2023-03-29,Criteo,0,1
2023-03-29,Customer IO,1,19
2023-03-29,Direct Mail,36,61
2023-03-29,Google,12,23
2023-03-29,Influencer,1,0
2023-03-29,Meta,4,13
2023-03-29,Organic,52,107
2023-03-29,Other,5,110
2023-03-30,Airbnb,0,0
2023-03-30,Customer IO,1,13
2023-03-30,Direct Mail,22,29
2023-03-30,Google,10,19
2023-03-30,Meta,1,9
2023-03-30,Organic,52,110
2023-03-30,Other,8,122
2023-03-31,Airbnb,0,0
2023-03-31,Customer IO,1,10
2023-03-31,Direct Mail,8,11
2023-03-31,Google,8,19
2023-03-31,Influencer,1,6
2023-03-31,Meta,1,1
2023-03-31,Organic,38,101
2023-03-31,Other,2,114
2023-04-01,Booking,0,0
2023-04-01,Customer IO,0,12
2023-04-01,Direct Mail,6,13
2023-04-01,Google,6,17
2023-04-01,Meta,1,7
2023-04-01,Organic,24,98
2023-04-01,Other,3,154
2023-04-02,Airbnb,0,0
2023-04-02,Customer IO,6,16
2023-04-02,Direct Mail,358,80
2023-04-02,Google,18,22
2023-04-02,Meta,3,8
2023-04-02,Organic,122,144
2023-04-02,Other,2,147
2023-04-03,Customer IO,3,12
2023-04-03,Direct Mail,62,58
2023-04-03,Google,10,13
2023-04-03,Meta,2,6
2023-04-03,Organic,64,148
2023-04-03,Other,1,151
2023-04-04,Customer IO,0,21
2023-04-04,Direct Mail,11,27
2023-04-04,Google,11,18
2023-04-04,Meta,0,7
2023-04-04,Organic,41,127
2023-04-04,Other,1,142
2023-04-05,Airbnb,0,0
2023-04-05,Customer IO,2,15
2023-04-05,Direct Mail,20,27
2023-04-05,Google,12,7
2023-04-05,Meta,4,7
2023-04-05,Organic,142,133
2023-04-05,Other,225,151
2023-04-06,Airbnb,0,0
2023-04-06,Customer IO,2,23
2023-04-06,Direct Mail,17,18
2023-04-06,Google,5,10
2023-04-06,Meta,1,13
2023-04-06,Organic,52,96
2023-04-06,Other,25,120
2023-04-07,Airbnb,0,0
2023-04-07,Criteo,0,1
2023-04-07,Customer IO,2,25
2023-04-07,Direct Mail,24,59
2023-04-07,Google,10,15
2023-04-07,Meta,1,30
2023-04-07,Organic,114,216
2023-04-07,Other,9,220
2023-04-08,Airbnb,0,0
2023-04-08,Customer IO,1,25
2023-04-08,Direct Mail,10,26
2023-04-08,Google,9,20
2023-04-08,Meta,1,4
2023-04-08,Organic,41,104
2023-04-08,Other,4,151
2023-04-09,Airbnb,0,0
2023-04-09,Customer IO,0,19
2023-04-09,Direct Mail,5,24
2023-04-09,Google,5,13
2023-04-09,Influencer,1,1
2023-04-09,Iterable,0,1
2023-04-09,Meta,4,18
2023-04-09,Organic,39,132
2023-04-09,Other,3,128
2023-04-10,Airbnb,0,0
2023-04-10,Criteo,0,2
2023-04-10,Customer IO,2,24
2023-04-10,Direct Mail,16,29
2023-04-10,Google,7,14
2023-04-10,Meta,2,6
2023-04-10,Organic,54,98
2023-04-10,Other,5,125
2023-04-11,Customer IO,1,9
2023-04-11,Direct Mail,21,13
2023-04-11,Google,5,11
2023-04-11,Meta,2,7
2023-04-11,Organic,40,129
2023-04-11,Other,2,105
2023-04-11,Pinterest,0,2
2023-04-12,Customer IO,2,20
2023-04-12,Direct Mail,12,22
2023-04-12,Google,10,26
2023-04-12,Meta,0,3
2023-04-12,Organic,50,117
2023-04-12,Other,2,106
2023-04-13,Airbnb,0,0
2023-04-13,Customer IO,1,24
2023-04-13,Direct Mail,17,20
2023-04-13,Google,11,21
2023-04-13,Meta,2,2
2023-04-13,Organic,42,104
2023-04-13,Other,4,97
2023-04-14,Airbnb,0,0
2023-04-14,Booking,0,0
2023-04-14,Customer IO,2,14
2023-04-14,Direct Mail,17,34
2023-04-14,Google,6,12
2023-04-14,Meta,2,6
2023-04-14,Organic,81,155
2023-04-14,Other,2,121
2023-04-15,Airbnb,0,0
2023-04-15,Criteo,0,1
2023-04-15,Customer IO,0,25
2023-04-15,Direct Mail,7,25
2023-04-15,Google,11,20
2023-04-15,Influencer,1,1
2023-04-15,Meta,1,6
2023-04-15,Organic,32,103
2023-04-15,Other,1,111
2023-04-16,Airbnb,0,0
2023-04-16,Customer IO,0,4
2023-04-16,Direct Mail,9,11
2023-04-16,Google,8,11
2023-04-16,Meta,3,7
2023-04-16,Organic,30,104
2023-04-16,Other,0,114
2023-04-17,Airbnb,0,0
2023-04-17,Customer IO,2,6
2023-04-17,Direct Mail,20,18
2023-04-17,Google,10,21
2023-04-17,Meta,1,7
2023-04-17,Organic,31,104
2023-04-17,Other,2,117
2023-04-18,Customer IO,1,8
2023-04-18,Direct Mail,3,10
2023-04-18,Google,3,7
2023-04-18,Influencer,1,2
2023-04-18,Meta,2,14
2023-04-18,Organic,36,131
2023-04-18,Other,0,113
2023-04-19,Customer IO,0,6
2023-04-19,Direct Mail,8,34
2023-04-19,Google,1,16
2023-04-19,Meta,5,7
2023-04-19,Organic,22,93
2023-04-19,Other,1,131
2023-04-20,Booking,0,0
2023-04-20,Customer IO,0,10
2023-04-20,Direct Mail,10,39
2023-04-20,Google,3,5
2023-04-20,Meta,5,16
2023-04-20,Organic,43,151
2023-04-20,Other,2,136
2023-04-21,Airbnb,0,0
2023-04-21,Customer IO,2,12
2023-04-21,Direct Mail,13,36
2023-04-21,Google,7,16
2023-04-21,Influencer,1,3
2023-04-21,Meta,22,39
2023-04-21,Organic,35,146
2023-04-21,Other,1,187
2023-04-22,Airbnb,0,0
2023-04-22,Customer IO,1,27
2023-04-22,Direct Mail,11,51
2023-04-22,Google,8,25
2023-04-22,Influencer,0,5
2023-04-22,Meta,27,56
2023-04-22,Organic,31,129
2023-04-22,Other,1,133
2023-04-23,Airbnb,0,0
2023-04-23,Customer IO,2,8
2023-04-23,Direct Mail,11,27
2023-04-23,Google,9,20
2023-04-23,Influencer,0,1
2023-04-23,Meta,9,26
2023-04-23,Organic,23,109
2023-04-23,Other,0,131
2023-04-24,Customer IO,2,12
2023-04-24,Direct Mail,9,18
2023-04-24,Google,8,17
2023-04-24,Influencer,0,1
2023-04-24,Meta,22,53
2023-04-24,Organic,46,165
2023-04-24,Other,3,92
2023-04-25,Customer IO,3,16
2023-04-25,Direct Mail,33,41
2023-04-25,Google,6,20
2023-04-25,Meta,33,53
2023-04-25,Organic,51,148
2023-04-25,Other,0,110
2023-04-26,Customer IO,1,29
2023-04-26,Direct Mail,23,29
2023-04-26,Google,8,8
2023-04-26,Meta,28,66
2023-04-26,Organic,45,141
2023-04-26,Other,4,124
2023-04-26,Vrbo,0,0
2023-04-27,Airbnb,0,0
2023-04-27,Criteo,0,1
2023-04-27,Customer IO,1,10
2023-04-27,Direct Mail,23,37
2023-04-27,Google,10,14
2023-04-27,Meta,42,66
2023-04-27,Organic,115,224
2023-04-27,Other,4,77
2023-04-28,Airbnb,0,0
2023-04-28,Customer IO,3,38
2023-04-28,Direct Mail,13,20
2023-04-28,Google,8,18
2023-04-28,Meta,49,78
2023-04-28,Organic,60,168
2023-04-28,Other,2,93
2023-04-29,Airbnb,0,0
2023-04-29,Criteo,0,2
2023-04-29,Customer IO,1,28
2023-04-29,Direct Mail,17,74
2023-04-29,Google,11,25
2023-04-29,Meta,39,91
2023-04-29,Organic,47,207
2023-04-29,Other,1,131
2023-04-30,Airbnb,0,0
2023-04-30,Customer IO,3,21
2023-04-30,Direct Mail,8,20
2023-04-30,Google,18,29
2023-04-30,Influencer,0,2
2023-04-30,Meta,57,83
2023-04-30,Organic,30,140
2023-04-30,Other,0,141
2023-04-30,Vrbo,0,0
2023-05-01,Airbnb,0,0
2023-05-01,Customer IO,4,28
2023-05-01,Direct Mail,31,33
2023-05-01,Google,14,18
2023-05-01,Meta,53,105
2023-05-01,Organic,48,158
2023-05-01,Other,1,98
2023-05-02,Airbnb,0,0
2023-05-02,Criteo,0,4
2023-05-02,Customer IO,0,14
2023-05-02,Direct Mail,15,24
2023-05-02,Google,11,14
2023-05-02,Influencer,0,5
2023-05-02,Meta,43,71
2023-05-02,Organic,54,166
2023-05-02,Other,26,112
2023-05-02,Vrbo,0,0
2023-05-03,Airbnb,0,0
2023-05-03,Customer IO,0,4
2023-05-03,Direct Mail,18,29
2023-05-03,Google,7,10
2023-05-03,Influencer,0,1
2023-05-03,Meta,60,110
2023-05-03,Organic,43,120
2023-05-03,Other,6,99
2023-05-04,Airbnb,0,0
2023-05-04,Criteo,0,1
2023-05-04,Customer IO,2,15
2023-05-04,Direct Mail,18,40
2023-05-04,Google,9,33
2023-05-04,Meta,66,132
2023-05-04,Organic,45,163
2023-05-04,Other,4,148
2023-05-05,Airbnb,0,0
2023-05-05,Customer IO,0,14
2023-05-05,Direct Mail,30,30
2023-05-05,Google,7,20
2023-05-05,Influencer,1,0
2023-05-05,Meta,37,80
2023-05-05,Organic,44,168
2023-05-05,Other,0,115
2023-05-06,Airbnb,0,0
2023-05-06,Customer IO,1,26
2023-05-06,Direct Mail,14,27
2023-05-06,Google,11,41
2023-05-06,Influencer,0,1
2023-05-06,Meta,47,90
2023-05-06,Organic,28,130
2023-05-06,Other,2,118
2023-05-06,Vrbo,0,0
2023-05-07,Criteo,0,1
2023-05-07,Customer IO,5,25
2023-05-07,Direct Mail,330,115
2023-05-07,Google,23,49
2023-05-07,Meta,50,99
2023-05-07,Organic,129,200
2023-05-07,Other,3,158
2023-05-08,Airbnb,0,0
2023-05-08,Criteo,0,4
2023-05-08,Customer IO,4,21
2023-05-08,Direct Mail,110,56
2023-05-08,Google,17,28
2023-05-08,Influencer,0,3
2023-05-08,Meta,40,82
2023-05-08,Organic,90,163
2023-05-08,Other,1,99
2023-05-09,Customer IO,2,15
2023-05-09,Direct Mail,32,24
2023-05-09,Google,6,17
2023-05-09,Meta,40,93
2023-05-09,Organic,48,107
2023-05-09,Other,2,84
2023-05-10,Airbnb,0,0
2023-05-10,Customer IO,1,21
2023-05-10,Direct Mail,17,51
2023-05-10,Google,12,20
2023-05-10,Meta,45,117
2023-05-10,Organic,39,114
2023-05-10,Other,0,144
2023-05-11,Airbnb,0,0
2023-05-11,Customer IO,0,12
2023-05-11,Direct Mail,24,23
2023-05-11,Google,9,30
2023-05-11,Meta,27,93
2023-05-11,Organic,46,112
2023-05-11,Other,2,101
2023-05-12,Customer IO,2,15
2023-05-12,Direct Mail,14,15
2023-05-12,Google,3,14
2023-05-12,Meta,25,64
2023-05-12,Organic,29,86
2023-05-12,Other,1,63
2023-05-13,Customer IO,1,9
2023-05-13,Direct Mail,5,16
2023-05-13,Google,6,17
2023-05-13,Meta,15,44
2023-05-13,Organic,16,89
2023-05-13,Other,0,71
2023-05-13,Vrbo,0,0
2023-05-14,Customer IO,1,5
2023-05-14,Direct Mail,6,18
2023-05-14,Google,3,10
2023-05-14,Meta,21,40
2023-05-14,Organic,13,65
2023-05-14,Other,0,80
2023-05-14,Vrbo,0,0
2023-05-15,Airbnb,0,0
2023-05-15,Customer IO,2,16
2023-05-15,Direct Mail,7,19
2023-05-15,Google,9,18
2023-05-15,Influencer,1,1
2023-05-15,Meta,20,58
2023-05-15,Organic,22,134
2023-05-15,Other,3,79
2023-05-16,Customer IO,1,19
2023-05-16,Direct Mail,6,16
2023-05-16,Google,11,20
2023-05-16,Meta,12,34
2023-05-16,Organic,27,89
2023-05-16,Other,3,67
2023-05-17,Airbnb,0,0
2023-05-17,Customer IO,0,12
2023-05-17,Direct Mail,37,60
2023-05-17,Google,17,19
2023-05-17,Meta,8,24
2023-05-17,Organic,54,153
2023-05-17,Other,3,101
2023-05-18,Airbnb,0,0
2023-05-18,Customer IO,0,24
2023-05-18,Direct Mail,9,17
2023-05-18,Google,5,11
2023-05-18,Meta,17,26
2023-05-18,Organic,38,131
2023-05-18,Other,1,58
2023-05-18,Vrbo,0,0
2023-05-19,Airbnb,0,0
2023-05-19,Customer IO,0,15
2023-05-19,Direct Mail,2,15
2023-05-19,Google,11,14
2023-05-19,Meta,18,39
2023-05-19,Organic,35,128
2023-05-19,Other,5,86
2023-05-20,Customer IO,0,31
2023-05-20,Direct Mail,2,27
2023-05-20,Google,9,11
2023-05-20,Iterable,0,2
2023-05-20,Meta,19,34
2023-05-20,Organic,23,128
2023-05-20,Other,0,63
2023-05-21,Airbnb,0,0
2023-05-21,Customer IO,0,18
2023-05-21,Direct Mail,0,13
2023-05-21,Google,18,12
2023-05-21,Meta,16,34
2023-05-21,Organic,21,143
2023-05-21,Other,0,79
2023-05-22,Airbnb,0,0
2023-05-22,Customer IO,0,8
2023-05-22,Direct Mail,15,14
2023-05-22,Google,18,27
2023-05-22,Meta,20,28
2023-05-22,Organic,42,143
2023-05-22,Other,1,34
2023-05-23,Airbnb,0,0
2023-05-23,Customer IO,0,6
2023-05-23,Direct Mail,6,31
2023-05-23,Google,10,8
2023-05-23,Meta,21,46
2023-05-23,Organic,26,140
2023-05-23,Other,1,74
2023-05-24,Customer IO,0,6
2023-05-24,Direct Mail,2,13
2023-05-24,Google,10,9
2023-05-24,Meta,19,26
2023-05-24,Organic,12,99
2023-05-24,Other,4,37
2023-05-25,Booking,0,0
2023-05-25,Customer IO,0,6
2023-05-25,Direct Mail,4,18
2023-05-25,Google,8,6
2023-05-25,Meta,13,24
2023-05-25,Organic,23,91
2023-05-25,Other,3,64
2023-05-26,Airbnb,0,0
2023-05-26,Customer IO,0,10
2023-05-26,Direct Mail,1,9
2023-05-26,Google,16,22
2023-05-26,Meta,13,34
2023-05-26,Organic,24,124
2023-05-26,Other,0,84
2023-05-27,Airbnb,0,0
2023-05-27,Customer IO,0,19
2023-05-27,Direct Mail,0,5
2023-05-27,Google,12,13
2023-05-27,Influencer,0,3
2023-05-27,Meta,6,13
2023-05-27,Organic,7,66
2023-05-27,Other,0,116
2023-05-28,Airbnb,0,0
2023-05-28,Customer IO,0,26
2023-05-28,Direct Mail,0,4
2023-05-28,Google,7,19
2023-05-28,Meta,9,11
2023-05-28,Organic,17,75
2023-05-28,Other,0,77
2023-05-29,Airbnb,0,0
2023-05-29,Customer IO,0,8
2023-05-29,Direct Mail,4,2
2023-05-29,Google,9,8
2023-05-29,Meta,12,12
2023-05-29,Organic,14,114
2023-05-29,Other,0,120
2023-05-30,Airbnb,0,0
2023-05-30,Customer IO,0,12
2023-05-30,Direct Mail,1,8
2023-05-30,Google,6,8
2023-05-30,Meta,5,14
2023-05-30,Organic,20,63
2023-05-30,Other,1,36
2023-05-31,Airbnb,0,0
2023-05-31,Criteo,0,10
2023-05-31,Customer IO,0,31
2023-05-31,Direct Mail,2,25
2023-05-31,Google,9,17
2023-05-31,Influencer,1,0
2023-05-31,Meta,10,12
2023-05-31,Organic,20,119
2023-05-31,Other,2,99
2023-06-01,Airbnb,0,0
2023-06-01,Customer IO,0,21
2023-06-01,Direct Mail,2,8
2023-06-01,Google,9,9
2023-06-01,Meta,7,10
2023-06-01,Organic,19,109
2023-06-01,Other,1,59
2023-06-02,Customer IO,0,9
2023-06-02,Direct Mail,1,7
2023-06-02,Google,10,17
2023-06-02,Meta,14,15
2023-06-02,Organic,17,86
2023-06-02,Other,0,48
2023-06-02,Vrbo,0,0
2023-06-03,Airbnb,0,0
2023-06-03,Customer IO,0,15
2023-06-03,Direct Mail,1,9
2023-06-03,Google,9,4
2023-06-03,Influencer,0,1
2023-06-03,Meta,7,10
2023-06-03,Organic,21,100
2023-06-03,Other,0,70
2023-06-04,Booking,0,0
2023-06-04,Customer IO,0,8
2023-06-04,Direct Mail,1,7
2023-06-04,Google,8,10
2023-06-04,Meta,10,8
2023-06-04,Organic,18,89
2023-06-04,Other,0,66
2023-06-05,Airbnb,0,0
2023-06-05,Criteo,0,1
2023-06-05,Customer IO,0,37
2023-06-05,Direct Mail,3,11
2023-06-05,Google,8,7
2023-06-05,Meta,11,16
2023-06-05,Organic,12,103
2023-06-05,Other,0,65
2023-06-06,Airbnb,0,0
2023-06-06,Customer IO,0,11
2023-06-06,Direct Mail,2,7
2023-06-06,Google,7,10
2023-06-06,Meta,10,5
2023-06-06,Organic,18,80
2023-06-06,Other,0,41
2023-06-07,Airbnb,0,0
2023-06-07,Booking,0,0
2023-06-07,Customer IO,0,7
2023-06-07,Direct Mail,1,14
2023-06-07,Google,10,6
2023-06-07,Meta,8,16
2023-06-07,Organic,13,67
2023-06-07,Other,1,43
2023-06-08,Airbnb,0,0
2023-06-08,Customer IO,0,37
2023-06-08,Direct Mail,3,39
2023-06-08,Google,19,26
2023-06-08,Meta,21,26
2023-06-08,Organic,45,160
2023-06-08,Other,0,44
2023-06-09,Airbnb,0,0
2023-06-09,Criteo,0,2
2023-06-09,Customer IO,0,12
2023-06-09,Direct Mail,0,10
2023-06-09,Google,17,15
2023-06-09,Meta,8,7
2023-06-09,Organic,39,116
2023-06-09,Other,1,55
2023-06-09,Vrbo,0,0
2023-06-10,Airbnb,0,0
2023-06-10,Customer IO,0,18
2023-06-10,Direct Mail,2,29
2023-06-10,Google,14,20
2023-06-10,Meta,20,28
2023-06-10,Organic,28,114
2023-06-10,Other,0,49
2023-06-11,Airbnb,0,0
2023-06-11,Customer IO,0,9
2023-06-11,Direct Mail,0,10
2023-06-11,Google,9,11
2023-06-11,Meta,21,23
2023-06-11,Organic,32,151
2023-06-11,Other,0,71
2023-06-12,Airbnb,0,0
2023-06-12,Customer IO,0,9
2023-06-12,Direct Mail,1,20
2023-06-12,Google,17,21
2023-06-12,Influencer,1,0
2023-06-12,Meta,23,25
2023-06-12,Organic,35,109
2023-06-12,Other,0,38
2023-06-13,Airbnb,0,0
2023-06-13,Customer IO,0,16
2023-06-13,Direct Mail,1,9
2023-06-13,Google,23,17
2023-06-13,Influencer,0,2
2023-06-13,Meta,23,23
2023-06-13,Organic,24,116
2023-06-13,Other,0,49
2023-06-14,Customer IO,0,13
2023-06-14,Direct Mail,5,32
2023-06-14,Google,14,20
2023-06-14,Meta,24,28
2023-06-14,Organic,31,180
2023-06-14,Other,1,47
2023-06-14,Pinterest,0,1
2023-06-15,Airbnb,0,0
2023-06-15,Customer IO,0,16
2023-06-15,Direct Mail,2,12
2023-06-15,Google,12,19
2023-06-15,Influencer,0,1
2023-06-15,Meta,26,34
2023-06-15,Organic,34,110
2023-06-15,Other,0,70
2023-06-15,Pinterest,0,5
2023-06-16,Customer IO,0,25
2023-06-16,Direct Mail,1,8
2023-06-16,Google,14,19
2023-06-16,Meta,28,31
2023-06-16,Organic,87,145
2023-06-16,Other,0,60
2023-06-16,Vrbo,0,0
2023-06-17,Airbnb,0,0
2023-06-17,Customer IO,0,11
2023-06-17,Direct Mail,2,16
2023-06-17,Google,17,16
2023-06-17,Influencer,0,2
2023-06-17,Meta,21,16
2023-06-17,Organic,25,98
2023-06-17,Other,0,61
2023-06-17,Vrbo,0,0
2023-06-18,Customer IO,0,15
2023-06-18,Direct Mail,0,10
2023-06-18,Google,9,19
2023-06-18,Influencer,0,1
2023-06-18,Meta,26,25
2023-06-18,Organic,23,101
2023-06-18,Other,0,57
2023-06-18,Vrbo,0,0
2023-06-19,Airbnb,0,0
2023-06-19,Customer IO,0,3
2023-06-19,Direct Mail,0,19
2023-06-19,Google,8,24
2023-06-19,Meta,38,26
2023-06-19,Organic,43,157
2023-06-19,Other,1,36
2023-06-20,Airbnb,0,0
2023-06-20,Criteo,0,1
2023-06-20,Customer IO,0,12
2023-06-20,Direct Mail,2,17
2023-06-20,Google,25,17
2023-06-20,Influencer,0,2
2023-06-20,Meta,38,36
2023-06-20,Organic,43,168
2023-06-20,Other,0,44
2023-06-21,Criteo,0,1
2023-06-21,Customer IO,0,18
2023-06-21,Direct Mail,1,16
2023-06-21,Google,21,19
2023-06-21,Meta,40,31
2023-06-21,Organic,31,164
2023-06-21,Other,0,36
2023-06-22,Airbnb,0,0
2023-06-22,Customer IO,0,13
2023-06-22,Direct Mail,0,22
2023-06-22,Google,24,27
2023-06-22,Meta,35,29
2023-06-22,Organic,28,98
2023-06-22,Other,0,32
2023-06-23,Airbnb,0,0
2023-06-23,Customer IO,0,8
2023-06-23,Direct Mail,1,5
2023-06-23,Google,11,7
2023-06-23,Meta,40,40
2023-06-23,Organic,26,85
2023-06-23,Other,0,30
2023-06-23,Pinterest,0,1
2023-06-24,Airbnb,0,0
2023-06-24,Customer IO,0,27
2023-06-24,Direct Mail,1,23
2023-06-24,Google,30,16
2023-06-24,Influencer,0,1
2023-06-24,Meta,27,30
2023-06-24,Organic,21,119
2023-06-24,Other,0,36
2023-06-25,Customer IO,0,16
2023-06-25,Direct Mail,0,16
2023-06-25,Google,26,31
2023-06-25,Meta,34,37
2023-06-25,Organic,28,126
2023-06-25,Other,0,42
2023-06-26,Customer IO,0,8
2023-06-26,Direct Mail,0,20
2023-06-26,Google,30,38
2023-06-26,Influencer,1,0
2023-06-26,Meta,33,37
2023-06-26,Organic,24,100
2023-06-26,Other,2,27
2023-06-27,Customer IO,0,43
2023-06-27,Direct Mail,1,32
2023-06-27,Google,25,17
2023-06-27,Meta,41,35
2023-06-27,Organic,26,162
2023-06-27,Other,0,40
2023-06-27,Vrbo,0,0
2023-06-28,Customer IO,0,42
2023-06-28,Direct Mail,0,50
2023-06-28,Google,21,37
2023-06-28,Influencer,1,1
2023-06-28,Meta,41,57
2023-06-28,Organic,28,174
2023-06-28,Other,0,78
2023-06-29,Customer IO,0,10
2023-06-29,Direct Mail,0,13
2023-06-29,Google,34,26
2023-06-29,Influencer,0,1
2023-06-29,Meta,49,54
2023-06-29,Organic,30,127
2023-06-29,Other,1,44
2023-06-29,Vrbo,0,0
2023-06-30,Airbnb,0,0
2023-06-30,Customer IO,0,22
2023-06-30,Direct Mail,3,18
2023-06-30,Google,17,27
2023-06-30,Meta,42,48
2023-06-30,Organic,81,175
2023-06-30,Other,0,45
2023-07-01,Airbnb,0,0
2023-07-01,Customer IO,0,23
2023-07-01,Direct Mail,2,31
2023-07-01,Google,31,30
2023-07-01,Meta,43,50
2023-07-01,Organic,36,138
2023-07-01,Other,0,43
2023-07-02,Customer IO,0,19
2023-07-02,Direct Mail,1,42
2023-07-02,Google,31,33
2023-07-02,Influencer,0,1
2023-07-02,Meta,41,33
2023-07-02,Organic,32,156
2023-07-02,Other,0,52
2023-07-03,Booking,0,0
2023-07-03,Customer IO,1,11
2023-07-03,Direct Mail,0,24
2023-07-03,Google,27,23
2023-07-03,Influencer,0,2
2023-07-03,Meta,44,44
2023-07-03,Organic,37,182
2023-07-03,Other,1,34
2023-07-04,Customer IO,0,8
2023-07-04,Direct Mail,0,16
2023-07-04,Google,26,22
2023-07-04,Meta,49,61
2023-07-04,Organic,25,153
2023-07-04,Other,1,45
2023-07-05,Airbnb,0,0
2023-07-05,Criteo,0,1
2023-07-05,Customer IO,0,5
2023-07-05,Direct Mail,1,12
2023-07-05,Google,33,21
2023-07-05,Meta,31,21
2023-07-05,Organic,22,130
2023-07-05,Other,1,51
2023-07-06,Airbnb,0,0
2023-07-06,Customer IO,0,19
2023-07-06,Direct Mail,0,16
2023-07-06,Google,15,15
2023-07-06,Influencer,0,1
2023-07-06,Meta,33,37
2023-07-06,Organic,26,175
2023-07-06,Other,1,54
2023-07-07,Customer IO,0,15
2023-07-07,Direct Mail,1,24
2023-07-07,Google,13,16
2023-07-07,Influencer,0,1
2023-07-07,Meta,26,24
2023-07-07,Organic,24,98
2023-07-07,Other,0,36
2023-07-08,Airbnb,0,0
2023-07-08,Criteo,0,2
2023-07-08,Customer IO,0,25
2023-07-08,Direct Mail,1,10
2023-07-08,Google,0,5
2023-07-08,Influencer,0,1
2023-07-08,Meta,42,45
2023-07-08,Organic,21,120
2023-07-08,Other,1,61
2023-07-08,Pinterest,0,3
2023-07-09,Customer IO,0,21
2023-07-09,Direct Mail,0,26
2023-07-09,Google,0,8
2023-07-09,Meta,38,46
2023-07-09,Organic,18,126
2023-07-09,Other,0,46
2023-07-10,Customer IO,0,10
2023-07-10,Direct Mail,0,7
2023-07-10,Google,3,18
2023-07-10,Meta,43,56
2023-07-10,Organic,36,162
2023-07-10,Other,1,50
2023-07-10,Vrbo,0,0
2023-07-11,Customer IO,0,5
2023-07-11,Direct Mail,0,19
2023-07-11,Google,10,12
2023-07-11,Meta,43,49
2023-07-11,Organic,20,100
2023-07-11,Other,0,21
2023-07-11,Vrbo,0,0
2023-07-12,Airbnb,0,0
2023-07-12,Criteo,0,1
2023-07-12,Customer IO,0,15
2023-07-12,Direct Mail,1,20
2023-07-12,Google,20,24
2023-07-12,Meta,27,38
2023-07-12,Organic,28,157
2023-07-12,Other,0,47
2023-07-13,Customer IO,0,31
2023-07-13,Direct Mail,3,20
2023-07-13,Google,20,25
2023-07-13,Meta,45,46
2023-07-13,Organic,25,176
2023-07-13,Other,1,48
2023-07-14,Customer IO,0,14
2023-07-14,Direct Mail,0,9
2023-07-14,Google,10,30
2023-07-14,Influencer,0,1
2023-07-14,Meta,50,57
2023-07-14,Organic,37,133
2023-07-14,Other,0,45
2023-07-15,Airbnb,0,0
2023-07-15,Customer IO,0,18
2023-07-15,Direct Mail,3,29
2023-07-15,Google,19,27
2023-07-15,Meta,50,41
2023-07-15,Organic,25,149
2023-07-15,Other,0,48
2023-07-16,Customer IO,0,16
2023-07-16,Direct Mail,2,14
2023-07-16,Google,13,20
2023-07-16,Influencer,0,1
2023-07-16,Meta,69,88
2023-07-16,Organic,31,154
2023-07-16,Other,0,83
2023-07-16,Vrbo,0,0
2023-07-17,Airbnb,0,0
2023-07-17,Customer IO,0,8
2023-07-17,Direct Mail,0,11
2023-07-17,Google,13,16
2023-07-17,Meta,63,73
2023-07-17,Organic,32,114
2023-07-17,Other,0,43
2023-07-18,Airbnb,0,0
2023-07-18,Criteo,0,1
2023-07-18,Customer IO,0,25
2023-07-18,Direct Mail,0,15
2023-07-18,Google,25,33
2023-07-18,Influencer,0,2
2023-07-18,Meta,64,60
2023-07-18,Organic,33,143
2023-07-18,Other,1,52
2023-07-18,Pinterest,0,4
2023-07-19,Airbnb,0,0
2023-07-19,Customer IO,0,29
2023-07-19,Direct Mail,0,34
2023-07-19,Google,21,20
2023-07-19,Meta,50,55
2023-07-19,Organic,33,172
2023-07-19,Other,0,43
2023-07-20,Airbnb,0,0
2023-07-20,Customer IO,0,15
2023-07-20,Direct Mail,2,37
2023-07-20,Google,23,38
2023-07-20,Meta,73,72
2023-07-20,Organic,60,151
2023-07-20,Other,2,40
2023-07-21,Customer IO,0,17
2023-07-21,Direct Mail,1,25
2023-07-21,Google,25,26
2023-07-21,Meta,58,71
2023-07-21,Organic,38,191
2023-07-21,Other,0,58
2023-07-22,Airbnb,0,0
2023-07-22,Customer IO,0,39
2023-07-22,Direct Mail,3,27
2023-07-22,Google,16,34
2023-07-22,Meta,47,41
2023-07-22,Organic,29,164
2023-07-22,Other,1,78
2023-07-23,Airbnb,0,0
2023-07-23,Customer IO,0,25
2023-07-23,Direct Mail,0,14
2023-07-23,Google,23,24
2023-07-23,Meta,51,69
2023-07-23,Organic,30,123
2023-07-23,Other,1,78
2023-07-24,Customer IO,0,20
2023-07-24,Direct Mail,0,24
2023-07-24,Google,31,33
2023-07-24,Meta,65,45
2023-07-24,Organic,45,215
2023-07-24,Other,0,60
2023-07-25,Airbnb,0,0
2023-07-25,Customer IO,0,12
2023-07-25,Direct Mail,1,7
2023-07-25,Google,24,29
2023-07-25,Influencer,1,1
2023-07-25,Meta,46,44
2023-07-25,Organic,29,142
2023-07-25,Other,0,35
2023-07-26,Airbnb,0,0
2023-07-26,Customer IO,0,19
2023-07-26,Direct Mail,0,12
2023-07-26,Google,24,36
2023-07-26,Meta,34,31
2023-07-26,Organic,41,113
2023-07-26,Other,0,27
2023-07-26,Vrbo,0,0
2023-07-27,Airbnb,0,0
2023-07-27,Customer IO,0,31
2023-07-27,Direct Mail,2,25
2023-07-27,Google,33,36
2023-07-27,Influencer,0,1
2023-07-27,Meta,35,32
2023-07-27,Organic,40,114
2023-07-27,Other,1,41
2023-07-28,Airbnb,0,0
2023-07-28,Customer IO,1,26
2023-07-28,Direct Mail,0,32
2023-07-28,Google,22,27
2023-07-28,Meta,29,27
2023-07-28,Organic,25,111
2023-07-28,Other,0,44
2023-07-29,Criteo,0,2
2023-07-29,Customer IO,0,24
2023-07-29,Direct Mail,1,25
2023-07-29,Google,32,33
2023-07-29,Influencer,1,2
2023-07-29,Meta,35,52
2023-07-29,Organic,47,181
2023-07-29,Other,6,66
2023-07-30,Airbnb,0,0
2023-07-30,Customer IO,0,14
2023-07-30,Direct Mail,0,16
2023-07-30,Google,38,44
2023-07-30,Influencer,0,1
2023-07-30,Meta,34,31
2023-07-30,Organic,47,205
2023-07-30,Other,5,73
2023-07-31,Airbnb,0,0
2023-07-31,Customer IO,0,13
2023-07-31,Direct Mail,0,17
2023-07-31,Google,53,61
2023-07-31,Meta,24,34
2023-07-31,Organic,34,122
2023-07-31,Other,3,53
2023-08-01,Airbnb,0,0
2023-08-01,Customer IO,0,15
2023-08-01,Direct Mail,0,11
2023-08-01,Google,34,26
2023-08-01,Meta,23,27
2023-08-01,Organic,42,115
2023-08-01,Other,5,50
2023-08-02,Airbnb,0,0
2023-08-02,Criteo,0,1
2023-08-02,Customer IO,0,30
2023-08-02,Direct Mail,2,32
2023-08-02,Google,25,30
2023-08-02,Influencer,0,3
2023-08-02,Meta,14,17
2023-08-02,Organic,60,174
2023-08-02,Other,4,72
2023-08-03,Customer IO,0,32
2023-08-03,Direct Mail,3,25
2023-08-03,Google,25,22
2023-08-03,Meta,20,19
2023-08-03,Organic,50,112
2023-08-03,Other,1,57
2023-08-03,Vrbo,0,0
2023-08-04,Airbnb,0,0
2023-08-04,Criteo,0,2
2023-08-04,Customer IO,0,10
2023-08-04,Direct Mail,1,17
2023-08-04,Google,36,51
2023-08-04,Meta,15,12
2023-08-04,Organic,52,136
2023-08-04,Other,2,77
2023-08-05,Airbnb,0,0
2023-08-05,Customer IO,0,24
2023-08-05,Direct Mail,2,12
2023-08-05,Google,32,47
2023-08-05,Meta,21,18
2023-08-05,Organic,36,145
2023-08-05,Other,4,72
2023-08-06,Airbnb,0,0
2023-08-06,Criteo,0,3
2023-08-06,Customer IO,0,26
2023-08-06,Direct Mail,0,16
2023-08-06,Google,43,48
2023-08-06,Meta,18,22
2023-08-06,Organic,63,192
2023-08-06,Other,2,70
2023-08-06,Vrbo,0,0
2023-08-07,Airbnb,0,0
2023-08-07,Customer IO,0,36
2023-08-07,Direct Mail,0,48
2023-08-07,Google,42,38
2023-08-07,Meta,25,24
2023-08-07,Organic,60,225
2023-08-07,Other,8,63
2023-08-08,Airbnb,0,0
2023-08-08,Criteo,0,1
2023-08-08,Customer IO,0,17
2023-08-08,Direct Mail,0,24
2023-08-08,Google,53,60
2023-08-08,Influencer,0,1
2023-08-08,Meta,20,23
2023-08-08,Organic,53,176
2023-08-08,Other,2,72
2023-08-09,Airbnb,0,0
2023-08-09,Customer IO,0,29
2023-08-09,Direct Mail,1,25
2023-08-09,Google,26,34
2023-08-09,Influencer,0,1
2023-08-09,Meta,14,12
2023-08-09,Organic,60,199
2023-08-09,Other,3,63
2023-08-10,Airbnb,0,0
2023-08-10,Customer IO,0,9
2023-08-10,Direct Mail,0,20
2023-08-10,Google,36,30
2023-08-10,Meta,12,15
2023-08-10,Organic,43,160
2023-08-10,Other,2,65
2023-08-11,Airbnb,0,0
2023-08-11,Booking,0,0
2023-08-11,Customer IO,0,18
2023-08-11,Direct Mail,0,4
2023-08-11,Google,24,21
2023-08-11,Meta,14,13
2023-08-11,Organic,35,119
2023-08-11,Other,1,49
2023-08-11,Vrbo,0,0
2023-08-12,Airbnb,0,0
2023-08-12,Customer IO,0,24
2023-08-12,Direct Mail,0,14
2023-08-12,Google,27,37
2023-08-12,Meta,6,7
2023-08-12,Organic,40,150
2023-08-12,Other,3,60
2023-08-12,Vrbo,0,0
2023-08-13,Booking,0,0
2023-08-13,Customer IO,0,20
2023-08-13,Direct Mail,0,12
2023-08-13,Google,35,29
2023-08-13,Meta,9,9
2023-08-13,Organic,44,154
2023-08-13,Other,3,82
2023-08-14,Airbnb,0,0
2023-08-14,Customer IO,0,18
2023-08-14,Direct Mail,0,10
2023-08-14,Google,20,10
2023-08-14,Meta,6,2
2023-08-14,Organic,56,154
2023-08-14,Other,3,65
2023-08-15,Customer IO,0,12
2023-08-15,Direct Mail,0,23
2023-08-15,Google,22,27
2023-08-15,Influencer,0,1
2023-08-15,Meta,12,13
2023-08-15,Organic,75,165
2023-08-15,Other,3,65
2023-08-15,Vrbo,0,0
2023-08-16,Customer IO,0,15
2023-08-16,Direct Mail,1,13
2023-08-16,Google,23,28
2023-08-16,Influencer,0,1
2023-08-16,Meta,10,1
2023-08-16,Organic,45,156
2023-08-16,Other,2,50
2023-08-16,Vrbo,0,0
2023-08-17,Airbnb,0,0
2023-08-17,Customer IO,0,19
2023-08-17,Direct Mail,1,13
2023-08-17,Google,9,18
2023-08-17,Meta,1,6
2023-08-17,Organic,43,160
2023-08-17,Other,3,58
2023-08-17,Vrbo,0,0
2023-08-18,Airbnb,0,0
2023-08-18,Customer IO,0,13
2023-08-18,Direct Mail,0,12
2023-08-18,Google,18,16
2023-08-18,Influencer,0,1
2023-08-18,Meta,5,8
2023-08-18,Organic,38,152
2023-08-18,Other,5,56
2023-08-19,Airbnb,0,0
2023-08-19,Criteo,0,2
2023-08-19,Customer IO,0,10
2023-08-19,Direct Mail,0,23
2023-08-19,Google,24,35
2023-08-19,Meta,3,10
2023-08-19,Organic,51,164
2023-08-19,Other,4,68
2023-08-20,Airbnb,0,0
2023-08-20,Customer IO,0,13
2023-08-20,Direct Mail,0,9
2023-08-20,Google,18,17
2023-08-20,Meta,5,5
2023-08-20,Organic,28,129
2023-08-20,Other,3,61
2023-08-21,Airbnb,0,0
2023-08-21,Customer IO,0,21
2023-08-21,Direct Mail,1,7
2023-08-21,Google,16,20
2023-08-21,Meta,2,10
2023-08-21,Organic,36,109
2023-08-21,Other,3,50
2023-08-21,Vrbo,0,0
2023-08-22,Airbnb,0,0
2023-08-22,Customer IO,0,18
2023-08-22,Direct Mail,1,30
2023-08-22,Google,12,13
2023-08-22,Meta,5,6
2023-08-22,Organic,36,125
2023-08-22,Other,0,59
2023-08-23,Airbnb,0,0
2023-08-23,Booking,0,0
2023-08-23,Customer IO,1,22
2023-08-23,Direct Mail,3,44
2023-08-23,Google,14,21
2023-08-23,Meta,5,8
2023-08-23,Organic,36,117
2023-08-23,Other,4,64
2023-08-23,Vrbo,0,0
2023-08-24,Airbnb,0,0
2023-08-24,Customer IO,0,19
2023-08-24,Direct Mail,0,16
2023-08-24,Google,18,14
2023-08-24,Meta,6,11
2023-08-24,Organic,30,110
2023-08-24,Other,2,61
2023-08-25,Airbnb,0,0
2023-08-25,Customer IO,0,14
2023-08-25,Direct Mail,0,6
2023-08-25,Google,10,11
2023-08-25,Meta,5,7
2023-08-25,Organic,29,91
2023-08-25,Other,2,36
2023-08-25,Vrbo,0,0
2023-08-26,Airbnb,0,0
2023-08-26,Customer IO,0,12
2023-08-26,Direct Mail,1,25
2023-08-26,Google,25,23
2023-08-26,Meta,2,5
2023-08-26,Organic,21,113
2023-08-26,Other,3,90
2023-08-27,Booking,0,0
2023-08-27,Customer IO,0,15
2023-08-27,Direct Mail,0,11
2023-08-27,Google,30,31
2023-08-27,Meta,3,15
2023-08-27,Organic,29,92
2023-08-27,Other,5,68
2023-08-28,Airbnb,0,0
2023-08-28,Customer IO,0,7
2023-08-28,Direct Mail,0,6
2023-08-28,Google,17,19
2023-08-28,Meta,3,3
2023-08-28,Organic,32,66
2023-08-28,Other,1,53
2023-08-29,Customer IO,0,8
2023-08-29,Direct Mail,1,11
2023-08-29,Google,29,21
2023-08-29,Meta,3,3
2023-08-29,Organic,30,102
2023-08-29,Other,1,56
2023-08-30,Criteo,0,1
2023-08-30,Customer IO,0,50
2023-08-30,Direct Mail,3,78
2023-08-30,Google,27,43
2023-08-30,Meta,1,9
2023-08-30,Organic,33,167
2023-08-30,Other,0,103
2023-08-31,Customer IO,2,13
2023-08-31,Direct Mail,1,9
2023-08-31,Google,16,15
2023-08-31,Meta,1,6
2023-08-31,Organic,33,111
2023-08-31,Other,3,63
2023-09-01,Airbnb,0,0
2023-09-01,Criteo,0,1
2023-09-01,Customer IO,0,7
2023-09-01,Direct Mail,0,5
2023-09-01,Google,33,36
2023-09-01,Meta,5,20
2023-09-01,Organic,33,142
2023-09-01,Other,2,61
2023-09-01,Vrbo,0,0
2023-09-02,Airbnb,0,0
2023-09-02,Customer IO,0,18
2023-09-02,Direct Mail,1,7
2023-09-02,Google,27,26
2023-09-02,Influencer,0,2
2023-09-02,Meta,2,13
2023-09-02,Organic,27,116
2023-09-02,Other,3,63
2023-09-03,Criteo,0,1
2023-09-03,Customer IO,0,7
2023-09-03,Direct Mail,0,9
2023-09-03,Google,18,9
2023-09-03,Meta,0,1
2023-09-03,Organic,25,118
2023-09-03,Other,0,63
2023-09-04,Airbnb,0,0
2023-09-04,Booking,0,0
2023-09-04,Criteo,0,1
2023-09-04,Customer IO,0,6
2023-09-04,Direct Mail,0,8
2023-09-04,Google,28,25
2023-09-04,Influencer,0,1
2023-09-04,Meta,4,8
2023-09-04,Organic,35,126
2023-09-04,Other,1,73
2023-09-04,Vrbo,0,0
2023-09-05,Customer IO,0,14
2023-09-05,Direct Mail,0,7
2023-09-05,Google,27,25
2023-09-05,Meta,5,4
2023-09-05,Organic,33,89
2023-09-05,Other,1,62
2023-09-06,Airbnb,0,0
2023-09-06,Customer IO,0,12
2023-09-06,Direct Mail,1,32
2023-09-06,Google,21,27
2023-09-06,Meta,3,6
2023-09-06,Organic,23,119
2023-09-06,Other,1,57
2023-09-07,Airbnb,0,0
2023-09-07,Criteo,0,1
2023-09-07,Customer IO,0,18
2023-09-07,Direct Mail,5,23
2023-09-07,Google,36,60
2023-09-07,Meta,5,11
2023-09-07,Organic,35,116
2023-09-07,Other,1,87
2023-09-08,Airbnb,0,0
2023-09-08,Customer IO,1,23
2023-09-08,Direct Mail,1,30
2023-09-08,Google,28,26
2023-09-08,Meta,1,2
2023-09-08,Organic,29,170
2023-09-08,Other,1,83
2023-09-09,Airbnb,0,0
2023-09-09,Customer IO,0,25
2023-09-09,Direct Mail,3,65
2023-09-09,Google,36,31
2023-09-09,Meta,3,7
2023-09-09,Organic,22,192
2023-09-09,Other,0,83
2023-09-10,Airbnb,0,0
2023-09-10,Customer IO,0,20
2023-09-10,Direct Mail,2,6
2023-09-10,Google,46,39
2023-09-10,Meta,3,4
2023-09-10,Organic,22,116
2023-09-10,Other,1,58
2023-09-11,Airbnb,0,0
2023-09-11,Customer IO,0,17
2023-09-11,Direct Mail,1,16
2023-09-11,Google,27,44
2023-09-11,Meta,1,6
2023-09-11,Organic,29,124
2023-09-11,Other,2,57
2023-09-11,Vrbo,0,0
2023-09-12,Airbnb,0,0
2023-09-12,Customer IO,0,21
2023-09-12,Direct Mail,0,21
2023-09-12,Google,5,24
2023-09-12,Meta,0,22
2023-09-12,Organic,3,78
2023-09-12,Other,0,57
2023-09-13,Airbnb,0,0
2023-09-13,Customer IO,0,21
2023-09-13,Direct Mail,1,48
2023-09-13,Google,2,34
2023-09-13,Influencer,0,1
2023-09-13,Meta,0,14
2023-09-13,Organic,2,120
2023-09-13,Other,0,95
2023-09-13,Vrbo,0,0
2023-09-14,Airbnb,0,0
2023-09-14,Customer IO,0,30
2023-09-14,Direct Mail,0,8
2023-09-14,Google,0,21
2023-09-14,Meta,0,16
2023-09-14,Organic,2,83
2023-09-14,Other,0,83
2023-09-14,Pinterest,0,2
2023-09-15,Airbnb,0,0
2023-09-15,Booking,0,0
2023-09-15,Customer IO,0,20
2023-09-15,Direct Mail,0,5
2023-09-15,Google,1,16
2023-09-15,Meta,0,34
2023-09-15,Organic,2,110
2023-09-15,Other,1,87
2023-09-16,Customer IO,0,20
2023-09-16,Direct Mail,0,21
2023-09-16,Google,2,13
2023-09-16,Meta,0,43
2023-09-16,Organic,2,114
2023-09-16,Other,0,88
2023-09-17,Customer IO,0,17
2023-09-17,Direct Mail,0,12
2023-09-17,Google,4,35
2023-09-17,Meta,0,50
2023-09-17,Organic,1,113
2023-09-17,Other,0,58
2023-09-18,Airbnb,0,0
2023-09-18,Customer IO,0,22
2023-09-18,Direct Mail,0,9
2023-09-18,Google,2,24
2023-09-18,Influencer,0,2
2023-09-18,Meta,0,42
2023-09-18,Organic,2,139
2023-09-18,Other,0,85
2023-09-19,Criteo,0,1
2023-09-19,Customer IO,1,19
2023-09-19,Direct Mail,0,9
2023-09-19,Google,0,32
2023-09-19,Meta,0,37
2023-09-19,Organic,2,103
2023-09-19,Other,0,60
2023-09-20,Airbnb,0,0
2023-09-20,Customer IO,1,30
2023-09-20,Direct Mail,0,44
2023-09-20,Google,2,25
2023-09-20,Meta,0,22
2023-09-20,Organic,0,130
2023-09-20,Other,0,95
2023-09-21,Airbnb,0,0
2023-09-21,Customer IO,0,94
2023-09-21,Direct Mail,0,89
2023-09-21,Google,1,27
2023-09-21,Meta,0,34
2023-09-21,Organic,4,181
2023-09-21,Other,1,117
2023-09-22,Airbnb,0,0
2023-09-22,Customer IO,0,22
2023-09-22,Direct Mail,0,12
2023-09-22,Google,0,18
2023-09-22,Influencer,0,2
2023-09-22,Meta,0,19
2023-09-22,Organic,0,133
2023-09-22,Other,0,74
2023-09-23,Airbnb,0,0
2023-09-23,Customer IO,1,22
2023-09-23,Direct Mail,0,20
2023-09-23,Google,2,26
2023-09-23,Meta,0,51
2023-09-23,Organic,3,125
2023-09-23,Other,0,100
2023-09-24,Airbnb,0,0
2023-09-24,Customer IO,0,23
2023-09-24,Direct Mail,0,13
2023-09-24,Google,1,58
2023-09-24,Meta,1,107
2023-09-24,Organic,1,128
2023-09-24,Other,0,157
2023-09-25,Booking,0,0
2023-09-25,Criteo,0,1
2023-09-25,Customer IO,0,16
2023-09-25,Direct Mail,0,7
2023-09-25,Google,2,32
2023-09-25,Influencer,0,1
2023-09-25,Meta,0,71
2023-09-25,Organic,2,120
2023-09-25,Other,0,97
2023-09-26,Airbnb,0,0
2023-09-26,Customer IO,0,29
2023-09-26,Direct Mail,0,4
2023-09-26,Google,2,39
2023-09-26,Influencer,0,1
2023-09-26,Meta,0,125
2023-09-26,Organic,4,182
2023-09-26,Other,0,160
2023-09-27,Airbnb,0,0
2023-09-27,Customer IO,0,22
2023-09-27,Direct Mail,0,22
2023-09-27,Google,2,32
2023-09-27,Influencer,0,1
2023-09-27,Meta,0,24
2023-09-27,Organic,0,95
2023-09-27,Other,0,77
2023-09-28,Airbnb,0,0
2023-09-28,Customer IO,0,12
2023-09-28,Direct Mail,0,17
2023-09-28,Google,3,44
2023-09-28,Meta,0,28
2023-09-28,Organic,2,92
2023-09-28,Other,0,86
2023-09-29,Airbnb,0,0
2023-09-29,Customer IO,0,8
2023-09-29,Direct Mail,0,5
2023-09-29,Google,0,9
2023-09-29,Meta,0,18
2023-09-29,Organic,0,69
2023-09-29,Other,0,45
2023-09-30,Airbnb,0,0
2023-09-30,Customer IO,0,13
2023-09-30,Direct Mail,0,12
2023-09-30,Google,1,17
2023-09-30,Meta,0,17
2023-09-30,Organic,4,90
2023-09-30,Other,0,53
2023-10-01,Airbnb,0,0
2023-10-01,Customer IO,0,11
2023-10-01,Direct Mail,0,14
2023-10-01,Google,0,12
2023-10-01,Influencer,0,1
2023-10-01,Meta,0,13
2023-10-01,Organic,0,65
2023-10-01,Other,0,68
2023-10-02,Airbnb,0,0
2023-10-02,Booking,0,0
2023-10-02,Customer IO,0,7
2023-10-02,Direct Mail,0,8
2023-10-02,Google,1,18
2023-10-02,Meta,0,15
2023-10-02,Organic,2,66
2023-10-02,Other,0,67
2023-10-03,Customer IO,0,13
2023-10-03,Direct Mail,0,29
2023-10-03,Google,2,18
2023-10-03,Meta,0,14
2023-10-03,Organic,6,60
2023-10-03,Other,0,45
2023-10-04,Airbnb,0,0
2023-10-04,Customer IO,0,11
2023-10-04,Direct Mail,0,15
2023-10-04,Google,1,13
2023-10-04,Meta,0,9
2023-10-04,Organic,2,63
2023-10-04,Other,0,52
2023-10-05,Airbnb,0,0
2023-10-05,Customer IO,0,10
2023-10-05,Direct Mail,0,5
2023-10-05,Google,2,23
2023-10-05,Meta,0,5
2023-10-05,Organic,0,77
2023-10-05,Other,1,41
2023-10-05,Pinterest,0,1
2023-10-06,Airbnb,0,0
2023-10-06,Customer IO,0,13
2023-10-06,Direct Mail,0,7
2023-10-06,Google,3,24
2023-10-06,Meta,0,12
2023-10-06,Organic,10,131
2023-10-06,Other,0,62
2023-10-06,Vrbo,0,0
2023-10-07,Airbnb,0,0
2023-10-07,Booking,0,0
2023-10-07,Criteo,0,1
2023-10-07,Customer IO,0,13
2023-10-07,Direct Mail,0,15
2023-10-07,Google,2,17
2023-10-07,Meta,0,4
2023-10-07,Organic,1,73
2023-10-07,Other,1,54
2023-10-08,Airbnb,0,0
2023-10-08,Customer IO,0,13
2023-10-08,Direct Mail,0,3
2023-10-08,Google,0,14
2023-10-08,Organic,2,48
2023-10-08,Other,0,29
2023-10-08,Pinterest,0,1
2023-10-09,Airbnb,0,0
2023-10-09,Booking,0,0
2023-10-09,Customer IO,0,6
2023-10-09,Direct Mail,0,2
2023-10-09,Google,1,8
2023-10-09,Meta,0,5
2023-10-09,Organic,2,67
2023-10-09,Other,0,31
2023-10-10,Airbnb,0,0
2023-10-10,Booking,0,0
2023-10-10,Customer IO,0,9
2023-10-10,Direct Mail,0,2
2023-10-10,Google,0,8
2023-10-10,Meta,0,6
2023-10-10,Organic,2,46
2023-10-10,Other,0,37
2023-10-11,Airbnb,0,0
2023-10-11,Customer IO,0,9
2023-10-11,Direct Mail,4,3
2023-10-11,Google,0,13
2023-10-11,Influencer,0,1
2023-10-11,Meta,0,1
2023-10-11,Organic,9,52
2023-10-11,Other,3,36
2023-10-12,Customer IO,0,11
2023-10-12,Direct Mail,0,6
2023-10-12,Google,3,7
2023-10-12,Meta,0,2
2023-10-12,Organic,0,64
2023-10-12,Other,0,47
2023-10-13,Airbnb,0,0
2023-10-13,Customer IO,0,8
2023-10-13,Direct Mail,0,4
2023-10-13,Meta,0,1
2023-10-13,Organic,2,29
2023-10-13,Other,0,41
2023-10-14,Airbnb,0,0
2023-10-14,Customer IO,0,18
2023-10-14,Direct Mail,0,2
2023-10-14,Google,1,2
2023-10-14,Organic,2,43
2023-10-14,Other,0,35
2023-10-15,Airbnb,0,0
2023-10-15,Customer IO,0,12
2023-10-15,Direct Mail,0,5
2023-10-15,Google,0,1
2023-10-15,Meta,0,6
2023-10-15,Organic,4,26
2023-10-15,Other,0,51
2023-10-16,Airbnb,0,0
2023-10-16,Customer IO,0,4
2023-10-16,Direct Mail,0,10
2023-10-16,Google,1,23
2023-10-16,Meta,0,13
2023-10-16,Organic,1,89
2023-10-16,Other,0,25
2023-10-17,Customer IO,0,27
2023-10-17,Direct Mail,0,21
2023-10-17,Google,2,34
2023-10-17,Meta,0,4
2023-10-17,Organic,5,130
2023-10-17,Other,1,33
2023-10-17,Pinterest,0,1
2023-10-18,Airbnb,0,0
2023-10-18,Criteo,0,2
2023-10-18,Customer IO,0,20
2023-10-18,Direct Mail,0,18
2023-10-18,Google,0,12
2023-10-18,Influencer,0,4
2023-10-18,Meta,0,1
2023-10-18,Organic,7,99
2023-10-18,Other,1,59
2023-10-19,Airbnb,0,0
2023-10-19,Customer IO,0,11
2023-10-19,Direct Mail,0,10
2023-10-19,Google,1,25
2023-10-19,Influencer,0,1
2023-10-19,Meta,0,14
2023-10-19,Organic,1,111
2023-10-19,Other,0,58
2023-10-20,Airbnb,0,0
2023-10-20,Customer IO,0,18
2023-10-20,Direct Mail,0,4
2023-10-20,Google,0,13
2023-10-20,Influencer,0,1
2023-10-20,Meta,0,21
2023-10-20,Organic,1,98
2023-10-20,Other,0,62
2023-10-21,Criteo,0,1
2023-10-21,Customer IO,0,17
2023-10-21,Direct Mail,0,24
2023-10-21,Google,0,28
2023-10-21,Meta,0,45
2023-10-21,Organic,0,92
2023-10-21,Other,0,80
2023-10-22,Customer IO,0,26
2023-10-22,Direct Mail,0,11
2023-10-22,Google,1,33
2023-10-22,Meta,0,45
2023-10-22,Organic,1,74
2023-10-22,Other,0,80
2023-10-23,Airbnb,0,0
2023-10-23,Customer IO,0,13
2023-10-23,Direct Mail,0,3
2023-10-23,Google,1,29
2023-10-23,Meta,0,46
2023-10-23,Organic,2,68
2023-10-23,Other,0,59
2023-10-24,Customer IO,0,19
2023-10-24,Direct Mail,0,3
2023-10-24,Google,0,50
2023-10-24,Meta,0,64
2023-10-24,Organic,2,118
2023-10-24,Other,1,88
2023-10-25,Customer IO,0,29
2023-10-25,Direct Mail,0,15
2023-10-25,Google,2,24
2023-10-25,Influencer,0,1
2023-10-25,Meta,0,76
2023-10-25,Organic,5,105
2023-10-25,Other,0,81
2023-10-26,Customer IO,0,9
2023-10-26,Direct Mail,0,25
2023-10-26,Google,2,21
2023-10-26,Meta,0,51
2023-10-26,Organic,0,68
2023-10-26,Other,0,34
2023-10-27,Airbnb,0,0
2023-10-27,Customer IO,0,8
2023-10-27,Direct Mail,0,20
2023-10-27,Google,1,38
2023-10-27,Meta,0,46
2023-10-27,Organic,3,205
2023-10-27,Other,3,64
2023-10-28,Airbnb,0,0
2023-10-28,Customer IO,0,17
2023-10-28,Direct Mail,0,14
2023-10-28,Google,5,45
2023-10-28,Influencer,0,1
2023-10-28,Meta,0,57
2023-10-28,Organic,1,140
2023-10-28,Other,1,121
2023-10-28,Pinterest,0,1
2023-10-29,Airbnb,0,0
2023-10-29,Customer IO,0,16
2023-10-29,Direct Mail,0,10
2023-10-29,Google,2,30
2023-10-29,Influencer,0,5
2023-10-29,Meta,0,59
2023-10-29,Organic,1,116
2023-10-29,Other,2,71
2023-10-30,Customer IO,0,28
2023-10-30,Direct Mail,0,17
2023-10-30,Google,4,41
2023-10-30,Meta,0,63
2023-10-30,Organic,0,176
2023-10-30,Other,0,68
2023-10-31,Airbnb,0,0
2023-10-31,Customer IO,0,32
2023-10-31,Direct Mail,0,39
2023-10-31,Google,5,36
2023-10-31,Influencer,0,2
2023-10-31,Meta,1,70
2023-10-31,Organic,2,255
2023-10-31,Other,2,143
2023-11-01,Airbnb,0,0
2023-11-01,Customer IO,0,24
2023-11-01,Direct Mail,0,13
2023-11-01,Google,0,28
2023-11-01,Meta,0,88
2023-11-01,Organic,2,147
2023-11-01,Other,2,127
2023-11-02,Customer IO,0,33
2023-11-02,Direct Mail,0,10
2023-11-02,Google,0,25
2023-11-02,Meta,0,87
2023-11-02,Organic,0,123
2023-11-02,Other,1,90
2023-11-03,Airbnb,0,0
2023-11-03,Customer IO,0,29
2023-11-03,Direct Mail,0,11
2023-11-03,Google,2,26
2023-11-03,Meta,0,62
2023-11-03,Organic,2,136
2023-11-03,Other,12,71
2023-11-03,Vrbo,0,0
2023-11-04,Airbnb,0,0
2023-11-04,Customer IO,0,46
2023-11-04,Direct Mail,0,15
2023-11-04,Google,2,28
2023-11-04,Meta,0,63
2023-11-04,Organic,0,103
2023-11-04,Other,14,108
2023-11-04,Vrbo,0,0
2023-11-05,Airbnb,0,0
2023-11-05,Customer IO,0,18
2023-11-05,Direct Mail,0,10
2023-11-05,Google,0,24
2023-11-05,Meta,0,69
2023-11-05,Organic,3,98
2023-11-05,Other,13,82
2023-11-06,Airbnb,0,0
2023-11-06,Customer IO,0,30
2023-11-06,Direct Mail,0,3
2023-11-06,Google,0,22
2023-11-06,Meta,2,57
2023-11-06,Organic,0,100
2023-11-06,Other,17,75
2023-11-07,Airbnb,0,0
2023-11-07,Customer IO,1,12
2023-11-07,Direct Mail,0,5
2023-11-07,Google,0,16
2023-11-07,Meta,1,43
2023-11-07,Organic,4,93
2023-11-07,Other,44,71
2023-11-08,Airbnb,0,0
2023-11-08,Customer IO,1,17
2023-11-08,Direct Mail,1,6
2023-11-08,Google,0,37
2023-11-08,Meta,0,49
2023-11-08,Organic,9,77
2023-11-08,Other,49,61
2023-11-09,Airbnb,0,0
2023-11-09,Customer IO,2,24
2023-11-09,Direct Mail,1,33
2023-11-09,Google,2,35
2023-11-09,Influencer,0,1
2023-11-09,Meta,0,56
2023-11-09,Organic,5,134
2023-11-09,Other,94,87
2023-11-10,Customer IO,3,37
2023-11-10,Direct Mail,0,8
2023-11-10,Google,1,31
2023-11-10,Influencer,1,0
2023-11-10,Meta,1,62
2023-11-10,Organic,14,132
2023-11-10,Other,90,107
2023-11-11,Airbnb,0,0
2023-11-11,Customer IO,2,30
2023-11-11,Direct Mail,1,14
2023-11-11,Google,2,23
2023-11-11,Meta,2,99
2023-11-11,Organic,8,147
2023-11-11,Other,72,132
2023-11-12,Customer IO,2,28
2023-11-12,Direct Mail,0,9
2023-11-12,Google,2,24
2023-11-12,Meta,1,41
2023-11-12,Organic,11,110
2023-11-12,Other,103,106
2023-11-13,Airbnb,0,0
2023-11-13,Customer IO,2,32
2023-11-13,Direct Mail,0,5
2023-11-13,Google,0,24
2023-11-13,Meta,1,39
2023-11-13,Organic,7,179
2023-11-13,Other,78,95
2023-11-13,Pinterest,0,2
2023-11-14,Airbnb,0,0
2023-11-14,Customer IO,1,18
2023-11-14,Direct Mail,1,8
2023-11-14,Google,2,15
2023-11-14,Meta,0,16
2023-11-14,Organic,4,84
2023-11-14,Other,69,66
2023-11-15,Airbnb,0,0
2023-11-15,Customer IO,1,53
2023-11-15,Direct Mail,0,14
2023-11-15,Google,1,15
2023-11-15,Meta,1,19
2023-11-15,Organic,10,111
2023-11-15,Other,55,81
2023-11-15,Vrbo,0,0
2023-11-16,Airbnb,0,0
2023-11-16,Customer IO,1,32
2023-11-16,Direct Mail,0,7
2023-11-16,Google,0,29
2023-11-16,Meta,0,25
2023-11-16,Organic,5,107
2023-11-16,Other,50,79
2023-11-16,Pinterest,0,1
2023-11-17,Customer IO,2,19
2023-11-17,Direct Mail,0,29
2023-11-17,Google,2,37
2023-11-17,Meta,0,30
2023-11-17,Organic,6,145
2023-11-17,Other,46,76
2023-11-17,Pinterest,0,2
2023-11-18,Customer IO,2,33
2023-11-18,Direct Mail,0,9
2023-11-18,Google,0,16
2023-11-18,Influencer,0,1
2023-11-18,Meta,1,97
2023-11-18,Organic,4,204
2023-11-18,Other,51,111
2023-11-18,Pinterest,1,3
2023-11-19,Airbnb,0,0
2023-11-19,Customer IO,0,19
2023-11-19,Direct Mail,2,42
2023-11-19,Google,2,38
2023-11-19,Meta,0,57
2023-11-19,Organic,7,187
2023-11-19,Other,75,106
2023-11-19,Pinterest,0,2
2023-11-20,Airbnb,0,0
2023-11-20,Customer IO,1,34
2023-11-20,Direct Mail,0,6
2023-11-20,Google,0,17
2023-11-20,Meta,1,62
2023-11-20,Organic,5,166
2023-11-20,Other,60,79
2023-11-20,Pinterest,0,1
2023-11-21,Airbnb,0,0
2023-11-21,Customer IO,0,32
2023-11-21,Direct Mail,0,16
2023-11-21,Google,2,13
2023-11-21,Meta,0,60
2023-11-21,Organic,8,192
2023-11-21,Other,37,112
2023-11-21,Pinterest,0,2
2023-11-22,Airbnb,0,0
2023-11-22,Customer IO,2,73
2023-11-22,Direct Mail,0,29
2023-11-22,Google,0,9
2023-11-22,Meta,0,57
2023-11-22,Organic,2,239
2023-11-22,Other,49,116
2023-11-22,Vrbo,0,0
2023-11-23,Airbnb,0,0
2023-11-23,Customer IO,1,29
2023-11-23,Direct Mail,0,10
2023-11-23,Google,0,4
2023-11-23,Influencer,1,0
2023-11-23,Meta,1,42
2023-11-23,Organic,7,153
2023-11-23,Other,49,122
2023-11-24,Airbnb,0,0
2023-11-24,Customer IO,1,29
2023-11-24,Direct Mail,0,4
2023-11-24,Google,2,19
2023-11-24,Meta,0,32
2023-11-24,Organic,10,137
2023-11-24,Other,59,141
2023-11-24,Pinterest,0,1
2023-11-25,Airbnb,0,0
2023-11-25,Customer IO,0,47
2023-11-25,Direct Mail,0,10
2023-11-25,Google,1,6
2023-11-25,Meta,0,39
2023-11-25,Organic,4,180
2023-11-25,Other,54,163
2023-11-26,Airbnb,0,0
2023-11-26,Customer IO,1,37
2023-11-26,Direct Mail,0,29
2023-11-26,Google,1,10
2023-11-26,Meta,0,36
2023-11-26,Organic,4,140
2023-11-26,Other,62,102
2023-11-26,Pinterest,0,1
2023-11-27,Airbnb,0,0
2023-11-27,Customer IO,2,26
2023-11-27,Direct Mail,0,3
2023-11-27,Google,2,18
2023-11-27,Meta,1,40
2023-11-27,Organic,4,137
2023-11-27,Other,58,76
2023-11-27,Vrbo,0,0
2023-11-28,Airbnb,0,0
2023-11-28,Criteo,0,1
2023-11-28,Customer IO,2,85
2023-11-28,Direct Mail,0,33
2023-11-28,Google,0,10
2023-11-28,Influencer,1,4
2023-11-28,Meta,1,20
2023-11-28,Organic,7,187
2023-11-28,Other,68,139
2023-11-28,Vrbo,0,0
2023-11-29,Airbnb,0,0
2023-11-29,Customer IO,2,22
2023-11-29,Direct Mail,0,8
2023-11-29,Google,2,15
2023-11-29,Influencer,1,0
2023-11-29,Meta,0,16
2023-11-29,Organic,4,136
2023-11-29,Other,64,80
2023-11-30,Airbnb,0,0
2023-11-30,Customer IO,1,60
2023-11-30,Direct Mail,0,18
2023-11-30,Google,2,14
2023-11-30,Meta,0,7
2023-11-30,Organic,4,223
2023-11-30,Other,55,134
2023-12-01,Airbnb,0,0
2023-12-01,Customer IO,0,34
2023-12-01,Direct Mail,1,19
2023-12-01,Google,0,20
2023-12-01,Meta,1,27
2023-12-01,Organic,5,136
2023-12-01,Other,36,101
2023-12-02,Airbnb,0,0
2023-12-02,Customer IO,2,32
2023-12-02,Direct Mail,0,11
2023-12-02,Google,0,6
2023-12-02,Influencer,0,1
2023-12-02,Meta,0,16
2023-12-02,Organic,3,126
2023-12-02,Other,38,81
2023-12-02,Vrbo,0,0
2023-12-03,Airbnb,0,0
2023-12-03,Customer IO,1,28
2023-12-03,Direct Mail,1,21
2023-12-03,Google,1,26
2023-12-03,Meta,0,23
2023-12-03,Organic,5,134
2023-12-03,Other,38,102
2023-12-03,Pinterest,0,1
2023-12-03,Vrbo,0,0
2023-12-04,Airbnb,0,0
2023-12-04,Customer IO,0,20
2023-12-04,Direct Mail,0,6
2023-12-04,Google,0,16
2023-12-04,Meta,1,13
2023-12-04,Organic,5,121
2023-12-04,Other,38,74
2023-12-04,Pinterest,0,1
2023-12-04,Vrbo,0,0
2023-12-05,Airbnb,0,0
2023-12-05,Customer IO,0,22
2023-12-05,Direct Mail,0,3
2023-12-05,Google,1,7
2023-12-05,Influencer,0,1
2023-12-05,Meta,0,12
2023-12-05,Organic,5,131
2023-12-05,Other,39,65
2023-12-05,Pinterest,0,1
2023-12-05,Vrbo,0,0
2023-12-06,Airbnb,0,0
2023-12-06,Benefithub,1,0
2023-12-06,Customer IO,1,30
2023-12-06,Direct Mail,1,8
2023-12-06,Google,2,9
2023-12-06,Influencer,0,1
2023-12-06,Meta,0,11
2023-12-06,Organic,2,84
2023-12-06,Other,36,70
2023-12-07,Airbnb,0,0
2023-12-07,Customer IO,1,30
2023-12-07,Direct Mail,1,6
2023-12-07,Google,0,8
2023-12-07,Influencer,0,1
2023-12-07,Meta,0,31
2023-12-07,Organic,5,79
2023-12-07,Other,37,62
2023-12-08,Airbnb,0,0
2023-12-08,Customer IO,2,15
2023-12-08,Direct Mail,0,9
2023-12-08,Google,0,2
2023-12-08,Influencer,0,2
2023-12-08,Meta,0,21
2023-12-08,Organic,3,119
2023-12-08,Other,42,59
2023-12-08,Vrbo,0,0
2023-12-09,Airbnb,0,0
2023-12-09,Customer IO,0,34
2023-12-09,Direct Mail,1,14
2023-12-09,Google,2,19
2023-12-09,Meta,0,24
2023-12-09,Organic,2,98
2023-12-09,Other,41,94
2023-12-10,Airbnb,0,0
2023-12-10,Customer IO,1,26
2023-12-10,Direct Mail,0,21
2023-12-10,Google,2,31
2023-12-10,Meta,0,6
2023-12-10,Organic,3,99
2023-12-10,Other,44,64
2023-12-10,Pinterest,0,1
2023-12-11,Airbnb,0,0
2023-12-11,Customer IO,2,29
2023-12-11,Direct Mail,0,4
2023-12-11,Google,1,23
2023-12-11,Meta,0,14
2023-12-11,Organic,4,72
2023-12-11,Other,45,80
2023-12-12,Airbnb,0,0
2023-12-12,Customer IO,3,27
2023-12-12,Direct Mail,0,3
2023-12-12,Google,1,15
2023-12-12,Meta,0,8
2023-12-12,Organic,3,135
2023-12-12,Other,64,76
2023-12-12,Pinterest,0,1
2023-12-13,Airbnb,0,0
2023-12-13,Customer IO,2,59
2023-12-13,Direct Mail,0,45
2023-12-13,Google,0,17
2023-12-13,Influencer,0,1
2023-12-13,Meta,0,35
2023-12-13,Organic,5,192
2023-12-13,Other,68,123
2023-12-14,Airbnb,0,0
2023-12-14,Customer IO,2,15
2023-12-14,Direct Mail,0,4
2023-12-14,Google,1,17
2023-12-14,Meta,0,7
2023-12-14,Organic,3,89
2023-12-14,Other,53,72
2023-12-14,Vrbo,0,0
2023-12-15,Airbnb,0,0
2023-12-15,Customer IO,1,28
2023-12-15,Direct Mail,0,1
2023-12-15,Google,0,15
2023-12-15,Meta,0,16
2023-12-15,Organic,1,153
2023-12-15,Other,50,88
2023-12-15,Pinterest,0,4
2023-12-16,Customer IO,2,26
2023-12-16,Direct Mail,1,15
2023-12-16,Google,0,33
2023-12-16,Influencer,0,1
2023-12-16,Meta,0,11
2023-12-16,Organic,4,147
2023-12-16,Other,64,154
2023-12-16,Pinterest,0,2
2023-12-17,Airbnb,0,0
2023-12-17,Customer IO,3,31
2023-12-17,Direct Mail,0,10
2023-12-17,Google,0,28
2023-12-17,Influencer,0,1
2023-12-17,Meta,0,10
2023-12-17,Organic,2,142
2023-12-17,Other,39,81
2023-12-17,Pinterest,1,1
2023-12-18,Airbnb,0,0
2023-12-18,Customer IO,1,27
2023-12-18,Direct Mail,0,1
2023-12-18,Google,1,17
2023-12-18,Meta,0,15
2023-12-18,Organic,7,76
2023-12-18,Other,52,50
2023-12-18,Pinterest,0,5
2023-12-19,Customer IO,0,31
2023-12-19,Direct Mail,0,10
2023-12-19,Google,0,17
2023-12-19,Meta,0,1
2023-12-19,Organic,7,122
2023-12-19,Other,64,78
2023-12-20,Airbnb,0,0
2023-12-20,Customer IO,3,20
2023-12-20,Direct Mail,0,2
2023-12-20,Google,2,22
2023-12-20,Manual,0,1
2023-12-20,Meta,0,2
2023-12-20,Organic,5,77
2023-12-20,Other,48,51
2023-12-20,Pinterest,0,2
2023-12-21,Airbnb,0,0
2023-12-21,Customer IO,2,33
2023-12-21,Direct Mail,3,35
2023-12-21,Google,1,26
2023-12-21,Influencer,0,1
2023-12-21,Meta,0,10
2023-12-21,Organic,4,160
2023-12-21,Other,62,101
2023-12-22,Airbnb,0,0
2023-12-22,Customer IO,0,31
2023-12-22,Direct Mail,0,17
2023-12-22,Google,1,15
2023-12-22,Meta,0,9
2023-12-22,Organic,3,156
2023-12-22,Other,61,115
2023-12-23,Airbnb,0,0
2023-12-23,Customer IO,4,30
2023-12-23,Direct Mail,0,33
2023-12-23,Google,0,41
2023-12-23,Meta,1,49
2023-12-23,Organic,2,158
2023-12-23,Other,60,138
2023-12-23,Pinterest,0,1
2023-12-24,Airbnb,0,0
2023-12-24,Customer IO,1,18
2023-12-24,Direct Mail,0,14
2023-12-24,Google,0,31
2023-12-24,Meta,0,47
2023-12-24,Organic,10,189
2023-12-24,Other,102,128
2023-12-24,Pinterest,0,1
2023-12-25,Airbnb,0,0
2023-12-25,Customer IO,1,18
2023-12-25,Direct Mail,0,3
2023-12-25,Google,0,28
2023-12-25,Meta,1,16
2023-12-25,Organic,4,110
2023-12-25,Other,81,125
2023-12-26,Airbnb,0,0
2023-12-26,Customer IO,3,55
2023-12-26,Direct Mail,0,23
2023-12-26,Google,1,23
2023-12-26,Meta,0,21
2023-12-26,Organic,4,188
2023-12-26,Other,83,142
2023-12-27,Airbnb,0,0
2023-12-27,Customer IO,4,59
2023-12-27,Direct Mail,0,40
2023-12-27,Google,0,37
2023-12-27,Influencer,2,4
2023-12-27,Manual,0,0
2023-12-27,Meta,0,21
2023-12-27,Organic,7,157
2023-12-27,Other,84,146
2023-12-27,Vrbo,0,0
2023-12-28,Customer IO,3,31
2023-12-28,Direct Mail,0,17
2023-12-28,Google,1,18
2023-12-28,Meta,0,16
2023-12-28,Organic,4,155
2023-12-28,Other,69,111
2023-12-28,Vrbo,0,0
2023-12-29,Airbnb,0,0
2023-12-29,Customer IO,3,91
2023-12-29,Direct Mail,0,37
2023-12-29,Google,1,31
2023-12-29,Influencer,0,4
2023-12-29,Meta,0,26
2023-12-29,Organic,6,206
2023-12-29,Other,102,178
2023-12-29,Pinterest,0,3
2023-12-29,Vrbo,0,0
2023-12-30,Airbnb,0,0
2023-12-30,Criteo,0,1
2023-12-30,Customer IO,1,96
2023-12-30,Direct Mail,0,31
2023-12-30,Google,1,42
2023-12-30,Influencer,0,1
2023-12-30,Meta,0,27
2023-12-30,Organic,4,231
2023-12-30,Other,86,129
2023-12-30,Pinterest,1,2
2023-12-31,Airbnb,0,0
2023-12-31,Criteo,0,1
2023-12-31,Customer IO,4,67
2023-12-31,Direct Mail,0,22
2023-12-31,Google,2,39
2023-12-31,Influencer,0,1
2023-12-31,Meta,2,25
2023-12-31,Organic,10,196
2023-12-31,Other,92,160
2023-12-31,Pinterest,0,2
2024-01-01,Airbnb,0,0
2024-01-01,Customer IO,3,46
2024-01-01,Direct Mail,0,13
2024-01-01,Google,1,36
2024-01-01,Meta,0,28
2024-01-01,Organic,7,149
2024-01-01,Other,72,119
2024-01-01,Vrbo,0,0
2024-01-02,Airbnb,0,0
2024-01-02,Customer IO,1,24
2024-01-02,Direct Mail,0,17
2024-01-02,Google,1,34
2024-01-02,Influencer,0,1
2024-01-02,Meta,0,23
2024-01-02,Organic,4,155
2024-01-02,Other,80,122
2024-01-02,Pinterest,0,2
2024-01-02,Vrbo,0,0
2024-01-03,Airbnb,0,0
2024-01-03,Customer IO,0,47
2024-01-03,Direct Mail,0,36
2024-01-03,Google,1,42
2024-01-03,Influencer,6,30
2024-01-03,Meta,1,24
2024-01-03,Organic,8,260
2024-01-03,Other,160,151
2024-01-03,Vrbo,0,0
2024-01-04,Airbnb,0,0
2024-01-04,Customer IO,4,42
2024-01-04,Direct Mail,0,45
2024-01-04,Google,1,27
2024-01-04,Influencer,2,35
2024-01-04,Meta,0,25
2024-01-04,Organic,6,343
2024-01-04,Other,148,172
2024-01-04,Pinterest,0,1
2024-01-05,Airbnb,0,0
2024-01-05,Criteo,0,3
2024-01-05,Customer IO,2,30
2024-01-05,Direct Mail,0,6
2024-01-05,Google,1,28
2024-01-05,Influencer,0,18
2024-01-05,Meta,0,14
2024-01-05,Organic,6,219
2024-01-05,Other,76,108
2024-01-05,Pinterest,0,1
2024-01-05,Vrbo,0,0
2024-01-06,Customer IO,1,31
2024-01-06,Direct Mail,0,12
2024-01-06,Google,0,27
2024-01-06,Influencer,1,4
2024-01-06,Meta,0,11
2024-01-06,Organic,2,168
2024-01-06,Other,75,133
2024-01-06,Pinterest,0,3
2024-01-06,Vrbo,0,0
2024-01-07,Airbnb,0,0
2024-01-07,Customer IO,2,50
2024-01-07,Direct Mail,0,9
2024-01-07,Google,0,42
2024-01-07,Influencer,0,1
2024-01-07,Meta,0,6
2024-01-07,Organic,5,167
2024-01-07,Other,68,123
2024-01-07,Pinterest,0,1
2024-01-08,Airbnb,0,0
2024-01-08,Customer IO,3,46
2024-01-08,Direct Mail,0,11
2024-01-08,Google,1,24
2024-01-08,Influencer,1,0
2024-01-08,Meta,0,15
2024-01-08,Organic,2,158
2024-01-08,Other,70,73
2024-01-08,Vrbo,0,0
2024-01-09,Customer IO,2,51
2024-01-09,Direct Mail,0,18
2024-01-09,Google,1,21
2024-01-09,Influencer,0,14
2024-01-09,Meta,1,27
2024-01-09,Organic,5,227
2024-01-09,Other,70,108
2024-01-09,Pinterest,0,2
2024-01-09,Vrbo,0,0
2024-01-10,Airbnb,0,0
2024-01-10,Customer IO,2,66
2024-01-10,Direct Mail,0,7
2024-01-10,Google,1,18
2024-01-10,Influencer,0,4
2024-01-10,Meta,0,13
2024-01-10,Organic,4,197
2024-01-10,Other,62,118
2024-01-10,Vrbo,0,0
2024-01-11,Airbnb,0,0
2024-01-11,Customer IO,1,52
2024-01-11,Direct Mail,0,5
2024-01-11,Google,0,25
2024-01-11,Influencer,0,1
2024-01-11,Meta,0,20
2024-01-11,Organic,4,302
2024-01-11,Other,90,111
2024-01-11,Pinterest,0,1
2024-01-11,Vrbo,0,0
2024-01-12,Airbnb,0,0
2024-01-12,Customer IO,1,39
2024-01-12,Direct Mail,0,2
2024-01-12,Google,0,28
2024-01-12,Meta,0,18
2024-01-12,Organic,8,215
2024-01-12,Other,63,88
2024-01-13,Airbnb,0,0
2024-01-13,Criteo,1,1
2024-01-13,Customer IO,5,112
2024-01-13,Direct Mail,0,14
2024-01-13,Google,1,40
2024-01-13,Influencer,0,1
2024-01-13,Meta,1,32
2024-01-13,Organic,6,240
2024-01-13,Other,97,194
2024-01-13,Vrbo,0,0
2024-01-14,Airbnb,0,0
2024-01-14,Customer IO,3,78
2024-01-14,Direct Mail,0,6
2024-01-14,Google,0,35
2024-01-14,Influencer,0,2
2024-01-14,Meta,0,17
2024-01-14,Organic,7,217
2024-01-14,Other,93,168
2024-01-14,Pinterest,0,1
2024-01-14,Vrbo,0,0
2024-01-15,Airbnb,0,0
2024-01-15,Customer IO,1,29
2024-01-15,Direct Mail,0,14
2024-01-15,Google,0,48
2024-01-15,Influencer,0,2
2024-01-15,Meta,0,8
2024-01-15,Organic,10,163
2024-01-15,Other,60,86
2024-01-15,Pinterest,0,2
2024-01-16,Airbnb,0,0
2024-01-16,Criteo,0,1
2024-01-16,Customer IO,1,41
2024-01-16,Direct Mail,0,1
2024-01-16,Google,1,16
2024-01-16,Meta,0,9
2024-01-16,Organic,7,146
2024-01-16,Other,52,65
2024-01-17,Airbnb,0,0
2024-01-17,Customer IO,0,56
2024-01-17,Direct Mail,0,1
2024-01-17,Google,4,15
2024-01-17,Influencer,0,3
2024-01-17,Meta,0,10
2024-01-17,Organic,2,166
2024-01-17,Other,58,56
2024-01-18,Airbnb,0,0
2024-01-18,Customer IO,0,58
2024-01-18,Direct Mail,0,9
2024-01-18,Google,1,42
2024-01-18,Meta,0,14
2024-01-18,Organic,7,194
2024-01-18,Other,77,83
2024-01-18,Vrbo,0,0
2024-01-19,Airbnb,0,0
2024-01-19,Customer IO,7,165
2024-01-19,Direct Mail,0,13
2024-01-19,Google,2,37
2024-01-19,Meta,0,43
2024-01-19,Organic,4,240
2024-01-19,Other,111,208
2024-01-19,Pinterest,0,1
2024-01-19,Vrbo,0,0
2024-01-20,Airbnb,0,0
2024-01-20,Customer IO,4,77
2024-01-20,Direct Mail,0,7
2024-01-20,Google,0,32
2024-01-20,Influencer,1,0
2024-01-20,Meta,2,39
2024-01-20,Organic,3,156
2024-01-20,Other,121,135
2024-01-20,Vrbo,0,0
2024-01-21,Airbnb,0,0
2024-01-21,Customer IO,6,98
2024-01-21,Direct Mail,0,6
2024-01-21,Google,3,45
2024-01-21,Influencer,3,11
2024-01-21,Meta,0,30
2024-01-21,Organic,12,159
2024-01-21,Other,98,136
2024-01-21,Vrbo,0,0
2024-01-22,Airbnb,0,0
2024-01-22,Criteo,1,5
2024-01-22,Customer IO,2,42
2024-01-22,Direct Mail,0,6
2024-01-22,Google,1,39
2024-01-22,Influencer,0,1
2024-01-22,Meta,0,17
2024-01-22,Organic,3,182
2024-01-22,Other,59,74
2024-01-23,Airbnb,0,0
2024-01-23,Customer IO,0,45
2024-01-23,Direct Mail,0,7
2024-01-23,Google,1,25
2024-01-23,Influencer,0,2
2024-01-23,Meta,1,20
2024-01-23,Organic,7,136
2024-01-23,Other,66,76
2024-01-23,Pinterest,1,1
2024-01-23,Vrbo,0,0
2024-01-24,Airbnb,0,0
2024-01-24,Customer IO,2,85
2024-01-24,Direct Mail,1,3
2024-01-24,Google,1,41
2024-01-24,Influencer,2,27
2024-01-24,Meta,1,57
2024-01-24,Organic,7,195
2024-01-24,Other,145,121
2024-01-24,Pinterest,1,0
2024-01-25,Airbnb,0,0
2024-01-25,Customer IO,5,81
2024-01-25,Direct Mail,0,6
2024-01-25,Google,2,45
2024-01-25,Influencer,1,3
2024-01-25,Meta,2,29
2024-01-25,Organic,9,172
2024-01-25,Other,121,111
2024-01-25,Pinterest,0,4
2024-01-26,Airbnb,0,0
2024-01-26,Customer IO,3,54
2024-01-26,Direct Mail,0,6
2024-01-26,Google,0,54
2024-01-26,Influencer,1,11
2024-01-26,Meta,0,38
2024-01-26,Organic,6,159
2024-01-26,Other,115,153
2024-01-26,Pinterest,0,5
2024-01-27,Airbnb,0,0
2024-01-27,Customer IO,3,122
2024-01-27,Direct Mail,0,7
2024-01-27,Google,1,61
2024-01-27,Influencer,1,6
2024-01-27,Meta,1,64
2024-01-27,Organic,9,297
2024-01-27,Other,144,197
2024-01-27,Pinterest,0,2
2024-01-28,Airbnb,0,0
2024-01-28,Criteo,0,3
2024-01-28,Customer IO,3,57
2024-01-28,Direct Mail,2,7
2024-01-28,Google,1,64
2024-01-28,Influencer,5,10
2024-01-28,Meta,0,64
2024-01-28,Organic,13,309
2024-01-28,Other,195,189
2024-01-28,Pinterest,0,2
2024-01-28,Vrbo,0,0
2024-01-29,Airbnb,0,0
2024-01-29,Customer IO,1,70
2024-01-29,Direct Mail,1,10
2024-01-29,Google,1,38
2024-01-29,Influencer,4,22
2024-01-29,Meta,1,43
2024-01-29,Organic,20,390
2024-01-29,Other,196,187
2024-01-29,Pinterest,0,2
2024-01-30,Airbnb,0,0
2024-01-30,Customer IO,3,61
2024-01-30,Direct Mail,0,3
2024-01-30,Google,1,39
2024-01-30,Influencer,3,9
2024-01-30,Meta,0,32
2024-01-30,Organic,8,218
2024-01-30,Other,117,129
2024-01-30,Pinterest,0,1
2024-01-30,Vrbo,0,0
2024-01-31,Airbnb,0,0
2024-01-31,Customer IO,2,99
2024-01-31,Direct Mail,0,20
2024-01-31,Google,1,35
2024-01-31,Influencer,1,4
2024-01-31,Meta,0,45
2024-01-31,Organic,5,254
2024-01-31,Other,100,129
2024-01-31,Pinterest,0,5
2024-02-01,Airbnb,0,0
2024-02-01,Customer IO,2,63
2024-02-01,Direct Mail,0,10
2024-02-01,Google,0,15
2024-02-01,Influencer,1,2
2024-02-01,Meta,1,3
2024-02-01,Organic,3,83
2024-02-01,Other,96,169
2024-02-01,Vrbo,0,0
2024-02-02,Airbnb,0,0
2024-02-02,Customer IO,5,22
2024-02-02,Direct Mail,0,3
2024-02-02,Google,1,3
2024-02-02,Influencer,1,2
2024-02-02,Organic,7,87
2024-02-02,Other,90,104
2024-02-03,Airbnb,0,0
2024-02-03,Customer IO,1,22
2024-02-03,Direct Mail,1,8
2024-02-03,Google,0,6
2024-02-03,Influencer,0,3
2024-02-03,Meta,0,1
2024-02-03,Organic,1,70
2024-02-03,Other,82,115
2024-02-04,Airbnb,0,0
2024-02-04,Customer IO,4,37
2024-02-04,Direct Mail,0,1
2024-02-04,Google,3,31
2024-02-04,Influencer,1,5
2024-02-04,Meta,1,21
2024-02-04,Organic,7,178
2024-02-04,Other,74,108
2024-02-04,Pinterest,0,5
2024-02-05,Airbnb,0,0
2024-02-05,Customer IO,2,63
2024-02-05,Direct Mail,0,4
2024-02-05,Google,1,10
2024-02-05,Influencer,0,8
2024-02-05,Meta,1,17
2024-02-05,Organic,2,137
2024-02-05,Other,60,98
2024-02-05,Pinterest,0,2
2024-02-05,Vrbo,0,0
2024-02-06,Customer IO,2,34
2024-02-06,Direct Mail,0,4
2024-02-06,Google,3,23
2024-02-06,Influencer,0,11
2024-02-06,Meta,0,25
2024-02-06,Organic,4,168
2024-02-06,Other,93,117
2024-02-06,Pinterest,0,6
2024-02-07,Airbnb,0,0
2024-02-07,Customer IO,3,23
2024-02-07,Direct Mail,0,2
2024-02-07,Google,1,16
2024-02-07,Influencer,12,56
2024-02-07,Meta,2,67
2024-02-07,Organic,15,223
2024-02-07,Other,247,115
2024-02-07,Pinterest,0,1
2024-02-07,Vrbo,0,0
2024-02-08,Airbnb,0,0
2024-02-08,Customer IO,1,34
2024-02-08,Direct Mail,0,1
2024-02-08,Google,2,15
2024-02-08,Influencer,14,55
2024-02-08,Meta,3,75
2024-02-08,Organic,8,219
2024-02-08,Other,255,152
2024-02-08,Pinterest,0,1
2024-02-09,Airbnb,0,0
2024-02-09,Customer IO,0,54
2024-02-09,Direct Mail,0,1
2024-02-09,Google,0,21
2024-02-09,Influencer,1,7
2024-02-09,Meta,1,46
2024-02-09,Organic,10,188
2024-02-09,Other,134,131
2024-02-09,Pinterest,0,5
2024-02-10,Airbnb,0,0
2024-02-10,Customer IO,2,67
2024-02-10,Direct Mail,0,3
2024-02-10,Google,0,30
2024-02-10,Influencer,1,2
2024-02-10,Meta,0,44
2024-02-10,Organic,5,272
2024-02-10,Other,108,123
2024-02-10,Pinterest,0,3
2024-02-10,Vrbo,0,0
2024-02-11,Airbnb,0,0
2024-02-11,Customer IO,3,36
2024-02-11,Direct Mail,0,27
2024-02-11,Google,0,20
2024-02-11,Meta,0,16
2024-02-11,Organic,9,181
2024-02-11,Other,75,98
2024-02-12,Airbnb,0,0
2024-02-12,Customer IO,5,37
2024-02-12,Direct Mail,0,1
2024-02-12,Google,2,15
2024-02-12,Meta,0,8
2024-02-12,Organic,11,163
2024-02-12,Other,58,73
2024-02-12,Pinterest,0,7
2024-02-13,Airbnb,0,0
2024-02-13,Customer IO,1,18
2024-02-13,Direct Mail,0,2
2024-02-13,Google,0,12
2024-02-13,Influencer,1,0
2024-02-13,Meta,0,8
2024-02-13,Organic,7,155
2024-02-13,Other,61,82
2024-02-13,Pinterest,0,3
2024-02-13,Vrbo,0,0
2024-02-14,Airbnb,0,0
2024-02-14,Customer IO,0,21
2024-02-14,Direct Mail,0,5
2024-02-14,Google,3,25
2024-02-14,Meta,1,5
2024-02-14,Organic,2,98
2024-02-14,Other,50,53
2024-02-14,Pinterest,0,2
2024-02-14,Vrbo,0,0
2024-02-15,Airbnb,0,0
2024-02-15,Customer IO,2,69
2024-02-15,Direct Mail,1,2
2024-02-15,Google,0,27
2024-02-15,Influencer,1,1
2024-02-15,Meta,0,13
2024-02-15,Organic,3,143
2024-02-15,Other,48,82
2024-02-15,Pinterest,0,2
2024-02-16,Airbnb,0,0
2024-02-16,Customer IO,1,52
2024-02-16,Direct Mail,0,8
2024-02-16,Google,2,21
2024-02-16,Meta,0,15
2024-02-16,Organic,5,134
2024-02-16,Other,55,122
2024-02-16,Pinterest,0,3
2024-02-17,Airbnb,0,0
2024-02-17,Customer IO,3,99
2024-02-17,Direct Mail,0,3
2024-02-17,Google,2,34
2024-02-17,Influencer,0,1
2024-02-17,Meta,1,25
2024-02-17,Organic,4,129
2024-02-17,Other,60,123
2024-02-18,Airbnb,0,0
2024-02-18,Customer IO,2,56
2024-02-18,Direct Mail,0,2
2024-02-18,Google,0,12
2024-02-18,Influencer,0,1
2024-02-18,Meta,0,14
2024-02-18,Organic,2,167
2024-02-18,Other,42,85
2024-02-18,Pinterest,0,1
2024-02-18,Vrbo,0,0
2024-02-19,Airbnb,0,0
2024-02-19,Customer IO,0,48
2024-02-19,Google,0,35
2024-02-19,Influencer,0,1
2024-02-19,Meta,1,10
2024-02-19,Organic,8,190
2024-02-19,Other,71,52
2024-02-20,Airbnb,0,0
2024-02-20,Customer IO,2,18
2024-02-20,Google,0,17
2024-02-20,Influencer,2,2
2024-02-20,Meta,0,20
2024-02-20,Organic,4,115
2024-02-20,Other,71,98
2024-02-20,Vrbo,0,0
2024-02-21,Airbnb,0,0
2024-02-21,Customer IO,1,29
2024-02-21,Direct Mail,0,10
2024-02-21,Google,1,14
2024-02-21,Meta,0,7
2024-02-21,Organic,7,135
2024-02-21,Other,69,85
2024-02-21,Pinterest,0,1
2024-02-22,Airbnb,0,0
2024-02-22,Criteo,0,1
2024-02-22,Customer IO,3,30
2024-02-22,Direct Mail,0,9
2024-02-22,Google,3,14
2024-02-22,Influencer,1,0
2024-02-22,Meta,0,19
2024-02-22,Organic,5,127
2024-02-22,Other,57,78
2024-02-23,Airbnb,0,0
2024-02-23,Customer IO,0,15
2024-02-23,Google,0,6
2024-02-23,Meta,0,14
2024-02-23,Organic,3,134
2024-02-23,Other,49,65
2024-02-23,Pinterest,0,1
2024-02-24,Airbnb,0,0
2024-02-24,Customer IO,2,106
2024-02-24,Direct Mail,0,7
2024-02-24,Google,3,12
2024-02-24,Meta,0,14
2024-02-24,Organic,6,216
2024-02-24,Other,60,151
2024-02-24,Pinterest,0,2
2024-02-25,Criteo,0,2
2024-02-25,Customer IO,2,86
2024-02-25,Direct Mail,1,3
2024-02-25,Google,1,22
2024-02-25,Meta,0,24
2024-02-25,Organic,9,248
2024-02-25,Other,56,146
2024-02-25,Pinterest,0,1
2024-02-26,Airbnb,0,0
2024-02-26,Customer IO,3,58
2024-02-26,Direct Mail,0,5
2024-02-26,Google,0,13
2024-02-26,Influencer,1,1
2024-02-26,Meta,5,76
2024-02-26,Organic,9,200
2024-02-26,Other,134,121
2024-02-26,Pinterest,0,2
2024-02-27,Airbnb,0,0
2024-02-27,Customer IO,0,54
2024-02-27,Direct Mail,0,4
2024-02-27,Google,1,22
2024-02-27,Influencer,3,4
2024-02-27,Meta,8,113
2024-02-27,Organic,7,217
2024-02-27,Other,174,166
2024-02-27,Pinterest,0,1
2024-02-28,Airbnb,0,0
2024-02-28,Customer IO,2,128
2024-02-28,Direct Mail,0,10
2024-02-28,Google,0,19
2024-02-28,Meta,0,7
2024-02-28,Organic,2,222
2024-02-28,Other,59,123
2024-02-28,Pinterest,0,1
2024-02-28,Vrbo,0,0
2024-02-29,Airbnb,0,0
2024-02-29,Customer IO,2,87
2024-02-29,Direct Mail,0,10
2024-02-29,Google,0,13
2024-02-29,Influencer,1,2
2024-02-29,Meta,0,38
2024-02-29,Organic,3,309
2024-02-29,Other,66,129
2024-02-29,Pinterest,1,0
2024-02-29,Vrbo,0,0
2024-03-01,Airbnb,0,0
2024-03-01,Criteo,0,2
2024-03-01,Customer IO,1,81
2024-03-01,Direct Mail,0,7
2024-03-01,Google,1,21
2024-03-01,Influencer,1,1
2024-03-01,Meta,1,20
2024-03-01,Organic,8,219
2024-03-01,Other,141,165
2024-03-02,Airbnb,0,0
2024-03-02,Customer IO,2,137
2024-03-02,Direct Mail,0,25
2024-03-02,Google,0,23
2024-03-02,Influencer,1,0
2024-03-02,Meta,0,21
2024-03-02,Organic,11,302
2024-03-02,Other,180,173
2024-03-02,Pinterest,1,1
2024-03-02,Vrbo,0,0
2024-03-03,Airbnb,0,0
2024-03-03,Customer IO,1,81
2024-03-03,Direct Mail,0,3
2024-03-03,Google,3,18
2024-03-03,Influencer,2,4
2024-03-03,Meta,1,19
2024-03-03,Organic,23,400
2024-03-03,Other,342,205
2024-03-04,Airbnb,0,0
2024-03-04,Customer IO,4,59
2024-03-04,Direct Mail,0,10
2024-03-04,Google,2,15
2024-03-04,Influencer,0,5
2024-03-04,Meta,0,25
2024-03-04,Organic,15,385
2024-03-04,Other,243,184
2024-03-04,Vrbo,0,0
2024-03-05,Airbnb,0,0
2024-03-05,Customer IO,1,56
2024-03-05,Direct Mail,0,6
2024-03-05,Google,0,16
2024-03-05,Influencer,1,0
2024-03-05,Meta,0,57
2024-03-05,Organic,10,239
2024-03-05,Other,126,139
2024-03-05,Pinterest,0,1
2024-03-05,Vrbo,0,0
2024-03-06,Airbnb,0,0
2024-03-06,Customer IO,2,64
2024-03-06,Direct Mail,1,5
2024-03-06,Google,1,29
2024-03-06,Influencer,0,1
2024-03-06,Meta,0,53
2024-03-06,Organic,7,225
2024-03-06,Other,80,134
2024-03-06,Pinterest,0,2
2024-03-06,Vrbo,0,0
2024-03-07,Airbnb,0,0
2024-03-07,Customer IO,4,95
2024-03-07,Direct Mail,0,13
2024-03-07,Google,1,23
2024-03-07,Influencer,0,1
2024-03-07,Meta,2,91
2024-03-07,Organic,5,216
2024-03-07,Other,111,100
2024-03-07,Pinterest,0,2
2024-03-07,Vrbo,0,0
2024-03-08,Airbnb,0,0
2024-03-08,Customer IO,2,66
2024-03-08,Direct Mail,0,4
2024-03-08,Google,0,13
2024-03-08,Meta,4,108
2024-03-08,Organic,9,206
2024-03-08,Other,81,88
2024-03-08,Pinterest,0,2
2024-03-08,Vrbo,0,0
2024-03-09,Airbnb,0,0
2024-03-09,Criteo,0,1
2024-03-09,Customer IO,4,81
2024-03-09,Direct Mail,0,4
2024-03-09,Google,1,46
2024-03-09,Influencer,2,6
2024-03-09,Meta,0,204
2024-03-09,Organic,2,260
2024-03-09,Other,79,164
2024-03-09,Pinterest,0,2
2024-03-10,Airbnb,0,0
2024-03-10,Customer IO,1,70
2024-03-10,Direct Mail,0,10
2024-03-10,Google,1,26
2024-03-10,Influencer,1,2
2024-03-10,Meta,1,206
2024-03-10,Organic,5,223
2024-03-10,Other,77,127
2024-03-10,Pinterest,0,2
2024-03-11,Airbnb,0,0
2024-03-11,Customer IO,2,24
2024-03-11,Direct Mail,0,3
2024-03-11,Google,0,20
2024-03-11,Influencer,1,1
2024-03-11,Meta,1,169
2024-03-11,Organic,6,166
2024-03-11,Other,75,111
2024-03-11,Vrbo,0,0
2024-03-12,Airbnb,0,0
2024-03-12,Customer IO,5,84
2024-03-12,Direct Mail,0,9
2024-03-12,Google,0,28
2024-03-12,Meta,0,162
2024-03-12,Organic,5,208
2024-03-12,Other,51,98
2024-03-12,Pinterest,0,2
2024-03-13,Airbnb,0,0
2024-03-13,Criteo,1,0
2024-03-13,Customer IO,0,44
2024-03-13,Direct Mail,0,5
2024-03-13,Google,1,33
2024-03-13,Influencer,0,7
2024-03-13,Meta,1,265
2024-03-13,Organic,5,167
2024-03-13,Other,60,67
2024-03-13,Pinterest,0,2
2024-03-14,Airbnb,0,0
2024-03-14,Customer IO,0,22
2024-03-14,Direct Mail,0,6
2024-03-14,Google,0,18
2024-03-14,Meta,2,309
2024-03-14,Organic,3,168
2024-03-14,Other,65,61
2024-03-14,Vrbo,0,0
2024-03-15,Airbnb,0,0
2024-03-15,Customer IO,2,35
2024-03-15,Direct Mail,0,8
2024-03-15,Google,1,27
2024-03-15,Influencer,0,1
2024-03-15,Meta,1,299
2024-03-15,Microsoft,1,12
2024-03-15,Organic,3,163
2024-03-15,Other,71,86
2024-03-15,Pinterest,0,4
2024-03-16,Airbnb,0,0
2024-03-16,Customer IO,1,76
2024-03-16,Direct Mail,0,6
2024-03-16,Google,2,51
2024-03-16,Influencer,0,4
2024-03-16,Meta,0,328
2024-03-16,Organic,7,174
2024-03-16,Other,72,119
2024-03-16,Pinterest,0,6
2024-03-16,Vrbo,0,0
2024-03-17,Airbnb,0,0
2024-03-17,Criteo,0,4
2024-03-17,Customer IO,1,104
2024-03-17,Direct Mail,0,7
2024-03-17,Google,0,52
2024-03-17,Influencer,0,1
2024-03-17,Meta,2,328
2024-03-17,Organic,4,178
2024-03-17,Other,77,130
2024-03-17,Pinterest,0,14
2024-03-17,Vrbo,0,0
2024-03-18,Customer IO,2,69
2024-03-18,Direct Mail,0,17
2024-03-18,Google,0,25
2024-03-18,Meta,0,331
2024-03-18,Organic,6,236
2024-03-18,Other,75,150
2024-03-18,Pinterest,0,6
2024-03-18,Vrbo,0,0
2024-03-19,Airbnb,0,0
2024-03-19,Customer IO,2,119
2024-03-19,Direct Mail,0,6
2024-03-19,Google,2,60
2024-03-19,Influencer,0,1
2024-03-19,Meta,1,319
2024-03-19,Microsoft,0,1
2024-03-19,Organic,4,279
2024-03-19,Other,70,97
2024-03-19,Pinterest,0,4
2024-03-19,Vrbo,0,0
2024-03-20,Airbnb,0,0
2024-03-20,Customer IO,1,90
2024-03-20,Direct Mail,0,9
2024-03-20,Google,0,31
2024-03-20,Influencer,0,1
2024-03-20,Meta,1,321
2024-03-20,Organic,7,193
2024-03-20,Other,63,99
2024-03-20,Pinterest,0,1
2024-03-21,Airbnb,0,0
2024-03-21,Customer IO,1,70
2024-03-21,Direct Mail,0,3
2024-03-21,Google,1,41
2024-03-21,Influencer,0,2
2024-03-21,Meta,0,306
2024-03-21,Organic,5,204
2024-03-21,Other,63,98
2024-03-21,Pinterest,1,7
2024-03-22,Airbnb,0,0
2024-03-22,Customer IO,2,84
2024-03-22,Direct Mail,0,2
2024-03-22,Google,0,31
2024-03-22,Influencer,0,3
2024-03-22,Meta,1,287
2024-03-22,Organic,6,188
2024-03-22,Other,58,109
2024-03-22,Pinterest,0,5
2024-03-23,Airbnb,0,0
2024-03-23,Customer IO,3,92
2024-03-23,Direct Mail,0,4
2024-03-23,Google,3,44
2024-03-23,Influencer,0,1
2024-03-23,Meta,1,334
2024-03-23,Organic,8,191
2024-03-23,Other,74,119
2024-03-23,Pinterest,0,6
2024-03-23,Vrbo,0,0
2024-03-24,Airbnb,0,0
2024-03-24,Customer IO,2,59
2024-03-24,Direct Mail,0,5
2024-03-24,Google,1,50
2024-03-24,Meta,0,330
2024-03-24,Organic,7,185
2024-03-24,Other,93,144
2024-03-24,Pinterest,0,5
2024-03-25,Airbnb,0,0
2024-03-25,Customer IO,1,32
2024-03-25,Google,1,30
2024-03-25,Influencer,1,0
2024-03-25,Meta,0,243
2024-03-25,Organic,3,214
2024-03-25,Other,71,78
2024-03-25,Pinterest,0,6
2024-03-25,Vrbo,0,0
2024-03-26,Airbnb,0,0
2024-03-26,Customer IO,1,26
2024-03-26,Direct Mail,0,2
2024-03-26,Google,1,45
2024-03-26,Meta,0,366
2024-03-26,Microsoft,0,3
2024-03-26,Organic,6,204
2024-03-26,Other,95,109
2024-03-26,Pinterest,0,6
2024-03-26,Vrbo,0,0
2024-03-27,Airbnb,0,0
2024-03-27,Customer IO,5,75
2024-03-27,Direct Mail,0,1
2024-03-27,Google,1,34
2024-03-27,Influencer,1,2
2024-03-27,Meta,0,235
2024-03-27,Microsoft,0,2
2024-03-27,Organic,11,239
2024-03-27,Other,102,101
2024-03-27,Pinterest,1,9
2024-03-27,Vrbo,0,0
2024-03-28,Airbnb,0,0
2024-03-28,Customer IO,3,68
2024-03-28,Direct Mail,1,11
2024-03-28,Google,0,40
2024-03-28,Meta,0,167
2024-03-28,Organic,4,202
2024-03-28,Other,84,88
2024-03-28,Pinterest,0,6
2024-03-28,Vrbo,0,0
2024-03-29,Airbnb,0,0
2024-03-29,Customer IO,0,35
2024-03-29,Direct Mail,0,2
2024-03-29,Google,0,14
2024-03-29,Influencer,0,2
2024-03-29,Meta,0,171
2024-03-29,Microsoft,0,2
2024-03-29,Organic,3,180
2024-03-29,Other,65,79
2024-03-29,Pinterest,0,2
2024-03-30,Airbnb,0,0
2024-03-30,Customer IO,1,65
2024-03-30,Direct Mail,0,5
2024-03-30,Google,0,22
2024-03-30,Influencer,1,5
2024-03-30,Meta,1,216
2024-03-30,Organic,2,143
2024-03-30,Other,79,108
2024-03-30,Pinterest,0,6
2024-03-31,Airbnb,0,0
2024-03-31,Criteo,0,1
2024-03-31,Customer IO,0,55
2024-03-31,Direct Mail,0,7
2024-03-31,Google,0,27
2024-03-31,Meta,1,233
2024-03-31,Microsoft,0,1
2024-03-31,Organic,2,154
2024-03-31,Other,84,119
2024-03-31,Pinterest,0,12
2024-04-01,Airbnb,0,0
2024-04-01,Customer IO,0,38
2024-04-01,Direct Mail,0,5
2024-04-01,Google,1,20
2024-04-01,Influencer,0,2
2024-04-01,Meta,2,236
2024-04-01,Microsoft,0,1
2024-04-01,Organic,6,186
2024-04-01,Other,108,116
2024-04-01,Pinterest,0,2
2024-04-02,Airbnb,0,0
2024-04-02,Customer IO,2,58
2024-04-02,Direct Mail,0,4
2024-04-02,Google,3,28
2024-04-02,Meta,2,212
2024-04-02,Organic,8,204
2024-04-02,Other,110,113
2024-04-02,Pinterest,0,9
2024-04-02,Vrbo,0,0
2024-04-03,Airbnb,0,0
2024-04-03,Customer IO,0,79
2024-04-03,Direct Mail,0,2
2024-04-03,Google,0,46
2024-04-03,Meta,0,187
2024-04-03,Organic,6,192
2024-04-03,Other,52,76
2024-04-03,Pinterest,0,9
2024-04-04,Airbnb,0,0
2024-04-04,Customer IO,2,60
2024-04-04,Direct Mail,0,5
2024-04-04,Google,2,25
2024-04-04,Influencer,1,1
2024-04-04,Meta,0,192
2024-04-04,Microsoft,0,1
2024-04-04,Organic,6,164
2024-04-04,Other,122,123
2024-04-04,Pinterest,0,6
2024-04-05,Airbnb,0,0
2024-04-05,Customer IO,0,41
2024-04-05,Google,0,15
2024-04-05,Meta,1,180
2024-04-05,Organic,6,145
2024-04-05,Other,71,74
2024-04-05,Pinterest,0,11
2024-04-06,Airbnb,0,0
2024-04-06,Customer IO,2,64
2024-04-06,Direct Mail,0,2
2024-04-06,Google,0,40
2024-04-06,Influencer,0,1
2024-04-06,Meta,1,223
2024-04-06,Organic,5,198
2024-04-06,Other,71,124
2024-04-06,Pinterest,0,4
2024-04-07,Airbnb,0,0
2024-04-07,Criteo,1,10
2024-04-07,Customer IO,2,48
2024-04-07,Direct Mail,1,7
2024-04-07,Google,1,21
2024-04-07,Meta,0,221
2024-04-07,Organic,7,140
2024-04-07,Other,73,83
2024-04-07,Pinterest,0,5
2024-04-07,Vrbo,0,0
2024-04-08,Airbnb,0,0
2024-04-08,Customer IO,1,42
2024-04-08,Direct Mail,0,2
2024-04-08,Google,0,45
2024-04-08,Influencer,1,1
2024-04-08,Meta,1,143
2024-04-08,Organic,5,182
2024-04-08,Other,109,85
2024-04-08,Pinterest,0,9
2024-04-09,Airbnb,0,0
2024-04-09,Customer IO,2,35
2024-04-09,Direct Mail,0,6
2024-04-09,Google,4,30
2024-04-09,Meta,1,67
2024-04-09,Organic,13,224
2024-04-09,Other,238,316
2024-04-10,Airbnb,0,0
2024-04-10,Customer IO,0,45
2024-04-10,Direct Mail,0,7
2024-04-10,Google,1,26
2024-04-10,Influencer,1,8
2024-04-10,Meta,0,25
2024-04-10,Organic,5,109
2024-04-10,Other,196,417
2024-04-10,Pinterest,0,1
2024-04-11,Airbnb,0,0
2024-04-11,Criteo,1,0
2024-04-11,Customer IO,0,55
2024-04-11,Direct Mail,0,14
2024-04-11,Google,0,16
2024-04-11,Influencer,2,1
2024-04-11,Meta,0,50
2024-04-11,Organic,0,70
2024-04-11,Other,95,281
2024-04-11,Vrbo,0,0
2024-04-12,Airbnb,0,0
2024-04-12,Customer IO,0,42
2024-04-12,Direct Mail,0,10
2024-04-12,Google,1,14
2024-04-12,Influencer,3,7
2024-04-12,Meta,1,36
2024-04-12,Organic,11,114
2024-04-12,Other,139,310
2024-04-12,Pinterest,0,7
2024-04-13,Airbnb,0,0
2024-04-13,Criteo,0,2
2024-04-13,Customer IO,2,124
2024-04-13,Direct Mail,0,6
2024-04-13,Google,3,17
2024-04-13,Influencer,5,7
2024-04-13,Meta,1,65
2024-04-13,Microsoft,0,2
2024-04-13,Organic,9,234
2024-04-13,Other,291,552
2024-04-13,Pinterest,0,1
2024-04-14,Criteo,0,1
2024-04-14,Customer IO,4,93
2024-04-14,Direct Mail,1,3
2024-04-14,Google,2,25
2024-04-14,Influencer,6,10
2024-04-14,Meta,0,43
2024-04-14,Organic,3,100
2024-04-14,Other,242,538
2024-04-14,Pinterest,0,1
2024-04-14,Vrbo,0,0
2024-04-15,Criteo,0,4
2024-04-15,Customer IO,2,49
2024-04-15,Google,0,21
2024-04-15,Influencer,2,0
2024-04-15,Meta,0,28
2024-04-15,Organic,6,107
2024-04-15,Other,105,311
2024-04-15,Pinterest,0,3
2024-04-16,Airbnb,0,0
2024-04-16,Criteo,0,1
2024-04-16,Customer IO,1,29
2024-04-16,Direct Mail,0,6
2024-04-16,Google,0,13
2024-04-16,Influencer,2,4
2024-04-16,Meta,0,20
2024-04-16,Organic,5,155
2024-04-16,Other,102,230
2024-04-17,Airbnb,0,0
2024-04-17,Customer IO,2,31
2024-04-17,Direct Mail,0,6
2024-04-17,Google,2,28
2024-04-17,Influencer,2,7
2024-04-17,Meta,0,18
2024-04-17,Organic,5,124
2024-04-17,Other,86,168
2024-04-18,Airbnb,0,0
2024-04-18,Customer IO,2,49
2024-04-18,Google,0,11
2024-04-18,Influencer,3,3
2024-04-18,Meta,0,23
2024-04-18,Organic,2,108
2024-04-18,Other,68,192
2024-04-18,Pinterest,0,2
2024-04-19,Airbnb,0,0
2024-04-19,Customer IO,3,88
2024-04-19,Direct Mail,0,23
2024-04-19,Google,0,15
2024-04-19,Influencer,0,4
2024-04-19,Meta,2,34
2024-04-19,Microsoft,0,1
2024-04-19,Organic,5,174
2024-04-19,Other,128,336
2024-04-20,Airbnb,0,0
2024-04-20,Criteo,0,1
2024-04-20,Customer IO,1,36
2024-04-20,Direct Mail,0,10
2024-04-20,Google,0,19
2024-04-20,Influencer,1,3
2024-04-20,Meta,0,49
2024-04-20,Organic,1,123
2024-04-20,Other,75,231
2024-04-21,Airbnb,0,0
2024-04-21,Criteo,0,1
2024-04-21,Customer IO,1,56
2024-04-21,Direct Mail,0,2
2024-04-21,Google,0,26
2024-04-21,Influencer,0,2
2024-04-21,Meta,1,19
2024-04-21,Organic,1,119
2024-04-21,Other,82,248
2024-04-21,Pinterest,0,3
2024-04-22,Airbnb,0,0
2024-04-22,Criteo,0,2
2024-04-22,Customer IO,1,67
2024-04-22,Direct Mail,0,8
2024-04-22,Google,1,25
2024-04-22,Influencer,0,2
2024-04-22,Meta,0,36
2024-04-22,Organic,9,94
2024-04-22,Other,66,221
2024-04-22,Pinterest,0,3
2024-04-22,Vrbo,0,0
2024-04-23,Airbnb,0,0
2024-04-23,Criteo,1,3
2024-04-23,Customer IO,0,61
2024-04-23,Direct Mail,0,7
2024-04-23,Google,0,5
2024-04-23,Influencer,1,1
2024-04-23,Meta,0,60
2024-04-23,Organic,2,108
2024-04-23,Other,59,320
2024-04-23,Pinterest,0,2
2024-04-24,Airbnb,0,0
2024-04-24,Criteo,0,1
2024-04-24,Customer IO,0,51
2024-04-24,Direct Mail,0,5
2024-04-24,Google,0,21
2024-04-24,Influencer,1,4
2024-04-24,Meta,0,48
2024-04-24,Organic,3,113
2024-04-24,Other,68,311
2024-04-25,Airbnb,0,0
2024-04-25,Criteo,0,1
2024-04-25,Customer IO,2,69
2024-04-25,Direct Mail,0,3
2024-04-25,Google,0,5
2024-04-25,Influencer,0,2
2024-04-25,Meta,1,70
2024-04-25,Organic,1,103
2024-04-25,Other,73,344
2024-04-25,Pinterest,0,1
2024-04-25,Vrbo,0,0
2024-04-26,Airbnb,0,0
2024-04-26,Customer IO,1,31
2024-04-26,Direct Mail,0,5
2024-04-26,Google,0,9
2024-04-26,Influencer,1,1
2024-04-26,Meta,0,43
2024-04-26,Organic,5,86
2024-04-26,Other,70,268
2024-04-26,Pinterest,0,4
2024-04-26,Vrbo,0,0
2024-04-27,Airbnb,0,0
2024-04-27,Customer IO,1,66
2024-04-27,Direct Mail,0,9
2024-04-27,Google,1,18
2024-04-27,Influencer,0,3
2024-04-27,Meta,2,43
2024-04-27,Organic,2,154
2024-04-27,Other,79,480
2024-04-27,Pinterest,0,6
2024-04-28,Airbnb,0,0
2024-04-28,Criteo,1,1
2024-04-28,Customer IO,0,52
2024-04-28,Direct Mail,0,3
2024-04-28,Google,0,21
2024-04-28,Influencer,0,1
2024-04-28,Meta,1,25
2024-04-28,Organic,4,160
2024-04-28,Other,100,308
2024-04-29,Airbnb,0,0
2024-04-29,Customer IO,0,45
2024-04-29,Google,0,22
2024-04-29,Influencer,1,0
2024-04-29,Meta,0,40
2024-04-29,Organic,2,130
2024-04-29,Other,77,286
2024-04-29,Pinterest,0,1
2024-04-29,Vrbo,0,0
2024-04-30,Airbnb,0,0
2024-04-30,Customer IO,6,74
2024-04-30,Direct Mail,1,3
2024-04-30,Google,0,10
2024-04-30,Influencer,1,2
2024-04-30,Meta,0,31
2024-04-30,Microsoft,0,1
2024-04-30,Organic,8,141
2024-04-30,Other,226,495
2024-04-30,Pinterest,0,1
2024-05-01,Airbnb,0,0
2024-05-01,Criteo,1,2
2024-05-01,Customer IO,1,51
2024-05-01,Direct Mail,0,2
2024-05-01,Google,1,25
2024-05-01,Meta,1,70
2024-05-01,Organic,5,192
2024-05-01,Other,98,247
2024-05-02,Airbnb,0,0
2024-05-02,Criteo,0,1
2024-05-02,Customer IO,0,70
2024-05-02,Google,1,21
2024-05-02,Meta,0,33
2024-05-02,Organic,5,209
2024-05-02,Other,97,112
2024-05-02,Pinterest,0,1
2024-05-03,Airbnb,0,0
2024-05-03,Customer IO,3,83
2024-05-03,Direct Mail,0,7
2024-05-03,Google,0,36
2024-05-03,Influencer,0,1
2024-05-03,Meta,0,50
2024-05-03,Organic,7,240
2024-05-03,Other,80,84
2024-05-03,Pinterest,0,1
2024-05-04,Airbnb,0,0
2024-05-04,Criteo,0,2
2024-05-04,Customer IO,5,109
2024-05-04,Direct Mail,0,5
2024-05-04,Google,2,47
2024-05-04,Influencer,0,1
2024-05-04,Meta,0,122
2024-05-04,Microsoft,0,1
2024-05-04,Organic,4,277
2024-05-04,Other,64,117
2024-05-04,Pinterest,0,5
2024-05-04,Vrbo,0,0
2024-05-05,Airbnb,0,0
2024-05-05,Criteo,0,2
2024-05-05,Customer IO,4,73
2024-05-05,Direct Mail,0,3
2024-05-05,Google,4,51
2024-05-05,Influencer,0,7
2024-05-05,Meta,2,293
2024-05-05,Organic,15,781
2024-05-05,Other,228,239
2024-05-05,Pinterest,0,1
2024-05-06,Airbnb,0,0
2024-05-06,Customer IO,1,52
2024-05-06,Direct Mail,0,2
2024-05-06,Google,0,50
2024-05-06,Meta,0,309
2024-05-06,Organic,7,488
2024-05-06,Other,139,167
2024-05-06,Pinterest,0,3
2024-05-07,Airbnb,0,0
2024-05-07,Customer IO,1,21
2024-05-07,Direct Mail,1,0
2024-05-07,Google,1,42
2024-05-07,Influencer,0,3
2024-05-07,Meta,1,239
2024-05-07,Organic,4,260
2024-05-07,Other,94,109
2024-05-07,Pinterest,0,5
2024-05-07,Vrbo,0,0
2024-05-08,Airbnb,0,0
2024-05-08,Customer IO,1,62
2024-05-08,Google,0,51
2024-05-08,Meta,1,191
2024-05-08,Microsoft,0,1
2024-05-08,Organic,6,290
2024-05-08,Other,108,106
2024-05-08,Pinterest,0,2
2024-05-08,Vrbo,0,0
2024-05-09,Airbnb,0,0
2024-05-09,Customer IO,1,53
2024-05-09,Google,0,49
2024-05-09,Meta,2,135
2024-05-09,Organic,4,178
2024-05-09,Other,102,121
2024-05-09,Pinterest,0,3
2024-05-10,Airbnb,0,0
2024-05-10,Customer IO,1,39
2024-05-10,Google,0,59
2024-05-10,Meta,0,145
2024-05-10,Organic,5,284
2024-05-10,Other,86,92
2024-05-10,Pinterest,0,7
2024-05-11,Airbnb,0,0
2024-05-11,Criteo,0,1
2024-05-11,Customer IO,5,99
2024-05-11,Direct Mail,0,4
2024-05-11,Google,1,92
2024-05-11,Influencer,0,4
2024-05-11,Meta,1,305
2024-05-11,Organic,4,515
2024-05-11,Other,113,188
2024-05-11,Pinterest,0,5
2024-05-12,Airbnb,0,0
2024-05-12,Customer IO,1,89
2024-05-12,Direct Mail,0,6
2024-05-12,Google,2,94
2024-05-12,Meta,0,262
2024-05-12,Organic,3,310
2024-05-12,Other,102,197
2024-05-12,Pinterest,0,10
2024-05-13,Airbnb,0,0
2024-05-13,Customer IO,1,53
2024-05-13,Google,0,64
2024-05-13,Influencer,0,1
2024-05-13,Meta,0,272
2024-05-13,Organic,4,269
2024-05-13,Other,83,107
2024-05-13,Pinterest,0,9
2024-05-13,Vrbo,0,0
2024-05-14,Airbnb,0,0
2024-05-14,Customer IO,2,63
2024-05-14,Direct Mail,0,3
2024-05-14,Google,3,78
2024-05-14,Meta,1,321
2024-05-14,Organic,6,343
2024-05-14,Other,83,102
2024-05-15,Customer IO,3,79
2024-05-15,Google,1,94
2024-05-15,Meta,1,244
2024-05-15,Organic,4,244
2024-05-15,Other,81,130
2024-05-15,Pinterest,0,1
2024-05-16,Airbnb,0,0
2024-05-16,Customer IO,0,100
2024-05-16,Direct Mail,0,2
2024-05-16,Google,1,77
2024-05-16,Influencer,0,3
2024-05-16,Meta,0,156
2024-05-16,Organic,6,355
2024-05-16,Other,86,140
2024-05-17,Airbnb,0,0
2024-05-17,Customer IO,0,33
2024-05-17,Direct Mail,0,5
2024-05-17,Google,3,75
2024-05-17,Influencer,0,1
2024-05-17,Meta,1,72
2024-05-17,Microsoft,0,5
2024-05-17,Organic,1,299
2024-05-17,Other,58,101
2024-05-17,Pinterest,0,1
2024-05-18,Airbnb,0,0
2024-05-18,Customer IO,3,54
2024-05-18,Direct Mail,0,2
2024-05-18,Google,0,60
2024-05-18,Influencer,0,2
2024-05-18,Meta,1,61
2024-05-18,Organic,3,298
2024-05-18,Other,64,107
2024-05-18,Pinterest,0,9
2024-05-19,Airbnb,0,0
2024-05-19,Customer IO,0,52
2024-05-19,Direct Mail,0,1
2024-05-19,Google,1,102
2024-05-19,Influencer,0,4
2024-05-19,Meta,0,60
2024-05-19,Organic,5,293
2024-05-19,Other,69,105
2024-05-20,Airbnb,0,0
2024-05-20,Customer IO,0,45
2024-05-20,Direct Mail,0,1
2024-05-20,Google,1,62
2024-05-20,Influencer,0,1
2024-05-20,Meta,0,83
2024-05-20,Organic,4,256
2024-05-20,Other,74,99
2024-05-20,Pinterest,1,2
2024-05-21,Airbnb,0,0
2024-05-21,Customer IO,2,71
2024-05-21,Direct Mail,2,7
2024-05-21,Google,1,102
2024-05-21,Influencer,0,17
2024-05-21,Meta,1,84
2024-05-21,Organic,1,265
2024-05-21,Other,83,135
2024-05-22,Customer IO,1,54
2024-05-22,Direct Mail,0,6
2024-05-22,Google,1,105
2024-05-22,Influencer,0,3
2024-05-22,Meta,0,71
2024-05-22,Organic,5,216
2024-05-22,Other,48,84
2024-05-22,Pinterest,0,4
2024-05-23,Airbnb,0,0
2024-05-23,Customer IO,4,64
2024-05-23,Direct Mail,0,6
2024-05-23,Google,1,40
2024-05-23,Meta,0,102
2024-05-23,Organic,3,204
2024-05-23,Other,56,83
2024-05-23,Pinterest,0,1
2024-05-24,Airbnb,0,0
2024-05-24,Customer IO,2,51
2024-05-24,Direct Mail,0,9
2024-05-24,Google,1,53
2024-05-24,Meta,0,130
2024-05-24,Organic,7,184
2024-05-24,Other,66,102
2024-05-25,Airbnb,0,0
2024-05-25,Criteo,0,1
2024-05-25,Customer IO,3,76
2024-05-25,Direct Mail,0,9
2024-05-25,Google,1,87
2024-05-25,Meta,0,110
2024-05-25,Organic,7,236
2024-05-25,Other,76,111
2024-05-25,Vrbo,0,0
2024-05-26,Airbnb,0,0
2024-05-26,Customer IO,3,68
2024-05-26,Google,2,76
2024-05-26,Influencer,0,3
2024-05-26,Meta,0,111
2024-05-26,Organic,4,278
2024-05-26,Other,82,126
2024-05-27,Airbnb,0,0
2024-05-27,Customer IO,2,54
2024-05-27,Direct Mail,0,3
2024-05-27,Google,0,99
2024-05-27,Influencer,0,3
2024-05-27,Meta,0,80
2024-05-27,Organic,1,183
2024-05-27,Other,57,103
2024-05-27,Vrbo,0,0
2024-05-28,Criteo,0,1
2024-05-28,Customer IO,2,103
2024-05-28,Direct Mail,0,9
2024-05-28,Google,3,93
2024-05-28,Influencer,1,4
2024-05-28,Meta,2,92
2024-05-28,Organic,4,312
2024-05-28,Other,60,137
2024-05-29,Airbnb,0,0
2024-05-29,Customer IO,0,92
2024-05-29,Direct Mail,0,9
2024-05-29,Google,1,73
2024-05-29,Influencer,0,1
2024-05-29,Meta,1,78
2024-05-29,Organic,2,298
2024-05-29,Other,59,119
2024-05-30,Airbnb,0,0
2024-05-30,Criteo,0,1
2024-05-30,Customer IO,0,121
2024-05-30,Direct Mail,1,9
2024-05-30,Google,0,70
2024-05-30,Influencer,0,3
2024-05-30,Meta,0,83
2024-05-30,Organic,6,228
2024-05-30,Other,48,87
2024-05-30,Pinterest,0,1
2024-05-30,TikTok,0,7
2024-05-31,Customer IO,0,46
2024-05-31,Direct Mail,0,4
2024-05-31,Google,0,61
2024-05-31,Influencer,0,28
2024-05-31,Meta,0,36
2024-05-31,Organic,6,255
2024-05-31,Other,50,100
2024-05-31,Pinterest,0,1
2024-05-31,TikTok,0,8
2024-06-01,Airbnb,0,0
2024-06-01,Customer IO,1,96
2024-06-01,Direct Mail,0,5
2024-06-01,Google,2,75
2024-06-01,Influencer,3,61
2024-06-01,Meta,0,63
2024-06-01,Organic,3,327
2024-06-01,Other,91,137
2024-06-01,TikTok,0,13
2024-06-01,Vrbo,0,0
2024-06-02,Airbnb,0,0
2024-06-02,Customer IO,2,57
2024-06-02,Direct Mail,0,1
2024-06-02,Google,0,86
2024-06-02,Influencer,2,8
2024-06-02,Meta,1,74
2024-06-02,Organic,3,192
2024-06-02,Other,79,154
2024-06-02,TikTok,0,9
2024-06-03,Airbnb,0,0
2024-06-03,Customer IO,0,40
2024-06-03,Direct Mail,0,2
2024-06-03,Google,0,80
2024-06-03,Influencer,2,12
2024-06-03,Meta,0,57
2024-06-03,Organic,3,224
2024-06-03,Other,63,109
2024-06-03,TikTok,0,13
2024-06-04,Airbnb,0,0
2024-06-04,Customer IO,1,31
2024-06-04,Direct Mail,0,10
2024-06-04,Google,0,65
2024-06-04,Influencer,0,43
2024-06-04,Meta,0,103
2024-06-04,Organic,6,226
2024-06-04,Other,65,147
2024-06-04,TikTok,0,10
2024-06-05,Airbnb,0,0
2024-06-05,Customer IO,3,104
2024-06-05,Direct Mail,0,5
2024-06-05,Google,2,50
2024-06-05,Influencer,2,61
2024-06-05,Meta,1,160
2024-06-05,Organic,8,333
2024-06-05,Other,102,154
2024-06-05,Pinterest,0,2
2024-06-05,TikTok,0,6
2024-06-06,Customer IO,3,70
2024-06-06,Direct Mail,0,12
2024-06-06,Google,0,58
2024-06-06,Influencer,0,7
2024-06-06,Meta,1,68
2024-06-06,Organic,7,231
2024-06-06,Other,85,131
2024-06-06,TikTok,0,5
2024-06-07,Airbnb,0,0
2024-06-07,Customer IO,0,76
2024-06-07,Direct Mail,0,1
2024-06-07,Google,2,47
2024-06-07,Influencer,0,14
2024-06-07,Meta,0,76
2024-06-07,Organic,9,295
2024-06-07,Other,93,128
2024-06-07,TikTok,0,18
2024-06-07,Vrbo,0,0
2024-06-08,Airbnb,0,0
2024-06-08,Customer IO,9,101
2024-06-08,Direct Mail,1,0
2024-06-08,Google,5,77
2024-06-08,Influencer,84,763
2024-06-08,Meta,9,305
2024-06-08,Organic,19,548
2024-06-08,Other,987,794
2024-06-08,Pinterest,0,6
2024-06-08,TikTok,0,38
2024-06-09,Airbnb,0,0
2024-06-09,Customer IO,4,66
2024-06-09,Direct Mail,0,2
2024-06-09,Google,3,94
2024-06-09,Influencer,21,311
2024-06-09,Meta,3,179
2024-06-09,Organic,11,378
2024-06-09,Other,513,539
2024-06-09,TikTok,0,22
2024-06-10,Airbnb,0,0
2024-06-10,Criteo,1,1
2024-06-10,Customer IO,29,82
2024-06-10,Direct Mail,6,3
2024-06-10,Google,10,39
2024-06-10,Influencer,465,773
2024-06-10,Meta,41,348
2024-06-10,Organic,99,606
2024-06-10,Other,5050,1871
2024-06-10,Pinterest,0,2
2024-06-10,TikTok,0,14
2024-06-11,Airbnb,0,0
2024-06-11,Criteo,0,2
2024-06-11,Customer IO,5,49
2024-06-11,Google,1,64
2024-06-11,Influencer,40,95
2024-06-11,Meta,3,218
2024-06-11,Organic,19,390
2024-06-11,Other,624,398
2024-06-11,TikTok,0,11
2024-06-12,Airbnb,0,0
2024-06-12,Customer IO,1,144
2024-06-12,Direct Mail,1,1
2024-06-12,Google,0,63
2024-06-12,Influencer,18,36
2024-06-12,Meta,2,203
2024-06-12,Organic,8,406
2024-06-12,Other,279,261
2024-06-12,TikTok,0,13
2024-06-13,Airbnb,0,0
2024-06-13,Customer IO,4,102
2024-06-13,Direct Mail,0,11
2024-06-13,Google,1,54
2024-06-13,Influencer,6,28
2024-06-13,Meta,2,249
2024-06-13,Organic,3,298
2024-06-13,Other,173,177
2024-06-13,Pinterest,0,2
2024-06-13,TikTok,0,7
2024-06-14,Airbnb,0,0
2024-06-14,Customer IO,0,65
2024-06-14,Direct Mail,0,7
2024-06-14,Google,0,64
2024-06-14,Influencer,6,20
2024-06-14,Meta,0,221
2024-06-14,Organic,7,268
2024-06-14,Other,129,200
2024-06-14,Pinterest,0,1
2024-06-14,TikTok,0,9
2024-06-15,Airbnb,0,0
2024-06-15,Criteo,0,2
2024-06-15,Customer IO,1,136
2024-06-15,Direct Mail,0,4
2024-06-15,Google,1,51
2024-06-15,Influencer,1,15
2024-06-15,Meta,1,232
2024-06-15,Organic,4,277
2024-06-15,Other,103,161
2024-06-15,Pinterest,0,1
2024-06-15,TikTok,0,7
2024-06-16,Airbnb,0,0
2024-06-16,Customer IO,1,83
2024-06-16,Direct Mail,0,3
2024-06-16,Google,0,54
2024-06-16,Influencer,0,10
2024-06-16,Meta,1,247
2024-06-16,Organic,3,382
2024-06-16,Other,88,132
2024-06-16,Pinterest,0,2
2024-06-17,Airbnb,0,0
2024-06-17,Customer IO,1,60
2024-06-17,Direct Mail,0,1
2024-06-17,Google,2,59
2024-06-17,Influencer,0,18
2024-06-17,Meta,0,226
2024-06-17,Organic,2,288
2024-06-17,Other,91,130
2024-06-17,Pinterest,0,3
2024-06-17,TikTok,0,3
2024-06-18,Customer IO,2,60
2024-06-18,Direct Mail,0,2
2024-06-18,Google,0,35
2024-06-18,Influencer,1,34
2024-06-18,Meta,0,158
2024-06-18,Organic,5,296
2024-06-18,Other,90,123
2024-06-18,Pinterest,0,6
2024-06-18,TikTok,0,13
2024-06-19,Airbnb,0,0
2024-06-19,Criteo,0,8
2024-06-19,Customer IO,1,58
2024-06-19,Direct Mail,0,3
2024-06-19,Google,0,48
2024-06-19,Influencer,0,6
2024-06-19,Meta,0,116
2024-06-19,Organic,8,264
2024-06-19,Other,102,179
2024-06-19,Pinterest,0,1
2024-06-19,TikTok,0,13
2024-06-20,Customer IO,5,94
2024-06-20,Direct Mail,0,1
2024-06-20,Google,0,41
2024-06-20,Influencer,0,4
2024-06-20,Meta,0,76
2024-06-20,Organic,10,285
2024-06-20,Other,102,150
2024-06-20,Pinterest,1,9
2024-06-20,TikTok,0,31
2024-06-21,Airbnb,0,0
2024-06-21,Criteo,0,1
2024-06-21,Customer IO,4,76
2024-06-21,Direct Mail,0,4
2024-06-21,Google,1,76
2024-06-21,Influencer,1,1
2024-06-21,Meta,2,90
2024-06-21,Organic,6,271
2024-06-21,Other,97,161
2024-06-21,Pinterest,0,8
2024-06-21,TikTok,0,13
2024-06-22,Airbnb,0,0
2024-06-22,Criteo,1,0
2024-06-22,Customer IO,1,131
2024-06-22,Direct Mail,0,1
2024-06-22,Google,2,106
2024-06-22,Influencer,0,10
2024-06-22,Meta,0,128
2024-06-22,Microsoft,0,2
2024-06-22,Organic,8,326
2024-06-22,Other,154,212
2024-06-22,Pinterest,0,5
2024-06-22,TikTok,0,1
2024-06-22,Vrbo,0,0
2024-06-23,Airbnb,0,0
2024-06-23,Customer IO,3,106
2024-06-23,Direct Mail,0,3
2024-06-23,Google,2,134
2024-06-23,Influencer,1,17
2024-06-23,Meta,0,87
2024-06-23,Organic,9,272
2024-06-23,Other,159,218
2024-06-23,Pinterest,0,5
2024-06-24,Airbnb,0,0
2024-06-24,Benefithub,1,0
2024-06-24,Customer IO,1,156
2024-06-24,Google,0,111
2024-06-24,Influencer,0,8
2024-06-24,Meta,0,94
2024-06-24,Microsoft,0,2
2024-06-24,Organic,8,295
2024-06-24,Other,148,200
2024-06-24,Pinterest,0,5
2024-06-25,Airbnb,0,0
2024-06-25,Customer IO,4,54
2024-06-25,Direct Mail,1,2
2024-06-25,Google,0,78
2024-06-25,Influencer,0,8
2024-06-25,Meta,1,106
2024-06-25,Organic,9,317
2024-06-25,Other,120,187
2024-06-25,Pinterest,0,2
2024-06-26,Airbnb,0,0
2024-06-26,Criteo,0,1
2024-06-26,Customer IO,2,109
2024-06-26,Direct Mail,0,6
2024-06-26,Google,1,79
2024-06-26,Influencer,1,18
2024-06-26,Meta,0,147
2024-06-26,Microsoft,0,1
2024-06-26,Organic,6,300
2024-06-26,Other,106,175
2024-06-26,Pinterest,0,5
2024-06-27,Airbnb,0,0
2024-06-27,Benefithub,0,2
2024-06-27,Criteo,0,1
2024-06-27,Customer IO,0,84
2024-06-27,Direct Mail,0,2
2024-06-27,Google,0,76
2024-06-27,Influencer,1,14
2024-06-27,Meta,0,159
2024-06-27,Microsoft,0,3
2024-06-27,Organic,5,286
2024-06-27,Other,89,158
2024-06-27,Pinterest,0,11
2024-06-28,Airbnb,0,0
2024-06-28,Customer IO,1,53
2024-06-28,Direct Mail,0,2
2024-06-28,Google,4,49
2024-06-28,Influencer,0,8
2024-06-28,Meta,1,107
2024-06-28,Organic,8,216
2024-06-28,Other,88,113
2024-06-28,Pinterest,0,1
2024-06-29,Airbnb,0,0
2024-06-29,Customer IO,3,126
2024-06-29,Direct Mail,1,5
2024-06-29,Google,0,60
2024-06-29,Influencer,0,5
2024-06-29,Meta,0,175
2024-06-29,Organic,3,279
2024-06-29,Other,128,193
2024-06-29,Pinterest,0,2
2024-06-30,Airbnb,0,0
2024-06-30,Benefithub,0,1
2024-06-30,Customer IO,4,99
2024-06-30,Direct Mail,1,17
2024-06-30,Google,0,103
2024-06-30,Influencer,0,59
2024-06-30,Meta,0,23
2024-06-30,Organic,8,343
2024-06-30,Other,104,212
2024-06-30,Pinterest,0,4
2024-07-01,Airbnb,0,0
2024-07-01,Customer IO,3,43
2024-07-01,Direct Mail,0,5
2024-07-01,Google,0,81
2024-07-01,Influencer,0,9
2024-07-01,Meta,1,86
2024-07-01,Organic,7,243
2024-07-01,Other,89,165
2024-07-01,Pinterest,0,2
2024-07-02,Airbnb,0,0
2024-07-02,Customer IO,2,51
2024-07-02,Direct Mail,0,14
2024-07-02,Google,0,35
2024-07-02,Influencer,0,4
2024-07-02,Meta,0,123
2024-07-02,Organic,5,257
2024-07-02,Other,95,125
2024-07-02,Pinterest,0,1
2024-07-03,Airbnb,0,0
2024-07-03,Customer IO,2,110
2024-07-03,Direct Mail,0,3
2024-07-03,Google,3,50
2024-07-03,Influencer,0,24
2024-07-03,Meta,1,119
2024-07-03,Organic,6,415
2024-07-03,Other,108,159
2024-07-03,Pinterest,0,9
2024-07-04,Airbnb,0,0
2024-07-04,Customer IO,5,96
2024-07-04,Direct Mail,0,4
2024-07-04,Google,0,79
2024-07-04,Influencer,1,42
2024-07-04,Meta,0,78
2024-07-04,Organic,4,489
2024-07-04,Other,110,186
2024-07-04,Pinterest,0,7
2024-07-04,Vrbo,0,0
2024-07-05,Airbnb,0,0
2024-07-05,Benefithub,0,2
2024-07-05,Criteo,1,1
2024-07-05,Customer IO,3,65
2024-07-05,Direct Mail,0,5
2024-07-05,Google,2,95
2024-07-05,Influencer,0,7
2024-07-05,Meta,0,28
2024-07-05,Organic,4,298
2024-07-05,Other,98,133
2024-07-05,Pinterest,0,2
2024-07-06,Criteo,0,1
2024-07-06,Customer IO,1,99
2024-07-06,Direct Mail,0,5
2024-07-06,Google,1,112
2024-07-06,Influencer,0,18
2024-07-06,Meta,1,42
2024-07-06,Organic,4,303
2024-07-06,Other,91,134
2024-07-06,Pinterest,0,3
2024-07-07,Airbnb,0,0
2024-07-07,Customer IO,1,62
2024-07-07,Direct Mail,0,8
2024-07-07,Google,2,99
2024-07-07,Influencer,0,12
2024-07-07,Meta,0,49
2024-07-07,Organic,5,383
2024-07-07,Other,80,158
2024-07-07,Pinterest,0,1
2024-07-08,Airbnb,0,0
2024-07-08,Customer IO,2,65
2024-07-08,Direct Mail,0,4
2024-07-08,Google,2,85
2024-07-08,Influencer,0,3
2024-07-08,Meta,0,52
2024-07-08,Microsoft,1,4
2024-07-08,Organic,2,222
2024-07-08,Other,72,155
2024-07-09,Criteo,0,2
2024-07-09,Customer IO,0,59
2024-07-09,Direct Mail,0,1
2024-07-09,Google,0,42
2024-07-09,Influencer,0,10
2024-07-09,Meta,0,27
2024-07-09,Microsoft,0,3
2024-07-09,Organic,2,302
2024-07-09,Other,52,131
2024-07-09,Pinterest,0,3
2024-07-10,Airbnb,0,0
2024-07-10,Benefithub,0,4
2024-07-10,Criteo,0,4
2024-07-10,Customer IO,0,119
2024-07-10,Direct Mail,2,10
2024-07-10,Google,1,47
2024-07-10,Influencer,1,10
2024-07-10,Meta,0,52
2024-07-10,Microsoft,0,1
2024-07-10,Organic,0,266
2024-07-10,Other,75,230
2024-07-11,Airbnb,0,0
2024-07-11,Benefithub,0,1
2024-07-11,Customer IO,0,42
2024-07-11,Google,1,20
2024-07-11,Influencer,0,1
2024-07-11,Meta,0,14
2024-07-11,Organic,2,168
2024-07-11,Other,38,261
2024-07-11,Pinterest,1,3
2024-07-11,Vrbo,0,0
2024-07-12,Customer IO,5,95
2024-07-12,Direct Mail,0,3
2024-07-12,Google,0,32
2024-07-12,Influencer,0,2
2024-07-12,Meta,1,33
2024-07-12,Organic,2,233
2024-07-12,Other,70,331
2024-07-13,Airbnb,0,0
2024-07-13,Criteo,0,4
2024-07-13,Customer IO,8,138
2024-07-13,Direct Mail,0,1
2024-07-13,Google,4,51
2024-07-13,Influencer,45,471
2024-07-13,Meta,7,326
2024-07-13,Microsoft,0,1
2024-07-13,Organic,26,418
2024-07-13,Other,1164,3431
2024-07-13,Pinterest,0,1
2024-07-14,Airbnb,0,0
2024-07-14,Criteo,1,2
2024-07-14,Customer IO,6,34
2024-07-14,Direct Mail,1,3
2024-07-14,Google,10,41
2024-07-14,Influencer,47,112
2024-07-14,Meta,5,64
2024-07-14,Organic,27,149
2024-07-14,Other,1403,2206
2024-07-14,Pinterest,0,1
2024-07-15,Criteo,0,1
2024-07-15,Customer IO,2,62
2024-07-15,Direct Mail,0,1
2024-07-15,Google,1,37
2024-07-15,Influencer,4,13
2024-07-15,Meta,1,40
2024-07-15,Organic,5,179
2024-07-15,Other,125,522
2024-07-15,Pinterest,0,1
2024-07-16,Airbnb,0,0
2024-07-16,Criteo,0,4
2024-07-16,Customer IO,15,79
2024-07-16,Direct Mail,7,2
2024-07-16,Email Action,0,1
2024-07-16,Google,18,42
2024-07-16,Influencer,293,222
2024-07-16,Meta,39,87
2024-07-16,Organic,63,239
2024-07-16,Other,4421,2249
2024-07-16,Pinterest,1,8
2024-07-17,Airbnb,0,0
2024-07-17,Customer IO,3,41
2024-07-17,Google,0,31
2024-07-17,Influencer,5,8
2024-07-17,Meta,2,27
2024-07-17,Organic,2,119
2024-07-17,Other,150,448
2024-07-17,Vrbo,0,0
2024-07-18,Airbnb,0,0
2024-07-18,Customer IO,4,82
2024-07-18,Direct Mail,0,2
2024-07-18,Google,2,21
2024-07-18,Influencer,1,20
2024-07-18,Meta,0,34
2024-07-18,Organic,5,271
2024-07-18,Other,182,636
2024-07-19,Airbnb,0,0
2024-07-19,Benefithub,0,1
2024-07-19,Customer IO,3,68
2024-07-19,Direct Mail,0,2
2024-07-19,Google,0,29
2024-07-19,Influencer,0,4
2024-07-19,Meta,0,26
2024-07-19,Organic,6,136
2024-07-19,Other,91,457
2024-07-20,Airbnb,0,0
2024-07-20,Criteo,0,10
2024-07-20,Customer IO,2,75
2024-07-20,Direct Mail,0,3
2024-07-20,Google,0,32
2024-07-20,Influencer,0,12
2024-07-20,Meta,0,26
2024-07-20,Organic,3,140
2024-07-20,Other,82,494
2024-07-21,Airbnb,0,0
2024-07-21,Criteo,0,6
2024-07-21,Customer IO,3,47
2024-07-21,Direct Mail,0,7
2024-07-21,Google,1,32
2024-07-21,Influencer,0,19
2024-07-21,Meta,0,20
2024-07-21,Organic,6,162
2024-07-21,Other,87,465
2024-07-21,Pinterest,0,3
2024-07-21,Vrbo,0,0
2024-07-22,Airbnb,0,0
2024-07-22,Customer IO,3,42
2024-07-22,Direct Mail,0,3
2024-07-22,Google,0,30
2024-07-22,Influencer,0,9
2024-07-22,Meta,0,26
2024-07-22,Organic,1,162
2024-07-22,Other,71,338
2024-07-22,TikTok,0,1
2024-07-22,Vrbo,0,0
2024-07-23,Airbnb,0,0
2024-07-23,Benefithub,0,1
2024-07-23,Criteo,0,4
2024-07-23,Customer IO,2,63
2024-07-23,Direct Mail,0,4
2024-07-23,Google,1,58
2024-07-23,Influencer,1,7
2024-07-23,Meta,0,36
2024-07-23,Organic,0,211
2024-07-23,Other,73,562
2024-07-24,Airbnb,0,0
2024-07-24,Criteo,0,1
2024-07-24,Customer IO,2,78
2024-07-24,Direct Mail,0,6
2024-07-24,Google,1,88
2024-07-24,Influencer,2,25
2024-07-24,Meta,0,43
2024-07-24,Organic,2,223
2024-07-24,Other,123,748
2024-07-24,Pinterest,0,4
2024-07-25,Airbnb,0,0
2024-07-25,Benefithub,0,3
2024-07-25,Criteo,0,1
2024-07-25,Customer IO,1,85
2024-07-25,Direct Mail,0,6
2024-07-25,Google,0,73
2024-07-25,Influencer,0,32
2024-07-25,Meta,1,47
2024-07-25,Organic,3,184
2024-07-25,Other,111,705
2024-07-26,Customer IO,3,124
2024-07-26,Direct Mail,1,3
2024-07-26,Google,1,67
2024-07-26,Influencer,0,8
2024-07-26,Meta,0,39
2024-07-26,Organic,2,220
2024-07-26,Other,75,585
2024-07-26,Vrbo,0,0
2024-07-27,Airbnb,0,0
2024-07-27,Criteo,0,1
2024-07-27,Customer IO,3,103
2024-07-27,Direct Mail,0,11
2024-07-27,Google,2,52
2024-07-27,Influencer,2,19
2024-07-27,Meta,1,26
2024-07-27,Organic,1,271
2024-07-27,Other,106,691
2024-07-28,Airbnb,0,0
2024-07-28,Customer IO,1,92
2024-07-28,Direct Mail,0,5
2024-07-28,Email Action,0,1
2024-07-28,Google,1,56
2024-07-28,Influencer,0,22
2024-07-28,Meta,0,33
2024-07-28,Organic,5,331
2024-07-28,Other,168,836
2024-07-29,Airbnb,0,0
2024-07-29,Criteo,0,1
2024-07-29,Customer IO,2,50
2024-07-29,Direct Mail,0,6
2024-07-29,Google,2,63
2024-07-29,Influencer,0,11
2024-07-29,Meta,1,36
2024-07-29,Organic,2,220
2024-07-29,Other,125,636
2024-07-29,Pinterest,0,2
2024-07-29,Vrbo,0,0
2024-07-30,Airbnb,0,0
2024-07-30,Benefithub,0,1
2024-07-30,Criteo,0,6
2024-07-30,Customer IO,3,33
2024-07-30,Direct Mail,0,1
2024-07-30,Google,2,47
2024-07-30,Influencer,0,7
2024-07-30,Meta,0,12
2024-07-30,Microsoft,0,3
2024-07-30,Organic,1,193
2024-07-30,Other,102,606
2024-07-30,Pinterest,0,1
2024-07-31,Airbnb,0,0
2024-07-31,Criteo,1,0
2024-07-31,Customer IO,1,79
2024-07-31,Direct Mail,0,1
2024-07-31,Google,1,70
2024-07-31,Influencer,0,10
2024-07-31,Manual,0,1
2024-07-31,Meta,0,22
2024-07-31,Organic,3,238
2024-07-31,Other,101,660
2024-07-31,Pinterest,0,1
2024-08-01,Criteo,0,1
2024-08-01,Customer IO,1,67
2024-08-01,Direct Mail,0,3
2024-08-01,Google,0,51
2024-08-01,Influencer,1,12
2024-08-01,Meta,1,21
2024-08-01,Organic,1,159
2024-08-01,Other,99,481
2024-08-01,Pinterest,0,4
2024-08-02,Airbnb,0,0
2024-08-02,Criteo,0,8
2024-08-02,Customer IO,3,45
2024-08-02,Direct Mail,1,4
2024-08-02,Google,2,58
2024-08-02,Influencer,1,13
2024-08-02,Meta,1,21
2024-08-02,Organic,7,155
2024-08-02,Other,215,490
2024-08-02,Pinterest,0,1
2024-08-03,Airbnb,0,0
2024-08-03,Criteo,0,7
2024-08-03,Customer IO,2,101
2024-08-03,Direct Mail,1,7
2024-08-03,Google,0,77
2024-08-03,Influencer,0,21
2024-08-03,Meta,1,37
2024-08-03,Organic,3,254
2024-08-03,Other,308,846
2024-08-03,Pinterest,0,1
2024-08-04,Airbnb,0,0
2024-08-04,Criteo,1,0
2024-08-04,Customer IO,1,52
2024-08-04,Direct Mail,0,2
2024-08-04,Google,1,63
2024-08-04,Influencer,0,9
2024-08-04,Meta,0,25
2024-08-04,Organic,5,215
2024-08-04,Other,90,808
2024-08-04,Pinterest,0,2
2024-08-05,Airbnb,0,0
2024-08-05,Criteo,0,5
2024-08-05,Customer IO,2,75
2024-08-05,Direct Mail,0,1
2024-08-05,Google,0,45
2024-08-05,Influencer,1,3
2024-08-05,Meta,0,23
2024-08-05,Organic,1,125
2024-08-05,Other,86,425
2024-08-06,Airbnb,0,0
2024-08-06,Benefithub,0,1
2024-08-06,Customer IO,2,27
2024-08-06,Google,1,39
2024-08-06,Influencer,0,11
2024-08-06,Meta,0,44
2024-08-06,Organic,3,123
2024-08-06,Other,89,252
2024-08-06,Pinterest,0,1
2024-08-07,Airbnb,0,0
2024-08-07,Criteo,0,2
2024-08-07,Customer IO,1,24
2024-08-07,Direct Mail,0,1
2024-08-07,Google,1,35
2024-08-07,Influencer,0,6
2024-08-07,Meta,0,33
2024-08-07,Organic,1,110
2024-08-07,Other,93,270
2024-08-08,Airbnb,0,0
2024-08-08,Benefithub,0,1
2024-08-08,Criteo,0,1
2024-08-08,Customer IO,1,24
2024-08-08,Google,1,28
2024-08-08,Influencer,2,4
2024-08-08,Meta,1,19
2024-08-08,Organic,1,115
2024-08-08,Other,66,208
2024-08-08,Pinterest,1,0
2024-08-09,Airbnb,0,0
2024-08-09,Criteo,1,1
2024-08-09,Customer IO,0,42
2024-08-09,Direct Mail,0,8
2024-08-09,Google,0,21
2024-08-09,Influencer,0,7
2024-08-09,Meta,0,15
2024-08-09,Organic,0,94
2024-08-09,Other,73,221
2024-08-09,Vrbo,0,0
2024-08-10,Airbnb,0,0
2024-08-10,Customer IO,2,30
2024-08-10,Direct Mail,0,2
2024-08-10,Google,1,29
2024-08-10,Influencer,0,6
2024-08-10,Meta,0,36
2024-08-10,Organic,3,100
2024-08-10,Other,98,335
2024-08-11,Criteo,0,1
2024-08-11,Customer IO,2,37
2024-08-11,Google,2,35
2024-08-11,Influencer,0,7
2024-08-11,Meta,0,38
2024-08-11,Organic,7,151
2024-08-11,Other,134,344
2024-08-12,Airbnb,0,0
2024-08-12,Criteo,0,3
2024-08-12,Customer IO,3,24
2024-08-12,Direct Mail,0,1
2024-08-12,Google,0,21
2024-08-12,Influencer,1,15
2024-08-12,Meta,0,13
2024-08-12,Organic,5,108
2024-08-12,Other,97,300
2024-08-13,Airbnb,0,0
2024-08-13,Criteo,0,16
2024-08-13,Customer IO,2,38
2024-08-13,Direct Mail,0,1
2024-08-13,Google,0,21
2024-08-13,Influencer,1,1
2024-08-13,Meta,0,16
2024-08-13,Organic,2,91
2024-08-13,Other,99,276
2024-08-14,Airbnb,0,0
2024-08-14,Customer IO,0,65
2024-08-14,Google,0,20
2024-08-14,Influencer,0,1
2024-08-14,Meta,0,23
2024-08-14,Organic,2,116
2024-08-14,Other,90,314
2024-08-14,Vrbo,0,0
2024-08-15,Airbnb,0,0
2024-08-15,Customer IO,2,64
2024-08-15,Direct Mail,0,2
2024-08-15,Google,1,38
2024-08-15,Influencer,1,7
2024-08-15,Meta,0,26
2024-08-15,Organic,2,119
2024-08-15,Other,93,517
2024-08-15,Pinterest,0,1
2024-08-16,Airbnb,0,0
2024-08-16,Criteo,0,6
2024-08-16,Customer IO,3,55
2024-08-16,Direct Mail,0,7
2024-08-16,Google,0,33
2024-08-16,Influencer,1,9
2024-08-16,Meta,1,23
2024-08-16,Organic,1,151
2024-08-16,Other,85,366
2024-08-17,Airbnb,0,0
2024-08-17,Criteo,0,1
2024-08-17,Customer IO,2,53
2024-08-17,Direct Mail,0,2
2024-08-17,Google,0,42
2024-08-17,Influencer,0,7
2024-08-17,Meta,0,14
2024-08-17,Microsoft,1,1
2024-08-17,Organic,3,130
2024-08-17,Other,75,277
2024-08-17,Vrbo,0,0
2024-08-18,Airbnb,0,0
2024-08-18,Customer IO,0,61
2024-08-18,Direct Mail,0,3
2024-08-18,Google,3,29
2024-08-18,Influencer,0,1
2024-08-18,Meta,0,6
2024-08-18,Organic,1,120
2024-08-18,Other,113,268
2024-08-18,Vrbo,0,0
2024-08-19,Airbnb,0,0
2024-08-19,Criteo,0,4
2024-08-19,Customer IO,3,59
2024-08-19,Google,1,24
2024-08-19,Influencer,0,4
2024-08-19,Meta,0,6
2024-08-19,Organic,3,99
2024-08-19,Other,77,274
2024-08-19,Vrbo,0,0
2024-08-20,Airbnb,0,0
2024-08-20,Criteo,0,1
2024-08-20,Customer IO,2,53
2024-08-20,Direct Mail,0,1
2024-08-20,Google,0,51
2024-08-20,Influencer,2,13
2024-08-20,Meta,0,11
2024-08-20,Organic,5,123
2024-08-20,Other,136,359
2024-08-20,TikTok,0,3
2024-08-20,Vrbo,0,0
2024-08-21,Airbnb,0,0
2024-08-21,Criteo,0,1
2024-08-21,Customer IO,4,40
2024-08-21,Direct Mail,0,2
2024-08-21,Google,0,23
2024-08-21,Influencer,1,9
2024-08-21,Meta,0,10
2024-08-21,Organic,4,95
2024-08-21,Other,174,324
2024-08-22,Airbnb,0,0
2024-08-22,Criteo,0,1
2024-08-22,Customer IO,2,45
2024-08-22,Direct Mail,0,3
2024-08-22,Google,1,41
2024-08-22,Influencer,0,6
2024-08-22,Meta,0,10
2024-08-22,Organic,4,108
2024-08-22,Other,88,245
2024-08-22,Vrbo,0,0
2024-08-23,Airbnb,0,0
2024-08-23,Criteo,0,1
2024-08-23,Customer IO,1,38
2024-08-23,Direct Mail,0,2
2024-08-23,Google,0,33
2024-08-23,Influencer,0,7
2024-08-23,Meta,0,6
2024-08-23,Organic,1,110
2024-08-23,Other,78,239
2024-08-23,Pinterest,0,2
2024-08-23,Vrbo,0,0
2024-08-24,Airbnb,0,0
2024-08-24,Customer IO,2,60
2024-08-24,Direct Mail,0,4
2024-08-24,Google,1,48
2024-08-24,Influencer,0,9
2024-08-24,Manual,0,0
2024-08-24,Meta,0,30
2024-08-24,Organic,4,165
2024-08-24,Other,85,279
2024-08-24,Pinterest,0,1
2024-08-24,Vrbo,0,0
2024-08-25,Airbnb,0,0
2024-08-25,Criteo,0,1
2024-08-25,Customer IO,3,46
2024-08-25,Google,1,30
2024-08-25,Influencer,0,1
2024-08-25,Meta,0,12
2024-08-25,Organic,5,204
2024-08-25,Other,95,338
2024-08-26,Airbnb,0,0
2024-08-26,Criteo,0,2
2024-08-26,Customer IO,0,67
2024-08-26,Google,1,28
2024-08-26,Influencer,0,2
2024-08-26,Meta,0,18
2024-08-26,Organic,5,153
2024-08-26,Other,87,189
2024-08-27,Airbnb,0,0
2024-08-27,Customer IO,1,80
2024-08-27,Google,0,30
2024-08-27,Influencer,0,13
2024-08-27,Meta,1,17
2024-08-27,Organic,4,147
2024-08-27,Other,253,396
2024-08-27,Pinterest,0,3
2024-08-27,Vrbo,0,0
2024-08-28,Airbnb,0,0
2024-08-28,Criteo,0,1
2024-08-28,Customer IO,0,49
2024-08-28,Direct Mail,1,4
2024-08-28,Google,1,22
2024-08-28,Influencer,0,12
2024-08-28,Meta,0,11
2024-08-28,Organic,4,132
2024-08-28,Other,255,433
2024-08-28,Pinterest,0,1
2024-08-29,Criteo,0,2
2024-08-29,Customer IO,5,69
2024-08-29,Direct Mail,1,3
2024-08-29,Google,1,43
2024-08-29,Influencer,0,10
2024-08-29,Meta,0,24
2024-08-29,Organic,0,176
2024-08-29,Other,146,443
2024-08-30,Airbnb,0,0
2024-08-30,Criteo,0,3
2024-08-30,Customer IO,1,71
2024-08-30,Direct Mail,0,3
2024-08-30,Google,1,37
2024-08-30,Influencer,0,10
2024-08-30,Meta,0,26
2024-08-30,Organic,3,224
2024-08-30,Other,133,355
2024-08-30,Pinterest,0,1
2024-08-30,Vrbo,0,0
2024-08-31,Airbnb,0,0
2024-08-31,Customer IO,3,41
2024-08-31,Direct Mail,0,3
2024-08-31,Google,1,28
2024-08-31,Influencer,0,1
2024-08-31,Meta,1,46
2024-08-31,Organic,3,188
2024-08-31,Other,122,394
2024-08-31,TikTok,0,2
2024-09-01,Airbnb,0,0
2024-09-01,Customer IO,0,55
2024-09-01,Direct Mail,1,2
2024-09-01,Google,0,25
2024-09-01,Influencer,0,4
2024-09-01,Meta,0,42
2024-09-01,Organic,2,134
2024-09-01,Other,109,344
2024-09-02,Airbnb,0,0
2024-09-02,Criteo,0,2
2024-09-02,Customer IO,3,46
2024-09-02,Direct Mail,0,5
2024-09-02,Google,0,27
2024-09-02,Influencer,0,6
2024-09-02,Meta,0,20
2024-09-02,Organic,1,130
2024-09-02,Other,131,390
2024-09-02,Pinterest,0,1
2024-09-03,Airbnb,0,0
2024-09-03,Criteo,0,1
2024-09-03,Customer IO,1,32
2024-09-03,Direct Mail,0,1
2024-09-03,Google,1,43
2024-09-03,Influencer,0,1
2024-09-03,Meta,0,22
2024-09-03,Organic,5,127
2024-09-03,Other,79,288
2024-09-04,Airbnb,0,0
2024-09-04,Criteo,0,3
2024-09-04,Customer IO,0,52
2024-09-04,Direct Mail,0,3
2024-09-04,Google,2,36
2024-09-04,Influencer,1,6
2024-09-04,Meta,0,25
2024-09-04,Organic,3,163
2024-09-04,Other,70,258
2024-09-04,Vrbo,0,0
2024-09-05,Airbnb,0,0
2024-09-05,Customer IO,1,45
2024-09-05,Direct Mail,0,3
2024-09-05,Google,0,32
2024-09-05,Influencer,1,2
2024-09-05,Meta,0,18
2024-09-05,Organic,4,155
2024-09-05,Other,89,265
2024-09-05,Pinterest,0,10
2024-09-06,Airbnb,0,0
2024-09-06,Criteo,0,2
2024-09-06,Customer IO,3,49
2024-09-06,Direct Mail,0,2
2024-09-06,Google,0,37
2024-09-06,Influencer,1,5
2024-09-06,Meta,0,12
2024-09-06,Organic,3,117
2024-09-06,Other,86,254
2024-09-06,Vrbo,0,0
2024-09-07,Airbnb,0,0
2024-09-07,Criteo,0,2
2024-09-07,Customer IO,4,72
2024-09-07,Direct Mail,0,1
2024-09-07,Google,1,25
2024-09-07,Influencer,0,4
2024-09-07,Meta,1,40
2024-09-07,Organic,2,164
2024-09-07,Other,95,372
2024-09-07,Pinterest,0,2
2024-09-07,Vrbo,0,0
2024-09-08,Airbnb,0,0
2024-09-08,Customer IO,2,64
2024-09-08,Direct Mail,0,1
2024-09-08,Google,0,41
2024-09-08,Influencer,0,4
2024-09-08,Meta,1,27
2024-09-08,Organic,3,155
2024-09-08,Other,118,362
2024-09-08,Pinterest,0,1
2024-09-08,Vrbo,0,0
2024-09-09,Airbnb,0,0
2024-09-09,Criteo,0,7
2024-09-09,Customer IO,0,29
2024-09-09,Direct Mail,0,2
2024-09-09,Google,1,45
2024-09-09,Influencer,0,3
2024-09-09,Meta,1,13
2024-09-09,Organic,6,111
2024-09-09,Other,98,275
2024-09-09,Vrbo,0,0
2024-09-10,Airbnb,0,0
2024-09-10,Criteo,0,6
2024-09-10,Customer IO,0,46
2024-09-10,Direct Mail,0,4
2024-09-10,Google,1,30
2024-09-10,Influencer,0,2
2024-09-10,Meta,0,18
2024-09-10,Organic,3,145
2024-09-10,Other,82,285
2024-09-10,Vrbo,0,0
2024-09-11,Airbnb,0,0
2024-09-11,Criteo,0,7
2024-09-11,Customer IO,1,32
2024-09-11,Direct Mail,0,4
2024-09-11,Google,1,19
2024-09-11,Influencer,0,2
2024-09-11,Meta,0,26
2024-09-11,Organic,6,90
2024-09-11,Other,65,231
2024-09-11,Vrbo,0,0
2024-09-12,Airbnb,0,0
2024-09-12,Criteo,0,11
2024-09-12,Customer IO,4,56
2024-09-12,Direct Mail,2,7
2024-09-12,Google,0,27
2024-09-12,Influencer,0,2
2024-09-12,Meta,0,26
2024-09-12,Organic,4,133
2024-09-12,Other,93,256
2024-09-12,Vrbo,0,0
2024-09-13,Airbnb,0,0
2024-09-13,Criteo,0,3
2024-09-13,Customer IO,1,38
2024-09-13,Direct Mail,0,5
2024-09-13,Google,2,31
2024-09-13,Influencer,0,1
2024-09-13,Meta,0,20
2024-09-13,Organic,3,171
2024-09-13,Other,100,266
2024-09-13,Pinterest,1,1
2024-09-13,Vrbo,0,0
2024-09-14,Airbnb,0,0
2024-09-14,Criteo,0,1
2024-09-14,Customer IO,1,50
2024-09-14,Direct Mail,0,4
2024-09-14,Google,1,15
2024-09-14,Influencer,0,2
2024-09-14,Meta,0,49
2024-09-14,Organic,6,106
2024-09-14,Other,101,338
2024-09-14,Pinterest,0,1
2024-09-14,TikTok,0,1
2024-09-15,Airbnb,0,0
2024-09-15,Customer IO,2,55
2024-09-15,Direct Mail,0,5
2024-09-15,Google,0,38
2024-09-15,Influencer,0,3
2024-09-15,Meta,0,46
2024-09-15,Organic,4,142
2024-09-15,Other,102,343
2024-09-15,Pinterest,0,1
2024-09-15,Vrbo,0,0
2024-09-16,Airbnb,0,0
2024-09-16,Customer IO,0,46
2024-09-16,Direct Mail,0,5
2024-09-16,Google,3,23
2024-09-16,Influencer,0,4
2024-09-16,Meta,0,15
2024-09-16,Organic,5,149
2024-09-16,Other,68,273
2024-09-16,Pinterest,0,2
2024-09-17,Airbnb,0,0
2024-09-17,Criteo,0,3
2024-09-17,Customer IO,1,53
2024-09-17,Direct Mail,0,4
2024-09-17,Google,0,36
2024-09-17,Influencer,0,1
2024-09-17,Manual,0,1
2024-09-17,Meta,1,24
2024-09-17,Organic,0,153
2024-09-17,Other,81,289
2024-09-18,Airbnb,0,0
2024-09-18,Criteo,0,1
2024-09-18,Customer IO,2,41
2024-09-18,Direct Mail,0,2
2024-09-18,Google,0,37
2024-09-18,Meta,0,26
2024-09-18,Organic,2,150
2024-09-18,Other,81,253
2024-09-19,Airbnb,0,0
2024-09-19,Benefithub,0,1
2024-09-19,Customer IO,2,41
2024-09-19,Direct Mail,0,2
2024-09-19,Google,0,30
2024-09-19,Meta,0,20
2024-09-19,Microsoft,0,1
2024-09-19,Organic,2,110
2024-09-19,Other,64,178
2024-09-20,Benefithub,0,1
2024-09-20,Customer IO,2,28
2024-09-20,Google,1,23
2024-09-20,Manual,0,0
2024-09-20,Meta,1,17
2024-09-20,Organic,2,156
2024-09-20,Other,59,206
2024-09-20,Pinterest,0,1
2024-09-21,Airbnb,0,0
2024-09-21,Customer IO,1,71
2024-09-21,Direct Mail,0,2
2024-09-21,Email Action,0,3
2024-09-21,Google,1,25
2024-09-21,Influencer,0,1
2024-09-21,Meta,1,19
2024-09-21,Organic,4,104
2024-09-21,Other,64,178
2024-09-21,Pinterest,0,1
2024-09-22,Airbnb,0,0
2024-09-22,Criteo,0,2
2024-09-22,Customer IO,1,58
2024-09-22,Direct Mail,0,5
2024-09-22,Google,0,19
2024-09-22,Influencer,0,3
2024-09-22,Meta,1,38
2024-09-22,Organic,3,114
2024-09-22,Other,63,194
2024-09-22,TikTok,0,1
2024-09-23,Airbnb,0,0
2024-09-23,Criteo,0,1
2024-09-23,Customer IO,0,25
2024-09-23,Direct Mail,0,12
2024-09-23,Google,0,14
2024-09-23,Influencer,0,3
2024-09-23,Meta,2,22
2024-09-23,Organic,3,117
2024-09-23,Other,57,172
2024-09-24,Airbnb,0,0
2024-09-24,Benefithub,0,2
2024-09-24,Customer IO,1,39
2024-09-24,Direct Mail,0,2
2024-09-24,Google,1,22
2024-09-24,Influencer,0,1
2024-09-24,Meta,2,14
2024-09-24,Organic,1,119
2024-09-24,Other,51,117
2024-09-24,Pinterest,0,3
2024-09-25,Airbnb,0,0
2024-09-25,Benefithub,0,5
2024-09-25,Customer IO,1,35
2024-09-25,Google,1,23
2024-09-25,Influencer,0,4
2024-09-25,Manual,0,1
2024-09-25,Meta,1,17
2024-09-25,Organic,5,136
2024-09-25,Other,70,116
2024-09-26,Customer IO,3,41
2024-09-26,Direct Mail,0,3
2024-09-26,Google,3,20
2024-09-26,Influencer,1,0
2024-09-26,Meta,1,25
2024-09-26,Organic,4,80
2024-09-26,Other,61,100
2024-09-27,Airbnb,0,0
2024-09-27,Criteo,0,2
2024-09-27,Customer IO,1,38
2024-09-27,Direct Mail,0,2
2024-09-27,Google,3,41
2024-09-27,Influencer,2,4
2024-09-27,Meta,5,20
2024-09-27,Organic,10,130
2024-09-27,Other,79,66
2024-09-27,Pinterest,0,2
2024-09-27,TikTok,0,2
2024-09-28,Airbnb,0,0
2024-09-28,Benefithub,0,3
2024-09-28,Customer IO,7,30
2024-09-28,Google,3,31
2024-09-28,Influencer,0,2
2024-09-28,Meta,3,29
2024-09-28,Organic,8,101
2024-09-28,Other,63,78
2024-09-28,Vrbo,0,0
2024-09-29,Benefithub,0,3
2024-09-29,Customer IO,3,36
2024-09-29,Google,6,26
2024-09-29,Influencer,44,10
2024-09-29,Meta,5,16
2024-09-29,Organic,17,125
2024-09-29,Other,76,108
2024-09-29,Vrbo,0,0
2024-09-30,Benefithub,0,3
2024-09-30,Criteo,0,1
2024-09-30,Customer IO,6,29
2024-09-30,Google,5,38
2024-09-30,Influencer,13,13
2024-09-30,Meta,4,41
2024-09-30,Organic,15,114
2024-09-30,Other,83,84
2024-10-01,Benefithub,0,3
2024-10-01,Customer IO,2,22
2024-10-01,Direct Mail,0,1
2024-10-01,Google,5,44
2024-10-01,Influencer,8,2
2024-10-01,Meta,0,16
2024-10-01,Organic,12,119
2024-10-01,Other,52,64
2024-10-01,Vrbo,0,0
2024-10-02,Customer IO,4,31
2024-10-02,Direct Mail,0,3
2024-10-02,Google,5,33
2024-10-02,Influencer,202,18
2024-10-02,Meta,10,15
2024-10-02,Organic,55,135
2024-10-02,Other,215,83
2024-10-02,TikTok,1,3
2024-10-02,Vrbo,0,0
2024-10-03,Airbnb,0,0
2024-10-03,Benefithub,0,2
2024-10-03,Criteo,0,3
2024-10-03,Customer IO,4,77
2024-10-03,Direct Mail,0,3
2024-10-03,Google,9,42
2024-10-03,Influencer,75,6
2024-10-03,Meta,14,37
2024-10-03,Organic,29,137
2024-10-03,Other,143,133
2024-10-03,Pinterest,0,1
2024-10-04,Airbnb,0,0
2024-10-04,Benefithub,0,1
2024-10-04,Criteo,1,1
2024-10-04,Customer IO,2,46
2024-10-04,Direct Mail,0,3
2024-10-04,Google,8,41
2024-10-04,Influencer,8,3
2024-10-04,Meta,8,24
2024-10-04,Organic,19,136
2024-10-04,Other,69,74
2024-10-05,Airbnb,0,0
2024-10-05,Customer IO,4,62
2024-10-05,Direct Mail,1,2
2024-10-05,Google,6,58
2024-10-05,Influencer,18,2
2024-10-05,Meta,5,21
2024-10-05,Organic,26,160
2024-10-05,Other,96,127
2024-10-05,Pinterest,0,1
2024-10-05,Vrbo,0,0
2024-10-06,Airbnb,0,0
2024-10-06,Customer IO,5,37
2024-10-06,Direct Mail,0,3
2024-10-06,Google,9,65
2024-10-06,Influencer,8,6
2024-10-06,Meta,5,35
2024-10-06,Organic,16,151
2024-10-06,Other,102,97
2024-10-06,Pinterest,0,3
2024-10-06,Vrbo,0,0
2024-10-07,Airbnb,0,0
2024-10-07,Benefithub,0,1
2024-10-07,Customer IO,5,27
2024-10-07,Direct Mail,0,2
2024-10-07,Google,9,53
2024-10-07,Influencer,16,2
2024-10-07,Meta,6,16
2024-10-07,Organic,27,128
2024-10-07,Other,115,89
2024-10-07,Pinterest,0,5
2024-10-07,TikTok,0,2
2024-10-08,Benefithub,0,2
2024-10-08,Customer IO,2,43
2024-10-08,Email Action,0,2
2024-10-08,Google,8,65
2024-10-08,Influencer,36,9
2024-10-08,Meta,17,23
2024-10-08,Organic,24,152
2024-10-08,Other,107,101
2024-10-08,Vrbo,0,0
2024-10-09,Airbnb,0,0
2024-10-09,Benefithub,0,1
2024-10-09,Customer IO,4,30
2024-10-09,Direct Mail,0,7
2024-10-09,Email Action,0,1
2024-10-09,Google,6,62
2024-10-09,Influencer,43,6
2024-10-09,Meta,9,39
2024-10-09,Organic,20,133
2024-10-09,Other,102,112
2024-10-10,Criteo,1,0
2024-10-10,Customer IO,8,52
2024-10-10,Google,9,49
2024-10-10,Influencer,138,12
2024-10-10,Meta,21,27
2024-10-10,Organic,36,128
2024-10-10,Other,236,76
2024-10-10,Vrbo,0,0
2024-10-11,Airbnb,0,0
2024-10-11,Criteo,0,1
2024-10-11,Customer IO,5,42
2024-10-11,Direct Mail,0,2
2024-10-11,Google,11,22
2024-10-11,Influencer,15,10
2024-10-11,Meta,2,11
2024-10-11,Organic,13,97
2024-10-11,Other,75,93
2024-10-11,Vrbo,0,0
2024-10-12,Airbnb,0,0
2024-10-12,Benefithub,0,5
2024-10-12,Criteo,1,1
2024-10-12,Customer IO,2,38
2024-10-12,Direct Mail,0,3
2024-10-12,Google,12,53
2024-10-12,Influencer,12,7
2024-10-12,Meta,4,12
2024-10-12,Organic,14,128
2024-10-12,Other,87,120
2024-10-12,Pinterest,1,0
2024-10-12,TikTok,0,1
2024-10-13,Airbnb,0,0
2024-10-13,Criteo,1,1
2024-10-13,Customer IO,5,36
2024-10-13,Direct Mail,0,3
2024-10-13,Google,5,45
2024-10-13,Influencer,6,8
2024-10-13,Meta,0,21
2024-10-13,Organic,18,160
2024-10-13,Other,60,117
2024-10-13,TikTok,1,0
2024-10-13,Vrbo,0,0
2024-10-14,Airbnb,0,0
2024-10-14,Benefithub,0,3
2024-10-14,Customer IO,4,56
2024-10-14,Direct Mail,1,2
2024-10-14,Google,8,68
2024-10-14,Influencer,8,1
2024-10-14,Meta,3,6
2024-10-14,Organic,13,168
2024-10-14,Other,72,105
2024-10-15,Airbnb,0,0
2024-10-15,Customer IO,2,43
2024-10-15,Google,3,55
2024-10-15,Influencer,35,2
2024-10-15,Meta,3,11
2024-10-15,Organic,16,145
2024-10-15,Other,110,95
2024-10-15,Pinterest,0,1
2024-10-15,TikTok,0,1
2024-10-16,Airbnb,0,0
2024-10-16,Customer IO,4,47
2024-10-16,Direct Mail,0,2
2024-10-16,Google,3,39
2024-10-16,Influencer,16,8
2024-10-16,Manual,0,1
2024-10-16,Meta,6,26
2024-10-16,Organic,12,124
2024-10-16,Other,86,82
2024-10-16,Pinterest,1,1
2024-10-16,Vrbo,0,0
2024-10-17,Criteo,1,0
2024-10-17,Customer IO,2,24
2024-10-17,Direct Mail,0,5
2024-10-17,Google,10,52
2024-10-17,Influencer,0,1
2024-10-17,Meta,3,7
2024-10-17,Organic,17,105
2024-10-17,Other,65,55
2024-10-17,TikTok,1,1
2024-10-17,Vrbo,0,0
2024-10-18,Airbnb,0,0
2024-10-18,Criteo,2,1
2024-10-18,Customer IO,2,47
2024-10-18,Direct Mail,0,1
2024-10-18,Google,3,26
2024-10-18,Influencer,9,6
2024-10-18,Meta,5,13
2024-10-18,Organic,11,109
2024-10-18,Other,74,108
2024-10-19,Airbnb,0,0
2024-10-19,Criteo,1,3
2024-10-19,Customer IO,2,40
2024-10-19,Direct Mail,0,3
2024-10-19,Google,5,40
2024-10-19,Influencer,38,8
2024-10-19,Meta,4,13
2024-10-19,Organic,19,93
2024-10-19,Other,108,80
2024-10-19,Vrbo,0,0
2024-10-20,Airbnb,0,0
2024-10-20,Customer IO,6,52
2024-10-20,Direct Mail,0,1
2024-10-20,Google,14,50
2024-10-20,Influencer,53,12
2024-10-20,Meta,5,10
2024-10-20,Organic,13,152
2024-10-20,Other,131,135
2024-10-20,Vrbo,0,0
2024-10-21,Airbnb,0,0
2024-10-21,Criteo,2,2
2024-10-21,Customer IO,2,27
2024-10-21,Google,11,62
2024-10-21,Influencer,7,6
2024-10-21,Meta,0,7
2024-10-21,Mybookingpal,0,0
2024-10-21,Organic,5,105
2024-10-21,Other,49,90
2024-10-21,Vrbo,0,0
2024-10-22,Airbnb,0,0
2024-10-22,Customer IO,5,37
2024-10-22,Direct Mail,1,7
2024-10-22,Google,15,63
2024-10-22,Influencer,29,5
2024-10-22,Meta,8,12
2024-10-22,Organic,25,134
2024-10-22,Other,97,78
2024-10-22,TikTok,1,2
2024-10-22,Vrbo,0,0
2024-10-23,Airbnb,0,0
2024-10-23,Benefithub,0,2
2024-10-23,Criteo,0,1
2024-10-23,Customer IO,2,30
2024-10-23,Direct Mail,0,1
2024-10-23,Google,8,58
2024-10-23,Influencer,10,3
2024-10-23,Meta,4,8
2024-10-23,Organic,18,133
2024-10-23,Other,72,74
2024-10-23,Vrbo,0,0
2024-10-24,Airbnb,0,0
2024-10-24,Customer IO,4,33
2024-10-24,Direct Mail,1,1
2024-10-24,Google,11,65
2024-10-24,Influencer,7,1
2024-10-24,Meta,3,11
2024-10-24,Microsoft,0,1
2024-10-24,Mybookingpal,0,0
2024-10-24,Organic,9,103
2024-10-24,Other,81,87
2024-10-24,TikTok,0,1
2024-10-25,Customer IO,9,38
2024-10-25,Direct Mail,0,1
2024-10-25,Google,6,35
2024-10-25,Influencer,13,5
2024-10-25,Meta,1,19
2024-10-25,Organic,15,109
2024-10-25,Other,80,70
2024-10-25,Vrbo,0,0
2024-10-26,Airbnb,0,0
2024-10-26,Customer IO,1,24
2024-10-26,Direct Mail,0,1
2024-10-26,Google,5,48
2024-10-26,Influencer,22,4
2024-10-26,Meta,2,11
2024-10-26,Organic,13,97
2024-10-26,Other,85,93
2024-10-26,Vrbo,0,0
2024-10-27,Airbnb,0,0
2024-10-27,Customer IO,4,27
2024-10-27,Google,4,74
2024-10-27,Influencer,11,3
2024-10-27,Meta,0,1
2024-10-27,Organic,13,121
2024-10-27,Other,81,102
2024-10-27,Vrbo,0,0
2024-10-28,Airbnb,0,0
2024-10-28,Criteo,1,1
2024-10-28,Customer IO,5,39
2024-10-28,Google,5,45
2024-10-28,Influencer,3,8
2024-10-28,Meta,0,6
2024-10-28,Mybookingpal,0,0
2024-10-28,Organic,12,106
2024-10-28,Other,66,72
2024-10-28,TikTok,1,1
2024-10-29,Customer IO,4,29
2024-10-29,Google,3,57
2024-10-29,Influencer,10,5
2024-10-29,Manual,0,0
2024-10-29,Meta,3,10
2024-10-29,Organic,9,98
2024-10-29,Other,62,84
2024-10-30,Airbnb,0,0
2024-10-30,Customer IO,2,44
2024-10-30,Direct Mail,1,1
2024-10-30,Google,7,50
2024-10-30,Influencer,7,0
2024-10-30,Meta,1,6
2024-10-30,Organic,5,109
2024-10-30,Other,62,65
2024-10-30,Vrbo,0,0
2024-10-31,Airbnb,0,0
2024-10-31,Criteo,0,2
2024-10-31,Customer IO,0,42
2024-10-31,Google,5,46
2024-10-31,Influencer,1,0
2024-10-31,Manual,0,0
2024-10-31,Meta,2,2
2024-10-31,Microsoft,0,1
2024-10-31,Organic,9,90
2024-10-31,Other,32,52
2024-10-31,Vrbo,0,0
2024-11-01,Customer IO,2,34
2024-11-01,Google,4,41
2024-11-01,Influencer,1,0
2024-11-01,Meta,4,11
2024-11-01,Microsoft,0,12
2024-11-01,Organic,7,106
2024-11-01,Other,49,53
2024-11-01,Vrbo,0,0
2024-11-02,Airbnb,0,0
2024-11-02,Customer IO,2,43
2024-11-02,Google,11,59
2024-11-02,Influencer,2,3
2024-11-02,Meta,2,3
2024-11-02,Microsoft,0,1
2024-11-02,Organic,8,112
2024-11-02,Other,66,100
2024-11-02,Vrbo,0,0
2024-11-03,Airbnb,0,0
2024-11-03,Customer IO,2,39
2024-11-03,Google,5,53
2024-11-03,Influencer,1,4
2024-11-03,Meta,1,6
2024-11-03,Organic,11,113
2024-11-03,Other,69,85
2024-11-03,Pinterest,0,1
2024-11-04,Airbnb,0,0
2024-11-04,Customer IO,6,37
2024-11-04,Google,8,65
2024-11-04,Influencer,1,6
2024-11-04,Meta,1,7
2024-11-04,Microsoft,0,1
2024-11-04,Mybookingpal,0,0
2024-11-04,Organic,14,122
2024-11-04,Other,156,89
2024-11-05,Airbnb,0,0
2024-11-05,Customer IO,5,46
2024-11-05,Direct Mail,0,10
2024-11-05,Google,6,48
2024-11-05,Influencer,2,0
2024-11-05,Meta,0,9
2024-11-05,Microsoft,0,4
2024-11-05,Organic,7,130
2024-11-05,Other,66,70
2024-11-05,Vrbo,0,0
2024-11-06,Airbnb,0,0
2024-11-06,Benefithub,0,7
2024-11-06,Customer IO,2,28
2024-11-06,Direct Mail,0,1
2024-11-06,Google,5,40
2024-11-06,Influencer,15,6
2024-11-06,Meta,3,13
2024-11-06,Organic,10,88
2024-11-06,Other,55,64
2024-11-06,Vrbo,0,0
2024-11-07,Airbnb,0,0
2024-11-07,Benefithub,0,1
2024-11-07,Customer IO,5,39
2024-11-07,Google,10,55
2024-11-07,Influencer,13,5
2024-11-07,Manual,0,0
2024-11-07,Meta,3,9
2024-11-07,Organic,25,130
2024-11-07,Other,80,85
2024-11-07,Vrbo,0,0
2024-11-08,Airbnb,0,0
2024-11-08,Customer IO,3,29
2024-11-08,Google,3,46
2024-11-08,Influencer,0,3
2024-11-08,Meta,1,7
2024-11-08,Organic,10,92
2024-11-08,Other,63,61
2024-11-08,Vrbo,0,0
2024-11-09,Airbnb,0,0
2024-11-09,Criteo,1,1
2024-11-09,Customer IO,2,60
2024-11-09,Direct Mail,1,8
2024-11-09,Email Action,1,0
2024-11-09,Google,3,33
2024-11-09,Influencer,2,1
2024-11-09,Meta,0,7
2024-11-09,Organic,11,148
2024-11-09,Other,66,110
2024-11-09,Pinterest,1,0
2024-11-10,Airbnb,0,0
2024-11-10,Criteo,0,3
2024-11-10,Customer IO,5,36
2024-11-10,Direct Mail,0,1
2024-11-10,Google,5,71
2024-11-10,Influencer,2,1
2024-11-10,Meta,6,6
2024-11-10,Organic,12,117
2024-11-10,Other,79,80
2024-11-10,Pinterest,0,1
2024-11-11,Airbnb,0,0
2024-11-11,Customer IO,4,40
2024-11-11,Google,4,29
2024-11-11,Influencer,2,5
2024-11-11,Meta,1,9
2024-11-11,Organic,12,121
2024-11-11,Other,76,79
2024-11-11,Vrbo,0,0
2024-11-12,Customer IO,0,52
2024-11-12,Direct Mail,0,2
2024-11-12,Email Action,0,2
2024-11-12,Google,6,42
2024-11-12,Influencer,0,1
2024-11-12,Meta,1,13
2024-11-12,Microsoft,0,1
2024-11-12,Organic,9,112
2024-11-12,Other,63,92
2024-11-12,Pinterest,0,1
2024-11-13,Airbnb,0,0
2024-11-13,Benefithub,0,3
2024-11-13,Customer IO,5,42
2024-11-13,Direct Mail,0,3
2024-11-13,Google,4,53
2024-11-13,Influencer,0,5
2024-11-13,Meta,4,18
2024-11-13,Organic,12,156
2024-11-13,Other,57,70
2024-11-13,Vrbo,0,0
2024-11-14,Airbnb,0,0
2024-11-14,Customer IO,1,55
2024-11-14,Direct Mail,1,2
2024-11-14,Google,4,35
2024-11-14,Influencer,1,0
2024-11-14,Meta,2,13
2024-11-14,Organic,8,108
2024-11-14,Other,62,72
2024-11-14,Pinterest,0,2
2024-11-15,Airbnb,0,0
2024-11-15,Criteo,0,2
2024-11-15,Customer IO,3,38
2024-11-15,Direct Mail,0,5
2024-11-15,Google,1,33
2024-11-15,Influencer,1,1
2024-11-15,Meta,1,4
2024-11-15,Organic,16,129
2024-11-15,Other,83,73
2024-11-15,Vrbo,0,0
2024-11-16,Criteo,1,1
2024-11-16,Customer IO,0,36
2024-11-16,Direct Mail,0,1
2024-11-16,Google,8,38
2024-11-16,Meta,0,4
2024-11-16,Organic,12,90
2024-11-16,Other,71,62
2024-11-16,Pinterest,1,1
2024-11-16,Vrbo,0,0
2024-11-17,Airbnb,0,0
2024-11-17,Customer IO,3,74
2024-11-17,Direct Mail,0,2
2024-11-17,Google,2,41
2024-11-17,Influencer,2,8
2024-11-17,Meta,4,12
2024-11-17,Organic,15,141
2024-11-17,Other,71,84
2024-11-17,Vrbo,0,0
2024-11-18,Airbnb,0,0
2024-11-18,Customer IO,1,23
2024-11-18,Direct Mail,0,2
2024-11-18,Google,8,49
2024-11-18,Influencer,2,0
2024-11-18,Meta,4,19
2024-11-18,Organic,12,122
2024-11-18,Other,55,79
2024-11-18,Vrbo,0,0
2024-11-19,Airbnb,0,0
2024-11-19,Criteo,1,0
2024-11-19,Customer IO,1,38
2024-11-19,Google,3,41
2024-11-19,Influencer,12,2
2024-11-19,Meta,4,16
2024-11-19,Organic,17,169
2024-11-19,Other,73,67
2024-11-20,Airbnb,0,0
2024-11-20,Customer IO,2,24
2024-11-20,Direct Mail,0,3
2024-11-20,Google,7,49
2024-11-20,Influencer,20,1
2024-11-20,Meta,4,10
2024-11-20,Organic,12,97
2024-11-20,Other,89,48
2024-11-21,Airbnb,0,0
2024-11-21,Benefithub,0,1
2024-11-21,Criteo,0,1
2024-11-21,Customer IO,2,35
2024-11-21,Google,5,45
2024-11-21,Influencer,2,1
2024-11-21,Meta,1,5
2024-11-21,Organic,9,105
2024-11-21,Other,49,47
2024-11-21,Pinterest,1,1
2024-11-22,Airbnb,0,0
2024-11-22,Criteo,0,1
2024-11-22,Customer IO,3,54
2024-11-22,Google,4,46
2024-11-22,Meta,2,25
2024-11-22,Organic,15,122
2024-11-22,Other,49,56
2024-11-23,Airbnb,0,0
2024-11-23,Customer IO,2,51
2024-11-23,Direct Mail,1,4
2024-11-23,Google,7,47
2024-11-23,Influencer,1,3
2024-11-23,Manual,0,1
2024-11-23,Meta,7,20
2024-11-23,Microsoft,1,1
2024-11-23,Organic,12,132
2024-11-23,Other,71,88
2024-11-24,Airbnb,0,0
2024-11-24,Customer IO,3,32
2024-11-24,Direct Mail,0,1
2024-11-24,Google,3,28
2024-11-24,Influencer,1,0
2024-11-24,Meta,3,5
2024-11-24,Organic,10,111
2024-11-24,Other,65,60
2024-11-25,Airbnb,0,0
2024-11-25,Customer IO,1,33
2024-11-25,Direct Mail,0,4
2024-11-25,Google,2,43
2024-11-25,Influencer,1,0
2024-11-25,Meta,5,14
2024-11-25,Organic,19,110
2024-11-25,Other,61,64
2024-11-25,Vrbo,0,0
2024-11-26,Customer IO,1,41
2024-11-26,Google,8,43
2024-11-26,Influencer,18,1
2024-11-26,Meta,5,12
2024-11-26,Organic,13,113
2024-11-26,Other,81,58
2024-11-27,Airbnb,0,0
2024-11-27,Customer IO,3,12
2024-11-27,Google,1,44
2024-11-27,Influencer,12,12
2024-11-27,Meta,13,16
2024-11-27,Organic,12,131
2024-11-27,Other,62,42
2024-11-27,Pinterest,0,2
2024-11-28,Airbnb,0,0
2024-11-28,Customer IO,0,7
2024-11-28,Google,1,22
2024-11-28,Influencer,5,2
2024-11-28,Meta,7,17
2024-11-28,Organic,8,82
2024-11-28,Other,42,44
2024-11-29,Customer IO,1,36
2024-11-29,Direct Mail,0,1
2024-11-29,Google,7,29
2024-11-29,Influencer,7,4
2024-11-29,Meta,7,8
2024-11-29,Organic,6,115
2024-11-29,Other,45,64
2024-11-30,Airbnb,0,0
2024-11-30,Criteo,0,2
2024-11-30,Customer IO,2,68
2024-11-30,Direct Mail,0,1
2024-11-30,Google,2,47
2024-11-30,Meta,8,20
2024-11-30,Mybookingpal,0,0
2024-11-30,Organic,7,121
2024-11-30,Other,54,72
2024-12-01,Airbnb,0,0
2024-12-01,Customer IO,3,36
2024-12-01,Google,7,35
2024-12-01,Influencer,58,6
2024-12-01,Meta,5,12
2024-12-01,Organic,23,123
2024-12-01,Other,126,93
2024-12-01,Pinterest,0,1
2024-12-01,Vrbo,0,0
2024-12-02,Criteo,0,3
2024-12-02,Customer IO,5,52
2024-12-02,Direct Mail,0,1
2024-12-02,Google,7,52
2024-12-02,Influencer,80,4
2024-12-02,Meta,19,28
2024-12-02,Organic,17,132
2024-12-02,Other,179,95
2024-12-02,Pinterest,0,1
2024-12-03,Airbnb,0,0
2024-12-03,Customer IO,5,78
2024-12-03,Direct Mail,0,11
2024-12-03,Google,5,63
2024-12-03,Influencer,61,3
2024-12-03,Meta,11,29
2024-12-03,Organic,12,180
2024-12-03,Other,129,98
2024-12-03,Pinterest,0,1
2024-12-03,Vrbo,0,0
2024-12-04,Criteo,1,2
2024-12-04,Customer IO,3,52
2024-12-04,Google,9,49
2024-12-04,Influencer,82,10
2024-12-04,Manual,0,0
2024-12-04,Meta,20,32
2024-12-04,Organic,50,156
2024-12-04,Other,142,77
2024-12-04,Vrbo,0,0
2024-12-05,Airbnb,0,0
2024-12-05,Criteo,1,1
2024-12-05,Customer IO,3,42
2024-12-05,Google,7,55
2024-12-05,Influencer,13,4
2024-12-05,Meta,7,17
2024-12-05,Organic,12,107
2024-12-05,Other,78,47
2024-12-05,Vrbo,0,0
2024-12-06,Benefithub,0,1
2024-12-06,Customer IO,3,45
2024-12-06,Direct Mail,1,0
2024-12-06,Google,5,75
2024-12-06,Influencer,47,2
2024-12-06,Manual,0,0
2024-12-06,Meta,12,36
2024-12-06,Organic,22,105
2024-12-06,Other,170,81
2024-12-07,Airbnb,0,0
2024-12-07,Criteo,1,0
2024-12-07,Customer IO,5,70
2024-12-07,Direct Mail,0,4
2024-12-07,Google,14,62
2024-12-07,Influencer,89,6
2024-12-07,Meta,26,27
2024-12-07,Organic,26,80
2024-12-07,Other,225,82
2024-12-07,Pinterest,1,0
2024-12-08,Airbnb,0,0
2024-12-08,Customer IO,7,77
2024-12-08,Direct Mail,0,2
2024-12-08,Google,7,78
2024-12-08,Influencer,18,2
2024-12-08,Meta,9,25
2024-12-08,Organic,14,141
2024-12-08,Other,100,106
2024-12-08,Vrbo,0,0
2024-12-09,Airbnb,0,0
2024-12-09,Benefithub,0,1
2024-12-09,Criteo,0,1
2024-12-09,Customer IO,3,29
2024-12-09,Direct Mail,2,1
2024-12-09,Google,6,83
2024-12-09,Influencer,14,3
2024-12-09,Meta,9,20
2024-12-09,Organic,19,115
2024-12-09,Other,88,113
2024-12-09,Pinterest,0,1
2024-12-09,Vrbo,0,0
2024-12-10,Airbnb,0,0
2024-12-10,Benefithub,0,1
2024-12-10,Customer IO,6,79
2024-12-10,Direct Mail,0,2
2024-12-10,Google,11,64
2024-12-10,Influencer,9,5
2024-12-10,Meta,12,25
2024-12-10,Microsoft,0,2
2024-12-10,Organic,16,164
2024-12-10,Other,85,90
2024-12-10,Vrbo,0,0
2024-12-11,Airbnb,0,0
2024-12-11,Benefithub,0,1
2024-12-11,Criteo,0,2
2024-12-11,Customer IO,4,49
2024-12-11,Direct Mail,0,2
2024-12-11,Google,4,99
2024-12-11,Influencer,2,0
2024-12-11,Meta,11,16
2024-12-11,Organic,13,128
2024-12-11,Other,82,71
2024-12-11,Vrbo,0,0
2024-12-12,Airbnb,0,0
2024-12-12,Customer IO,4,58
2024-12-12,Direct Mail,1,1
2024-12-12,Google,19,86
2024-12-12,Influencer,0,8
2024-12-12,Meta,14,23
2024-12-12,Organic,10,121
2024-12-12,Other,67,53
2024-12-12,Vrbo,0,0
2024-12-13,Airbnb,0,0
2024-12-13,Booking,0,0
2024-12-13,Criteo,1,0
2024-12-13,Customer IO,5,38
2024-12-13,Direct Mail,1,3
2024-12-13,Google,7,71
2024-12-13,Influencer,4,0
2024-12-13,Meta,13,24
2024-12-13,Organic,15,165
2024-12-13,Other,77,76
2024-12-13,Vrbo,0,0
2024-12-14,Airbnb,0,0
2024-12-14,Customer IO,3,53
2024-12-14,Direct Mail,0,4
2024-12-14,Google,11,93
2024-12-14,Influencer,1,3
2024-12-14,Meta,13,22
2024-12-14,Organic,9,115
2024-12-14,Other,67,85
2024-12-14,Vrbo,0,0
2024-12-15,Airbnb,0,0
2024-12-15,Booking,0,0
2024-12-15,Customer IO,5,44
2024-12-15,Google,15,85
2024-12-15,Influencer,7,1
2024-12-15,Meta,9,20
2024-12-15,Organic,14,115
2024-12-15,Other,105,100
2024-12-15,Vrbo,0,0
2024-12-16,Airbnb,0,0
2024-12-16,Customer IO,7,49
2024-12-16,Direct Mail,0,2
2024-12-16,Google,9,86
2024-12-16,Influencer,18,13
2024-12-16,Meta,19,33
2024-12-16,Organic,23,155
2024-12-16,Other,117,93
2024-12-16,Pinterest,0,1
2024-12-16,Vrbo,0,0
2024-12-17,Airbnb,0,0
2024-12-17,Benefithub,0,1
2024-12-17,Customer IO,7,48
2024-12-17,Direct Mail,0,3
2024-12-17,Google,7,68
2024-12-17,Influencer,11,3
2024-12-17,Meta,16,23
2024-12-17,Organic,21,170
2024-12-17,Other,101,67
2024-12-17,Pinterest,1,2
2024-12-17,Vrbo,0,0
2024-12-18,Airbnb,0,0
2024-12-18,Customer IO,6,35
2024-12-18,Direct Mail,0,1
2024-12-18,Google,5,51
2024-12-18,Influencer,5,10
2024-12-18,Meta,9,14
2024-12-18,Organic,14,138
2024-12-18,Other,74,60
2024-12-18,Pinterest,1,1
2024-12-18,Vrbo,0,0
2024-12-19,Airbnb,0,0
2024-12-19,Customer IO,2,38
2024-12-19,Direct Mail,0,1
2024-12-19,Google,8,50
2024-12-19,Influencer,1,6
2024-12-19,Meta,12,11
2024-12-19,Organic,12,125
2024-12-19,Other,81,88
2024-12-19,Vrbo,0,0
2024-12-20,Airbnb,0,0
2024-12-20,Criteo,1,0
2024-12-20,Customer IO,3,29
2024-12-20,Direct Mail,0,1
2024-12-20,Google,9,70
2024-12-20,Influencer,0,2
2024-12-20,Meta,6,27
2024-12-20,Organic,15,115
2024-12-20,Other,65,83
2024-12-20,Pinterest,3,0
2024-12-21,Airbnb,0,0
2024-12-21,Customer IO,4,41
2024-12-21,Direct Mail,0,1
2024-12-21,Google,13,39
2024-12-21,Meta,14,30
2024-12-21,Organic,16,157
2024-12-21,Other,79,87
2024-12-21,Vrbo,0,0
2024-12-22,Airbnb,0,0
2024-12-22,Customer IO,7,39
2024-12-22,Direct Mail,0,3
2024-12-22,Google,8,54
2024-12-22,Influencer,0,4
2024-12-22,Meta,14,35
2024-12-22,Organic,19,120
2024-12-22,Other,120,94
2024-12-22,Pinterest,2,1
2024-12-22,Vrbo,0,0
2024-12-23,Airbnb,0,0
2024-12-23,Customer IO,4,21
2024-12-23,Google,12,66
2024-12-23,Influencer,3,8
2024-12-23,Meta,10,29
2024-12-23,Organic,18,133
2024-12-23,Other,103,91
2024-12-23,Pinterest,2,3
2024-12-23,Vrbo,0,0
2024-12-24,Airbnb,0,0
2024-12-24,Criteo,0,0
2024-12-24,Customer IO,8,53
2024-12-24,Direct Mail,1,0
2024-12-24,Google,9,47
2024-12-24,Influencer,2,1
2024-12-24,Meta,6,20
2024-12-24,Organic,16,138
2024-12-24,Other,89,79
2024-12-24,Pinterest,0,1
2024-12-25,Airbnb,0,0
2024-12-25,Criteo,0,1
2024-12-25,Customer IO,2,36
2024-12-25,Direct Mail,0,5
2024-12-25,Google,16,68
2024-12-25,Influencer,0,1
2024-12-25,Meta,17,27
2024-12-25,Organic,15,101
2024-12-25,Other,75,80
2024-12-25,Vrbo,0,0
2024-12-26,Airbnb,0,0
2024-12-26,Criteo,0,1
2024-12-26,Customer IO,12,69
2024-12-26,Direct Mail,0,2
2024-12-26,Google,23,79
2024-12-26,Influencer,2,4
2024-12-26,Meta,23,68
2024-12-26,Organic,20,165
2024-12-26,Other,99,143
2024-12-26,Pinterest,0,1
2024-12-27,Airbnb,0,0
2024-12-27,Customer IO,9,65
2024-12-27,Direct Mail,0,2
2024-12-27,Google,10,82
2024-12-27,Influencer,5,3
2024-12-27,Meta,16,29
2024-12-27,Microsoft,1,0
2024-12-27,Organic,28,188
2024-12-27,Other,106,141
2024-12-27,Pinterest,0,9
2024-12-27,Vrbo,0,0
2024-12-28,Airbnb,0,0
2024-12-28,Criteo,1,2
2024-12-28,Customer IO,10,70
2024-12-28,Direct Mail,0,3
2024-12-28,Google,21,82
2024-12-28,Influencer,6,0
2024-12-28,Meta,10,51
2024-12-28,Organic,19,144
2024-12-28,Other,120,136
2024-12-28,Pinterest,1,1
2024-12-28,Vrbo,0,0
2024-12-29,Benefithub,0,1
2024-12-29,Criteo,1,1
2024-12-29,Customer IO,11,49
2024-12-29,Google,21,79
2024-12-29,Influencer,2,4
2024-12-29,Meta,23,67
2024-12-29,Organic,25,189
2024-12-29,Other,162,197
2024-12-29,Pinterest,0,4
2024-12-29,Vrbo,0,0
2024-12-30,Airbnb,0,0
2024-12-30,Benefithub,0,6
2024-12-30,Criteo,2,3
2024-12-30,Customer IO,4,63
2024-12-30,Direct Mail,0,2
2024-12-30,Google,21,90
2024-12-30,Influencer,1,3
2024-12-30,Meta,17,25
2024-12-30,Organic,33,227
2024-12-30,Other,110,156
2024-12-30,Vrbo,0,0
2024-12-31,Airbnb,0,0
2024-12-31,Customer IO,7,42
2024-12-31,Direct Mail,0,1
2024-12-31,Google,29,81
2024-12-31,Influencer,12,5
2024-12-31,Meta,36,31
2024-12-31,Organic,28,149
2024-12-31,Other,151,178
2024-12-31,Pinterest,0,1
2024-12-31,Vrbo,0,0
2025-01-01,Airbnb,0,0
2025-01-01,Criteo,0,1
2025-01-01,Customer IO,11,94
2025-01-01,Direct Mail,0,1
2025-01-01,Google,21,122
2025-01-01,Influencer,98,6
2025-01-01,Meta,33,41
2025-01-01,Organic,40,151
2025-01-01,Other,216,172
2025-01-01,Pinterest,0,1
2025-01-01,Vrbo,0,0
2025-01-02,Airbnb,0,0
2025-01-02,Criteo,2,2
2025-01-02,Customer IO,9,52
2025-01-02,Direct Mail,0,3
2025-01-02,Google,41,142
2025-01-02,Influencer,9,5
2025-01-02,Meta,23,42
2025-01-02,Organic,32,143
2025-01-02,Other,143,160
2025-01-02,Pinterest,1,0
2025-01-02,TikTok,0,4
2025-01-02,Vrbo,0,0
2025-01-03,Airbnb,0,0
2025-01-03,Customer IO,9,37
2025-01-03,Direct Mail,0,3
2025-01-03,Google,30,103
2025-01-03,Influencer,5,4
2025-01-03,Meta,37,45
2025-01-03,Microsoft,1,1
2025-01-03,Organic,33,137
2025-01-03,Other,159,139
2025-01-03,Pinterest,0,2
2025-01-03,Vrbo,0,0
2025-01-04,Airbnb,0,0
2025-01-04,Benefithub,0,3
2025-01-04,Criteo,1,1
2025-01-04,Customer IO,5,40
2025-01-04,Direct Mail,0,1
2025-01-04,Google,30,112
2025-01-04,Influencer,5,12
2025-01-04,Meta,27,39
2025-01-04,Organic,35,158
2025-01-04,Other,136,130
2025-01-04,Pinterest,0,1
2025-01-05,Airbnb,0,0
2025-01-05,Customer IO,12,58
2025-01-05,Direct Mail,0,7
2025-01-05,Google,24,134
2025-01-05,Influencer,17,2
2025-01-05,Meta,31,47
2025-01-05,Organic,42,206
2025-01-05,Other,146,131
2025-01-05,Pinterest,1,2
2025-01-06,Airbnb,0,0
2025-01-06,Criteo,0,1
2025-01-06,Customer IO,13,39
2025-01-06,Direct Mail,1,0
2025-01-06,Google,25,87
2025-01-06,Influencer,8,0
2025-01-06,Meta,34,55
2025-01-06,Organic,28,140
2025-01-06,Other,134,103
2025-01-06,Vrbo,0,0
2025-01-07,Airbnb,0,0
2025-01-07,Benefithub,0,1
2025-01-07,Criteo,0,1
2025-01-07,Customer IO,12,38
2025-01-07,Direct Mail,1,3
2025-01-07,Google,21,82
2025-01-07,Influencer,112,7
2025-01-07,Meta,32,53
2025-01-07,Organic,42,201
2025-01-07,Other,280,100
2025-01-08,Airbnb,0,0
2025-01-08,Customer IO,7,32
2025-01-08,Direct Mail,1,0
2025-01-08,Google,27,68
2025-01-08,Influencer,102,7
2025-01-08,Meta,29,38
2025-01-08,Organic,29,152
2025-01-08,Other,226,88
2025-01-08,Pinterest,0,1
2025-01-08,Vrbo,0,0
2025-01-09,Airbnb,0,0
2025-01-09,Benefithub,1,1
2025-01-09,Customer IO,6,30
2025-01-09,Google,18,109
2025-01-09,Influencer,5,4
2025-01-09,Meta,21,45
2025-01-09,Organic,25,183
2025-01-09,Other,137,75
2025-01-09,Vrbo,0,0
2025-01-10,Airbnb,0,0
2025-01-10,Customer IO,10,42
2025-01-10,Direct Mail,1,4
2025-01-10,Google,18,59
2025-01-10,Influencer,1,0
2025-01-10,Meta,19,21
2025-01-10,Organic,23,107
2025-01-10,Other,109,69
2025-01-10,Vrbo,0,0
2025-01-11,Airbnb,0,0
2025-01-11,Criteo,0,2
2025-01-11,Customer IO,8,52
2025-01-11,Google,26,99
2025-01-11,Influencer,2,0
2025-01-11,Meta,19,25
2025-01-11,Microsoft,1,8
2025-01-11,Organic,20,179
2025-01-11,Other,121,93
2025-01-11,Pinterest,0,1
2025-01-12,Airbnb,0,0
2025-01-12,Criteo,0,1
2025-01-12,Customer IO,6,37
2025-01-12,Google,31,65
2025-01-12,Influencer,6,2
2025-01-12,Meta,27,38
2025-01-12,Organic,20,194
2025-01-12,Other,155,103
2025-01-13,Airbnb,0,0
2025-01-13,Criteo,2,1
2025-01-13,Customer IO,5,30
2025-01-13,Google,17,82
2025-01-13,Influencer,0,5
2025-01-13,Manual,0,1
2025-01-13,Meta,27,48
2025-01-13,Organic,34,161
2025-01-13,Other,111,98
2025-01-14,Airbnb,0,0
2025-01-14,Criteo,2,0
2025-01-14,Customer IO,4,35
2025-01-14,Direct Mail,0,1
2025-01-14,Google,16,49
2025-01-14,Influencer,8,4
2025-01-14,Meta,10,25
2025-01-14,Organic,18,161
2025-01-14,Other,139,61
2025-01-14,Pinterest,0,1
2025-01-14,Vrbo,0,0
2025-01-15,Airbnb,0,0
2025-01-15,Customer IO,0,29
2025-01-15,Google,12,39
2025-01-15,Influencer,5,3
2025-01-15,Meta,20,34
2025-01-15,Microsoft,0,1
2025-01-15,Organic,28,126
2025-01-15,Other,112,78
2025-01-15,Vrbo,0,0
2025-01-16,Airbnb,0,0
2025-01-16,Criteo,0,2
2025-01-16,Customer IO,6,32
2025-01-16,Direct Mail,1,4
2025-01-16,Google,11,44
2025-01-16,Influencer,0,1
2025-01-16,Meta,13,42
2025-01-16,Microsoft,0,1
2025-01-16,Organic,25,138
2025-01-16,Other,88,67
2025-01-16,Vrbo,0,0
2025-01-17,Airbnb,0,0
2025-01-17,Criteo,1,1
2025-01-17,Customer IO,42,33
2025-01-17,Direct Mail,2,2
2025-01-17,Google,44,70
2025-01-17,Influencer,1629,141
2025-01-17,Meta,185,48
2025-01-17,Organic,290,188
2025-01-17,Other,2359,79
2025-01-17,Pinterest,0,1
2025-01-17,Vrbo,0,0
2025-01-18,Airbnb,0,0
2025-01-18,Criteo,0,2
2025-01-18,Customer IO,9,37
2025-01-18,Google,18,49
2025-01-18,Influencer,51,9
2025-01-18,Meta,14,18
2025-01-18,Organic,36,119
2025-01-18,Other,187,78
2025-01-18,Pinterest,1,0
2025-01-18,Vrbo,0,0
2025-01-19,Airbnb,0,0
2025-01-19,Criteo,1,1
2025-01-19,Customer IO,3,31
2025-01-19,Direct Mail,1,1
2025-01-19,Google,11,63
2025-01-19,Influencer,21,12
2025-01-19,Meta,9,24
2025-01-19,Organic,21,135
2025-01-19,Other,140,95
2025-01-20,Airbnb,0,0
2025-01-20,Benefithub,0,4
2025-01-20,Customer IO,4,34
2025-01-20,Google,14,66
2025-01-20,Influencer,9,7
2025-01-20,Meta,12,16
2025-01-20,Organic,26,121
2025-01-20,Other,113,64
2025-01-20,Vrbo,0,0
2025-01-21,Airbnb,0,0
2025-01-21,Criteo,0,1
2025-01-21,Customer IO,6,29
2025-01-21,Direct Mail,0,1
2025-01-21,Google,20,60
2025-01-21,Influencer,6,3
2025-01-21,Meta,8,25
2025-01-21,Organic,27,189
2025-01-21,Other,93,60
2025-01-21,Vrbo,0,0
2025-01-22,Airbnb,0,0
2025-01-22,Criteo,1,1
2025-01-22,Customer IO,10,35
2025-01-22,Direct Mail,0,1
2025-01-22,Google,9,65
2025-01-22,Influencer,5,2
2025-01-22,Meta,8,25
2025-01-22,Organic,31,168
2025-01-22,Other,122,51
2025-01-22,Pinterest,1,0
2025-01-22,Vrbo,0,0
2025-01-23,Airbnb,0,0
2025-01-23,Benefithub,0,2
2025-01-23,Criteo,0,1
2025-01-23,Customer IO,8,27
2025-01-23,Google,14,52
2025-01-23,Influencer,11,2
2025-01-23,Meta,15,24
2025-01-23,Organic,34,169
2025-01-23,Other,149,70
2025-01-23,Vrbo,0,0
2025-01-24,Airbnb,0,0
2025-01-24,Criteo,0,1
2025-01-24,Customer IO,6,28
2025-01-24,Direct Mail,1,1
2025-01-24,Google,25,45
2025-01-24,Influencer,43,2
2025-01-24,Meta,19,18
2025-01-24,Organic,38,104
2025-01-24,Other,280,56
2025-01-24,Pinterest,2,0
2025-01-24,Vrbo,0,0
2025-01-25,Airbnb,0,0
2025-01-25,Customer IO,4,47
2025-01-25,Google,30,26
2025-01-25,Influencer,7,2
2025-01-25,Meta,11,21
2025-01-25,Organic,41,134
2025-01-25,Other,183,51
2025-01-25,Pinterest,1,0
2025-01-25,Vrbo,0,0
2025-01-26,Airbnb,0,0
2025-01-26,Benefithub,0,3
2025-01-26,Customer IO,7,29
2025-01-26,Google,17,29
2025-01-26,Influencer,16,2
2025-01-26,Meta,9,21
2025-01-26,Organic,37,147
2025-01-26,Other,160,101
2025-01-26,Pinterest,1,0
2025-01-27,Airbnb,0,0
2025-01-27,Benefithub,0,1
2025-01-27,Criteo,1,0
2025-01-27,Customer IO,1,15
2025-01-27,Google,21,26
2025-01-27,Influencer,13,0
2025-01-27,Meta,17,17
2025-01-27,Organic,34,86
2025-01-27,Other,125,48
2025-01-27,Pinterest,1,0
2025-01-27,Vrbo,0,0
2025-01-28,Airbnb,0,0
2025-01-28,Benefithub,0,1
2025-01-28,Customer IO,7,30
2025-01-28,Direct Mail,1,0
2025-01-28,Google,13,15
2025-01-28,Influencer,101,4
2025-01-28,Meta,21,15
2025-01-28,Organic,48,117
2025-01-28,Other,145,49
2025-01-28,Pinterest,2,1
2025-01-28,Vrbo,0,0
2025-01-29,Airbnb,0,0
2025-01-29,Criteo,0,2
2025-01-29,Customer IO,6,31
2025-01-29,Direct Mail,0,3
2025-01-29,Google,12,25
2025-01-29,Influencer,46,0
2025-01-29,Meta,19,12
2025-01-29,Organic,50,171
2025-01-29,Other,111,59
2025-01-29,Vrbo,0,0
2025-01-30,Airbnb,0,0
2025-01-30,Benefithub,0,3
2025-01-30,Criteo,1,0
2025-01-30,Customer IO,6,49
2025-01-30,Direct Mail,0,7
2025-01-30,Google,22,59
2025-01-30,Influencer,32,1
2025-01-30,Meta,18,25
2025-01-30,Organic,42,128
2025-01-30,Other,90,56
2025-01-30,Pinterest,1,0
2025-01-30,Vrbo,0,0
2025-01-31,Airbnb,0,0
2025-01-31,Criteo,0,4
2025-01-31,Customer IO,5,37
2025-01-31,Google,40,80
2025-01-31,Influencer,22,4
2025-01-31,Meta,27,46
2025-01-31,Organic,42,172
2025-01-31,Other,134,75
2025-01-31,Pinterest,2,1
2025-02-01,Airbnb,0,0
2025-02-01,Benefithub,0,1
2025-02-01,Customer IO,6,46
2025-02-01,Direct Mail,1,0
2025-02-01,Google,31,52
2025-02-01,Influencer,117,11
2025-02-01,Meta,30,35
2025-02-01,Microsoft,0,1
2025-02-01,Organic,39,129
2025-02-01,Other,139,95
2025-02-01,Pinterest,1,0
2025-02-01,Vrbo,0,0
2025-02-02,Airbnb,0,0
2025-02-02,Customer IO,11,74
2025-02-02,Direct Mail,0,4
2025-02-02,Google,44,90
2025-02-02,Influencer,8,0
2025-02-02,Meta,26,33
2025-02-02,Microsoft,0,2
2025-02-02,Organic,53,139
2025-02-02,Other,445,158
2025-02-02,Pinterest,1,0
2025-02-02,Vrbo,0,0
2025-02-03,Airbnb,0,0
2025-02-03,Customer IO,10,30
2025-02-03,Direct Mail,0,1
2025-02-03,Google,32,39
2025-02-03,Influencer,227,6
2025-02-03,Meta,44,41
2025-02-03,Microsoft,0,1
2025-02-03,Organic,57,127
2025-02-03,Other,489,118
2025-02-03,Pinterest,1,1
2025-02-03,Vrbo,0,0
2025-02-04,Airbnb,0,0
2025-02-04,Criteo,2,2
2025-02-04,Customer IO,4,17
2025-02-04,Google,35,45
2025-02-04,Influencer,72,0
2025-02-04,Manual,0,1
2025-02-04,Meta,31,37
2025-02-04,Organic,43,143
2025-02-04,Other,234,100
2025-02-04,Pinterest,2,0
2025-02-04,TikTok,1,0
2025-02-04,Vrbo,0,0
2025-02-05,Airbnb,0,0
2025-02-05,Customer IO,4,36
2025-02-05,Google,57,64
2025-02-05,Influencer,22,3
2025-02-05,Meta,22,37
2025-02-05,Microsoft,0,2
2025-02-05,Organic,37,120
2025-02-05,Other,138,83
2025-02-05,Pinterest,2,1
2025-02-05,Vrbo,0,0
2025-02-06,Airbnb,0,0
2025-02-06,Benefithub,0,1
2025-02-06,Booking,0,0
2025-02-06,Criteo,0,3
2025-02-06,Customer IO,5,52
2025-02-06,Google,64,74
2025-02-06,Influencer,5,3
2025-02-06,Manual,0,1
2025-02-06,Meta,25,36
2025-02-06,Organic,51,121
2025-02-06,Other,149,79
2025-02-06,Pinterest,1,0
2025-02-06,Vrbo,0,0
2025-02-07,Airbnb,0,0
2025-02-07,Benefithub,0,2
2025-02-07,Criteo,0,2
2025-02-07,Customer IO,9,68
2025-02-07,Google,47,52
2025-02-07,Influencer,10,14
2025-02-07,Meta,27,40
2025-02-07,Organic,40,122
2025-02-07,Other,167,84
2025-02-07,Pinterest,2,0
2025-02-07,Vrbo,0,0
2025-02-08,Airbnb,0,0
2025-02-08,Criteo,1,0
2025-02-08,Customer IO,4,74
2025-02-08,Direct Mail,0,6
2025-02-08,Google,49,66
2025-02-08,Influencer,16,5
2025-02-08,Meta,18,20
2025-02-08,Organic,47,167
2025-02-08,Other,174,112
2025-02-08,Pinterest,3,2
2025-02-08,Vrbo,0,0
2025-02-09,Airbnb,0,0
2025-02-09,Booking,0,0
2025-02-09,Criteo,0,3
2025-02-09,Customer IO,6,56
2025-02-09,Direct Mail,0,2
2025-02-09,Google,67,95
2025-02-09,Influencer,6,9
2025-02-09,Meta,31,36
2025-02-09,Organic,52,153
2025-02-09,Other,187,139
2025-02-09,Pinterest,1,0
2025-02-10,Airbnb,0,0
2025-02-10,Customer IO,10,56
2025-02-10,Direct Mail,0,2
2025-02-10,Google,62,52
2025-02-10,Influencer,8,4
2025-02-10,Meta,15,39
2025-02-10,Organic,36,107
2025-02-10,Other,125,68
2025-02-10,Vrbo,0,0
2025-02-11,Airbnb,0,0
2025-02-11,Benefithub,0,2
2025-02-11,Customer IO,2,42
2025-02-11,Google,50,68
2025-02-11,Influencer,87,10
2025-02-11,Meta,23,26
2025-02-11,Organic,59,150
2025-02-11,Other,97,90
2025-02-11,Pinterest,2,1
2025-02-11,Vrbo,0,0
2025-02-12,Airbnb,0,0
2025-02-12,Criteo,1,1
2025-02-12,Customer IO,8,57
2025-02-12,Google,44,60
2025-02-12,Influencer,228,5
2025-02-12,Meta,25,20
2025-02-12,Organic,55,118
2025-02-12,Other,114,79
2025-02-12,Pinterest,2,1
2025-02-13,Airbnb,0,0
2025-02-13,Benefithub,0,5
2025-02-13,Criteo,0,7
2025-02-13,Customer IO,9,38
2025-02-13,Google,51,41
2025-02-13,Influencer,420,14
2025-02-13,Meta,28,25
2025-02-13,Organic,68,134
2025-02-13,Other,113,67
2025-02-13,Pinterest,2,0
2025-02-13,Vrbo,0,0
2025-02-14,Airbnb,0,0
2025-02-14,Criteo,0,1
2025-02-14,Customer IO,6,36
2025-02-14,Direct Mail,0,2
2025-02-14,Google,35,31
2025-02-14,Influencer,49,2
2025-02-14,Meta,8,16
2025-02-14,Microsoft,1,0
2025-02-14,Organic,30,89
2025-02-14,Other,114,65
2025-02-14,Pinterest,1,0
2025-02-14,Vrbo,0,0
2025-02-15,Airbnb,0,0
2025-02-15,Criteo,0,1
2025-02-15,Customer IO,10,49
2025-02-15,Direct Mail,1,2
2025-02-15,Google,59,65
2025-02-15,Influencer,55,4
2025-02-15,Meta,34,42
2025-02-15,Organic,43,141
2025-02-15,Other,147,55
2025-02-15,Pinterest,2,3
2025-02-15,TikTok,0,1
2025-02-16,Airbnb,0,0
2025-02-16,Criteo,3,2
2025-02-16,Customer IO,7,45
2025-02-16,Google,75,66
2025-02-16,Influencer,48,5
2025-02-16,Meta,22,40
2025-02-16,Organic,53,171
2025-02-16,Other,169,86
2025-02-16,Vrbo,0,0
2025-02-17,Airbnb,0,0
2025-02-17,Customer IO,4,31
2025-02-17,Google,40,76
2025-02-17,Influencer,43,1
2025-02-17,Meta,38,76
2025-02-17,Organic,60,155
2025-02-17,Other,162,67
2025-02-18,Airbnb,0,0
2025-02-18,Criteo,3,2
2025-02-18,Customer IO,14,61
2025-02-18,Direct Mail,0,1
2025-02-18,Google,63,57
2025-02-18,Influencer,243,8
2025-02-18,Meta,39,42
2025-02-18,Organic,68,185
2025-02-18,Other,186,80
2025-02-18,Pinterest,1,0
2025-02-18,Vrbo,0,0
2025-02-19,Airbnb,0,0
2025-02-19,Customer IO,12,51
2025-02-19,Direct Mail,0,3
2025-02-19,Google,48,56
2025-02-19,Influencer,229,10
2025-02-19,Manual,0,0
2025-02-19,Meta,44,51
2025-02-19,Organic,43,132
2025-02-19,Other,148,96
2025-02-19,Pinterest,1,0
2025-02-20,Airbnb,0,0
2025-02-20,Criteo,1,0
2025-02-20,Customer IO,7,51
2025-02-20,Google,50,74
2025-02-20,Influencer,273,30
2025-02-20,Meta,46,57
2025-02-20,Organic,67,172
2025-02-20,Other,199,81
2025-02-20,Pinterest,0,1
2025-02-20,Vrbo,0,0
2025-02-21,Airbnb,0,0
2025-02-21,Criteo,1,0
2025-02-21,Customer IO,8,51
2025-02-21,Direct Mail,1,0
2025-02-21,Google,65,83
2025-02-21,Influencer,275,19
2025-02-21,Meta,55,67
2025-02-21,Organic,68,155
2025-02-21,Other,169,95
2025-02-21,Pinterest,1,0
2025-02-21,Vrbo,0,0
2025-02-22,Airbnb,0,0
2025-02-22,Criteo,1,0
2025-02-22,Customer IO,11,73
2025-02-22,Direct Mail,0,2
2025-02-22,Google,69,91
2025-02-22,Influencer,103,1
2025-02-22,Meta,25,45
2025-02-22,Organic,52,169
2025-02-22,Other,166,111
2025-02-22,Pinterest,1,1
2025-02-22,Vrbo,0,0
2025-02-23,Airbnb,0,0
2025-02-23,Customer IO,2,59
2025-02-23,Direct Mail,0,4
2025-02-23,Google,53,91
2025-02-23,Influencer,69,3
2025-02-23,Meta,13,18
2025-02-23,Organic,47,191
2025-02-23,Other,143,90
2025-02-23,Pinterest,1,0
2025-02-24,Airbnb,0,0
2025-02-24,Criteo,2,0
2025-02-24,Customer IO,7,38
2025-02-24,Direct Mail,1,1
2025-02-24,Google,40,55
2025-02-24,Influencer,173,8
2025-02-24,Manual,0,0
2025-02-24,Meta,5,6
2025-02-24,Organic,42,182
2025-02-24,Other,121,51
2025-02-24,TikTok,1,1
2025-02-24,Vrbo,0,0
2025-02-25,Airbnb,0,0
2025-02-25,Customer IO,5,15
2025-02-25,Google,14,25
2025-02-25,Influencer,22,2
2025-02-25,Manual,0,0
2025-02-25,Meta,13,19
2025-02-25,Organic,20,145
2025-02-25,Other,116,71
2025-02-25,Vrbo,0,0
2025-02-26,Airbnb,0,0
2025-02-26,Benefithub,0,1
2025-02-26,Customer IO,3,36
2025-02-26,Google,12,43
2025-02-26,Influencer,69,10
2025-02-26,Manual,0,0
2025-02-26,Meta,9,19
2025-02-26,Microsoft,0,2
2025-02-26,Organic,23,117
2025-02-26,Other,107,93
2025-02-26,Vrbo,0,0
2025-02-27,Airbnb,0,0
2025-02-27,Benefithub,0,1
2025-02-27,Customer IO,6,47
2025-02-27,Google,17,63
2025-02-27,Influencer,73,6
2025-02-27,Meta,10,26
2025-02-27,Microsoft,0,4
2025-02-27,Organic,27,116
2025-02-27,Other,110,74
2025-02-27,Vrbo,0,0
2025-02-28,Airbnb,0,0
2025-02-28,Benefithub,0,1
2025-02-28,Criteo,0,3
2025-02-28,Customer IO,7,32
2025-02-28,Google,9,52
2025-02-28,Influencer,14,7
2025-02-28,Meta,11,30
2025-02-28,Organic,23,142
2025-02-28,Other,121,70
2025-02-28,Pinterest,1,0
2025-02-28,Vrbo,0,0
2025-03-01,Airbnb,0,0
2025-03-01,Criteo,0,2
2025-03-01,Customer IO,8,69
2025-03-01,Direct Mail,0,1
2025-03-01,Google,19,45
2025-03-01,Influencer,8,1
2025-03-01,Meta,11,32
2025-03-01,Microsoft,0,2
2025-03-01,Organic,27,113
2025-03-01,Other,138,125
2025-03-02,Airbnb,0,0
2025-03-02,Criteo,2,4
2025-03-02,Customer IO,7,56
2025-03-02,Direct Mail,0,1
2025-03-02,Google,29,70
2025-03-02,Influencer,11,4
2025-03-02,Meta,21,56
2025-03-02,Organic,24,138
2025-03-02,Other,174,97
2025-03-02,Pinterest,1,5
2025-03-02,Vrbo,0,0
2025-03-03,Airbnb,0,0
2025-03-03,Customer IO,2,53
2025-03-03,Google,22,60
2025-03-03,Influencer,8,0
2025-03-03,Manual,0,0
2025-03-03,Meta,10,36
2025-03-03,Organic,32,136
2025-03-03,Other,168,60
2025-03-04,Airbnb,0,0
2025-03-04,Benefithub,1,4
2025-03-04,Criteo,2,2
2025-03-04,Customer IO,4,63
2025-03-04,Google,33,80
2025-03-04,Influencer,5,2
2025-03-04,Meta,21,41
2025-03-04,Organic,34,164
2025-03-04,Other,135,85
2025-03-04,Vrbo,0,0
2025-03-05,Airbnb,0,0
2025-03-05,Benefithub,0,1
2025-03-05,Criteo,4,10
2025-03-05,Customer IO,3,54
2025-03-05,Direct Mail,0,1
2025-03-05,Google,42,93
2025-03-05,Influencer,27,10
2025-03-05,Manual,0,0
2025-03-05,Meta,16,33
2025-03-05,Organic,26,196
2025-03-05,Other,140,84
2025-03-05,Vrbo,0,0
2025-03-06,Airbnb,0,0
2025-03-06,Criteo,1,5
2025-03-06,Customer IO,3,74
2025-03-06,Direct Mail,1,3
2025-03-06,Google,36,73
2025-03-06,Influencer,18,9
2025-03-06,Meta,33,65
2025-03-06,Microsoft,0,3
2025-03-06,Organic,43,146
2025-03-06,Other,109,61
2025-03-06,Pinterest,2,1
2025-03-07,Airbnb,0,0
2025-03-07,Criteo,2,14
2025-03-07,Customer IO,3,84
2025-03-07,Direct Mail,0,2
2025-03-07,Google,41,74
2025-03-07,Influencer,38,7
2025-03-07,Meta,16,42
2025-03-07,Microsoft,0,2
2025-03-07,Organic,36,160
2025-03-07,Other,144,87
2025-03-08,Airbnb,0,0
2025-03-08,Benefithub,0,1
2025-03-08,Criteo,2,5
2025-03-08,Customer IO,8,98
2025-03-08,Direct Mail,0,1
2025-03-08,Google,54,114
2025-03-08,Influencer,6,4
2025-03-08,Manual,0,0
2025-03-08,Meta,20,48
2025-03-08,Organic,32,158
2025-03-08,Other,176,89
2025-03-08,Pinterest,1,1
2025-03-09,Airbnb,0,0
2025-03-09,Criteo,2,4
2025-03-09,Customer IO,12,79
2025-03-09,Direct Mail,1,10
2025-03-09,Google,74,102
2025-03-09,Influencer,14,0
2025-03-09,Meta,38,86
2025-03-09,Microsoft,0,9
2025-03-09,Organic,40,207
2025-03-09,Other,220,125
2025-03-09,Pinterest,2,2
2025-03-09,Vrbo,0,0
2025-03-10,Airbnb,0,0
2025-03-10,Criteo,3,15
2025-03-10,Customer IO,5,70
2025-03-10,Direct Mail,1,3
2025-03-10,Google,46,87
2025-03-10,Influencer,52,5
2025-03-10,Meta,39,69
2025-03-10,Microsoft,0,3
2025-03-10,Organic,39,170
2025-03-10,Other,201,97
2025-03-10,Pinterest,1,0
2025-03-11,Airbnb,0,0
2025-03-11,Benefithub,0,1
2025-03-11,Criteo,1,2
2025-03-11,Customer IO,8,55
2025-03-11,Direct Mail,0,8
2025-03-11,Google,64,135
2025-03-11,Influencer,15,8
2025-03-11,Manual,0,0
2025-03-11,Meta,53,71
2025-03-11,Microsoft,0,2
2025-03-11,Organic,41,221
2025-03-11,Other,182,103
2025-03-11,Pinterest,3,1
2025-03-12,Airbnb,0,0
2025-03-12,Criteo,0,6
2025-03-12,Customer IO,9,55
2025-03-12,Google,51,95
2025-03-12,Influencer,74,9
2025-03-12,Meta,39,62
2025-03-12,Organic,52,175
2025-03-12,Other,193,65
2025-03-12,Pinterest,1,0
2025-03-12,Vrbo,0,0
2025-03-13,Airbnb,0,0
2025-03-13,Criteo,1,1
2025-03-13,Customer IO,12,48
2025-03-13,Direct Mail,0,3
2025-03-13,Google,62,95
2025-03-13,Influencer,28,7
2025-03-13,Meta,38,91
2025-03-13,Organic,36,178
2025-03-13,Other,146,112
2025-03-13,Pinterest,1,2
2025-03-13,Vrbo,0,0
2025-03-14,Airbnb,0,0
2025-03-14,Criteo,0,2
2025-03-14,Customer IO,6,84
2025-03-14,Direct Mail,0,2
2025-03-14,Google,53,95
2025-03-14,Influencer,17,5
2025-03-14,Meta,37,80
2025-03-14,Organic,63,155
2025-03-14,Other,187,82
2025-03-14,Pinterest,2,0
2025-03-14,Vrbo,0,0
2025-03-15,Airbnb,0,0
2025-03-15,Criteo,2,3
2025-03-15,Customer IO,7,95
2025-03-15,Direct Mail,0,5
2025-03-15,Google,65,121
2025-03-15,Influencer,41,11
2025-03-15,Meta,49,62
2025-03-15,Mountain,2,0
2025-03-15,Organic,51,154
2025-03-15,Other,196,116
2025-03-15,Pinterest,1,0
2025-03-16,Airbnb,0,0
2025-03-16,Criteo,0,7
2025-03-16,Customer IO,9,83
2025-03-16,Direct Mail,0,3
2025-03-16,Google,76,114
2025-03-16,Influencer,13,7
2025-03-16,Meta,27,41
2025-03-16,Organic,40,162
2025-03-16,Other,213,123
2025-03-16,Pinterest,2,0
2025-03-16,Vrbo,0,0
2025-03-17,Airbnb,0,0
2025-03-17,Benefithub,0,1
2025-03-17,Criteo,2,4
2025-03-17,Customer IO,7,60
2025-03-17,Google,61,100
2025-03-17,Influencer,19,3
2025-03-17,Meta,16,32
2025-03-17,Microsoft,0,1
2025-03-17,Organic,45,138
2025-03-17,Other,148,92
2025-03-17,Vrbo,0,0
2025-03-18,Airbnb,0,0
2025-03-18,Benefithub,0,1
2025-03-18,Criteo,2,2
2025-03-18,Customer IO,14,91
2025-03-18,Direct Mail,0,1
2025-03-18,Google,72,96
2025-03-18,Influencer,82,6
2025-03-18,Manual,0,0
2025-03-18,Meta,44,85
2025-03-18,Microsoft,0,3
2025-03-18,Organic,54,156
2025-03-18,Other,183,128
2025-03-18,Pinterest,2,0
2025-03-18,Vrbo,0,0
2025-03-19,Airbnb,0,0
2025-03-19,Benefithub,0,2
2025-03-19,Criteo,4,9
2025-03-19,Customer IO,9,71
2025-03-19,Direct Mail,0,1
2025-03-19,Google,60,95
2025-03-19,Influencer,72,16
2025-03-19,Meta,38,76
2025-03-19,Organic,69,170
2025-03-19,Other,192,116
2025-03-19,Pinterest,2,1
2025-03-19,Vrbo,0,0
2025-03-20,Airbnb,0,0
2025-03-20,Benefithub,0,2
2025-03-20,Criteo,2,9
2025-03-20,Customer IO,7,74
2025-03-20,Direct Mail,0,1
2025-03-20,Google,49,91
2025-03-20,Influencer,27,5
2025-03-20,Meta,43,108
2025-03-20,Organic,50,173
2025-03-20,Other,165,85
2025-03-21,Airbnb,0,0
2025-03-21,Benefithub,0,1
2025-03-21,Criteo,0,12
2025-03-21,Customer IO,11,83
2025-03-21,Direct Mail,0,1
2025-03-21,Google,72,111
2025-03-21,Influencer,50,14
2025-03-21,Manual,0,0
2025-03-21,Meta,32,54
2025-03-21,Microsoft,0,1
2025-03-21,Organic,47,225
2025-03-21,Other,177,134
2025-03-21,Vrbo,0,0
2025-03-22,Airbnb,0,0
2025-03-22,Benefithub,0,1
2025-03-22,Criteo,2,5
2025-03-22,Customer IO,10,108
2025-03-22,Direct Mail,0,1
2025-03-22,Email Action,0,1
2025-03-22,Google,70,111
2025-03-22,Influencer,124,28
2025-03-22,Meta,34,55
2025-03-22,Organic,56,192
2025-03-22,Other,196,146
2025-03-22,Pinterest,1,1
2025-03-23,Airbnb,0,0
2025-03-23,Criteo,2,7
2025-03-23,Customer IO,10,73
2025-03-23,Direct Mail,1,2
2025-03-23,Google,82,141
2025-03-23,Influencer,34,13
2025-03-23,Meta,49,97
2025-03-23,Organic,50,262
2025-03-23,Other,207,179
2025-03-23,Pinterest,2,4
2025-03-24,Airbnb,0,0
2025-03-24,Benefithub,0,1
2025-03-24,Criteo,2,4
2025-03-24,Customer IO,9,61
2025-03-24,Direct Mail,0,3
2025-03-24,Google,88,208
2025-03-24,Influencer,15,5
2025-03-24,Meta,51,76
2025-03-24,Organic,58,168
2025-03-24,Other,196,120
2025-03-24,Pinterest,3,2
2025-03-24,Vrbo,0,0
2025-03-25,Airbnb,0,0
2025-03-25,Benefithub,0,3
2025-03-25,Criteo,2,16
2025-03-25,Customer IO,12,109
2025-03-25,Direct Mail,0,4
2025-03-25,Google,71,161
2025-03-25,Influencer,298,34
2025-03-25,Meta,60,82
2025-03-25,Organic,106,273
2025-03-25,Other,199,144
2025-03-25,Pinterest,2,8
2025-03-26,Airbnb,0,0
2025-03-26,Benefithub,0,1
2025-03-26,Criteo,3,3
2025-03-26,Customer IO,13,55
2025-03-26,Direct Mail,0,9
2025-03-26,Email Action,0,1
2025-03-26,Google,46,83
2025-03-26,Influencer,165,25
2025-03-26,Meta,87,136
2025-03-26,Microsoft,0,2
2025-03-26,Organic,68,187
2025-03-26,Other,182,120
2025-03-26,Vrbo,0,0
2025-03-27,Airbnb,0,0
2025-03-27,Benefithub,0,2
2025-03-27,Criteo,0,3
2025-03-27,Customer IO,2,60
2025-03-27,Direct Mail,1,0
2025-03-27,Google,42,87
2025-03-27,Influencer,24,5
2025-03-27,Meta,78,118
2025-03-27,Organic,43,142
2025-03-27,Other,142,125
2025-03-27,Pinterest,3,4
2025-03-27,TikTok,0,1
2025-03-27,Vrbo,0,0
2025-03-28,Airbnb,0,0
2025-03-28,Criteo,1,2
2025-03-28,Customer IO,3,62
2025-03-28,Google,60,111
2025-03-28,Influencer,11,4
2025-03-28,Meta,76,138
2025-03-28,Organic,41,152
2025-03-28,Other,167,109
2025-03-28,Pinterest,3,1
2025-03-28,Vrbo,0,0
2025-03-29,Airbnb,0,0
2025-03-29,Criteo,4,4
2025-03-29,Customer IO,8,57
2025-03-29,Direct Mail,1,2
2025-03-29,Google,57,145
2025-03-29,Influencer,334,54
2025-03-29,Meta,66,93
2025-03-29,Organic,78,186
2025-03-29,Other,204,133
2025-03-29,Pinterest,2,4
2025-03-29,Vrbo,0,0
2025-03-30,Airbnb,0,0
2025-03-30,Criteo,4,3
2025-03-30,Customer IO,13,79
2025-03-30,Google,75,184
2025-03-30,Influencer,2289,297
2025-03-30,Meta,97,124
2025-03-30,Organic,320,267
2025-03-30,Other,342,153
2025-03-30,Pinterest,2,6
2025-03-30,TikTok,0,4
2025-03-30,Vrbo,0,0
2025-03-31,Airbnb,0,0
2025-03-31,Benefithub,0,1
2025-03-31,Criteo,1,8
2025-03-31,Customer IO,7,82
2025-03-31,Direct Mail,0,5
2025-03-31,Email Action,0,1
2025-03-31,Google,67,133
2025-03-31,Influencer,472,81
2025-03-31,Meta,89,109
2025-03-31,Organic,99,237
2025-03-31,Other,229,158
2025-03-31,Pinterest,3,2
2025-03-31,Vrbo,0,0
2025-04-01,Airbnb,0,0
2025-04-01,Benefithub,0,1
2025-04-01,Criteo,5,7
2025-04-01,Customer IO,8,86
2025-04-01,Direct Mail,0,10
2025-04-01,Google,90,153
2025-04-01,Influencer,316,44
2025-04-01,Manual,0,0
2025-04-01,Meta,103,167
2025-04-01,Organic,101,279
2025-04-01,Other,298,186
2025-04-01,Pinterest,1,1
2025-04-02,Benefithub,0,2
2025-04-02,Criteo,1,4
2025-04-02,Customer IO,9,94
2025-04-02,Direct Mail,1,1
2025-04-02,Google,86,123
2025-04-02,Influencer,99,13
2025-04-02,Manual,0,0
2025-04-02,Meta,102,169
2025-04-02,Organic,76,235
2025-04-02,Other,207,160
2025-04-02,Pinterest,3,1
2025-04-02,Vrbo,0,0
2025-04-03,Airbnb,0,0
2025-04-03,Criteo,2,3
2025-04-03,Customer IO,17,104
2025-04-03,Direct Mail,1,5
2025-04-03,Google,87,174
2025-04-03,Influencer,47,8
2025-04-03,Manual,0,0
2025-04-03,Meta,63,124
2025-04-03,Organic,57,229
2025-04-03,Other,227,145
2025-04-03,Pinterest,4,2
2025-04-03,Vrbo,0,0
2025-04-04,Airbnb,0,0
2025-04-04,Criteo,5,8
2025-04-04,Customer IO,9,108
2025-04-04,Direct Mail,1,1
2025-04-04,Google,64,162
2025-04-04,Influencer,371,81
2025-04-04,Meta,69,142
2025-04-04,Organic,68,257
2025-04-04,Other,214,145
2025-04-04,Pinterest,6,4
2025-04-04,Vrbo,0,0
2025-04-05,Airbnb,0,0
2025-04-05,Criteo,5,26
2025-04-05,Customer IO,15,91
2025-04-05,Direct Mail,0,2
2025-04-05,Google,80,197
2025-04-05,Influencer,52,13
2025-04-05,Meta,76,109
2025-04-05,Organic,56,279
2025-04-05,Other,247,131
2025-04-05,Pinterest,2,2
2025-04-05,Vrbo,0,0
2025-04-06,Airbnb,0,0
2025-04-06,Criteo,2,3
2025-04-06,Customer IO,15,96
2025-04-06,Direct Mail,1,4
2025-04-06,Google,87,191
2025-04-06,Influencer,60,14
2025-04-06,Meta,76,127
2025-04-06,Microsoft,0,1
2025-04-06,Organic,69,277
2025-04-06,Other,225,154
2025-04-06,Pinterest,4,6
2025-04-06,Vrbo,0,0
2025-04-07,Airbnb,0,0
2025-04-07,Benefithub,0,1
2025-04-07,Criteo,1,12
2025-04-07,Customer IO,15,79
2025-04-07,Direct Mail,0,1
2025-04-07,Google,68,180
2025-04-07,Influencer,31,10
2025-04-07,Meta,80,143
2025-04-07,Organic,67,257
2025-04-07,Other,247,140
2025-04-07,Pinterest,4,5
2025-04-07,Vrbo,0,0
2025-04-08,Airbnb,0,0
2025-04-08,Criteo,1,5
2025-04-08,Customer IO,11,71
2025-04-08,Direct Mail,0,2
2025-04-08,Google,94,194
2025-04-08,Influencer,18,6
2025-04-08,Meta,55,114
2025-04-08,Organic,85,224
2025-04-08,Other,229,124
2025-04-08,Pinterest,3,4
2025-04-09,Airbnb,0,0
2025-04-09,Benefithub,0,3
2025-04-09,Criteo,3,4
2025-04-09,Customer IO,4,60
2025-04-09,Direct Mail,0,2
2025-04-09,Google,78,138
2025-04-09,Influencer,88,11
2025-04-09,Manual,0,0
2025-04-09,Meta,72,140
2025-04-09,Organic,57,205
2025-04-09,Other,148,106
2025-04-09,Pinterest,5,5
2025-04-09,Vrbo,0,0
2025-04-10,Airbnb,0,0
2025-04-10,Benefithub,0,1
2025-04-10,Criteo,4,10
2025-04-10,Customer IO,5,78
2025-04-10,Direct Mail,1,7
2025-04-10,Google,78,159
2025-04-10,Influencer,71,10
2025-04-10,Meta,55,96
2025-04-10,Microsoft,0,1
2025-04-10,Organic,66,195
2025-04-10,Other,204,126
2025-04-10,Pinterest,2,2
2025-04-10,Vrbo,0,0
2025-04-11,Airbnb,0,0
2025-04-11,Benefithub,0,1
2025-04-11,Criteo,0,2
2025-04-11,Customer IO,5,82
2025-04-11,Email Action,0,3
2025-04-11,Google,67,142
2025-04-11,Influencer,137,16
2025-04-11,Meta,55,119
2025-04-11,Organic,57,202
2025-04-11,Other,176,123
2025-04-11,Pinterest,3,1
2025-04-12,Airbnb,0,0
2025-04-12,Criteo,2,4
2025-04-12,Customer IO,7,58
2025-04-12,Direct Mail,0,2
2025-04-12,Email Action,0,2
2025-04-12,Google,97,145
2025-04-12,Influencer,201,25
2025-04-12,Meta,79,133
2025-04-12,Organic,81,242
2025-04-12,Other,219,171
2025-04-12,Pinterest,1,4
2025-04-13,Airbnb,0,0
2025-04-13,Criteo,2,6
2025-04-13,Customer IO,7,67
2025-04-13,Direct Mail,1,4
2025-04-13,Google,97,162
2025-04-13,Influencer,83,21
2025-04-13,Meta,80,148
2025-04-13,Organic,77,238
2025-04-13,Other,256,189
2025-04-13,Pinterest,2,3
2025-04-13,Vrbo,0,0
2025-04-14,Airbnb,0,0
2025-04-14,Criteo,1,6
2025-04-14,Customer IO,12,71
2025-04-14,Google,72,152
2025-04-14,Influencer,54,5
2025-04-14,Meta,25,49
2025-04-14,Organic,56,173
2025-04-14,Other,206,83
2025-04-14,Pinterest,3,3
2025-04-15,Airbnb,0,0
2025-04-15,Criteo,3,13
2025-04-15,Customer IO,3,80
2025-04-15,Google,82,199
2025-04-15,Influencer,26,5
2025-04-15,Meta,79,132
2025-04-15,Organic,54,208
2025-04-15,Other,157,134
2025-04-15,Pinterest,3,2
2025-04-15,Vrbo,0,0
2025-04-16,Airbnb,0,0
2025-04-16,Criteo,0,4
2025-04-16,Customer IO,9,67
2025-04-16,Google,101,160
2025-04-16,Influencer,55,7
2025-04-16,Meta,53,130
2025-04-16,Microsoft,0,5
2025-04-16,Organic,50,168
2025-04-16,Other,164,107
2025-04-16,Pinterest,4,4
2025-04-17,Airbnb,0,0
2025-04-17,Criteo,3,5
2025-04-17,Customer IO,3,83
2025-04-17,Direct Mail,0,6
2025-04-17,Email Action,0,1
2025-04-17,Google,54,116
2025-04-17,Influencer,155,20
2025-04-17,Meta,84,126
2025-04-17,Organic,76,202
2025-04-17,Other,204,117
2025-04-17,Vrbo,0,0
2025-04-18,Airbnb,0,0
2025-04-18,Criteo,7,8
2025-04-18,Customer IO,5,82
2025-04-18,Email Action,0,1
2025-04-18,Google,38,94
2025-04-18,Influencer,27,4
2025-04-18,Meta,63,141
2025-04-18,Organic,48,167
2025-04-18,Other,191,72
2025-04-18,Pinterest,1,1
2025-04-19,Airbnb,0,0
2025-04-19,Criteo,1,3
2025-04-19,Customer IO,6,67
2025-04-19,Direct Mail,0,2
2025-04-19,Google,46,134
2025-04-19,Influencer,59,8
2025-04-19,Meta,73,168
2025-04-19,Organic,40,168
2025-04-19,Other,186,144
2025-04-19,Vrbo,0,0
2025-04-20,Airbnb,0,0
2025-04-20,Criteo,1,3
2025-04-20,Customer IO,10,95
2025-04-20,Direct Mail,0,1
2025-04-20,Google,52,169
2025-04-20,Influencer,103,22
2025-04-20,Meta,55,129
2025-04-20,Organic,54,184
2025-04-20,Other,191,106
2025-04-20,Pinterest,2,0
2025-04-21,Airbnb,0,0
2025-04-21,Criteo,1,7
2025-04-21,Customer IO,6,55
2025-04-21,Direct Mail,0,1
2025-04-21,Google,38,166
2025-04-21,Influencer,63,11
2025-04-21,Meta,61,114
2025-04-21,Organic,60,178
2025-04-21,Other,214,135
2025-04-21,Vrbo,0,0
2025-04-22,Airbnb,0,0
2025-04-22,Criteo,0,5
2025-04-22,Customer IO,12,101
2025-04-22,Direct Mail,1,1
2025-04-22,Google,32,79
2025-04-22,Influencer,46,13
2025-04-22,Meta,30,74
2025-04-22,Organic,48,216
2025-04-22,Other,185,135
2025-04-22,Pinterest,0,1
2025-04-22,Vrbo,0,0
2025-04-23,Airbnb,0,0
2025-04-23,Criteo,2,3
2025-04-23,Customer IO,4,70
2025-04-23,Direct Mail,0,2
2025-04-23,Google,35,69
2025-04-23,Influencer,43,6
2025-04-23,Meta,19,53
2025-04-23,Microsoft,0,1
2025-04-23,Organic,40,225
2025-04-23,Other,148,139
2025-04-23,Vrbo,0,0
2025-04-24,Airbnb,0,0
2025-04-24,Criteo,2,9
2025-04-24,Customer IO,10,96
2025-04-24,Email Action,0,5
2025-04-24,Google,32,97
2025-04-24,Influencer,191,48
2025-04-24,Meta,23,47
2025-04-24,Organic,42,198
2025-04-24,Other,141,111
2025-04-24,Vrbo,0,0
2025-04-25,Airbnb,0,0
2025-04-25,Criteo,1,4
2025-04-25,Customer IO,5,68
2025-04-25,Direct Mail,0,1
2025-04-25,Google,21,53
2025-04-25,Influencer,84,25
2025-04-25,Manual,0,0
2025-04-25,Meta,20,57
2025-04-25,Organic,44,150
2025-04-25,Other,99,91
2025-04-25,TikTok,0,1
2025-04-25,Vrbo,0,0
2025-04-26,Airbnb,0,0
2025-04-26,Criteo,1,4
2025-04-26,Customer IO,5,57
2025-04-26,Direct Mail,0,1
2025-04-26,Google,34,97
2025-04-26,Influencer,37,9
2025-04-26,Meta,20,41
2025-04-26,Organic,24,190
2025-04-26,Other,91,81
2025-04-26,Pinterest,1,0
2025-04-26,Vrbo,0,0
2025-04-27,Airbnb,0,0
2025-04-27,Criteo,2,7
2025-04-27,Customer IO,5,63
2025-04-27,Direct Mail,0,2
2025-04-27,Google,44,85
2025-04-27,Influencer,40,11
2025-04-27,Meta,35,98
2025-04-27,Organic,39,144
2025-04-27,Other,142,93
2025-04-27,Vrbo,0,0
2025-04-28,Airbnb,0,0
2025-04-28,Criteo,1,3
2025-04-28,Customer IO,8,59
2025-04-28,Google,30,79
2025-04-28,Influencer,18,3
2025-04-28,Meta,40,61
2025-04-28,Organic,29,150
2025-04-28,Other,111,75
2025-04-29,Airbnb,0,0
2025-04-29,Criteo,1,0
2025-04-29,Customer IO,8,77
2025-04-29,Direct Mail,0,2
2025-04-29,Email Action,0,1
2025-04-29,Google,34,59
2025-04-29,Influencer,25,1
2025-04-29,Manual,0,0
2025-04-29,Meta,25,43
2025-04-29,Organic,45,178
2025-04-29,Other,111,99
2025-04-29,Vrbo,0,0
2025-04-30,Airbnb,0,0
2025-04-30,Criteo,0,2
2025-04-30,Customer IO,5,68
2025-04-30,Direct Mail,0,6
2025-04-30,Google,30,75
2025-04-30,Influencer,24,3
2025-04-30,Meta,31,56
2025-04-30,Organic,32,222
2025-04-30,Other,88,78
2025-04-30,Pinterest,0,1
2025-04-30,Vrbo,0,0
2025-05-01,Airbnb,0,0
2025-05-01,Criteo,0,5
2025-05-01,Customer IO,6,59
2025-05-01,Google,29,87
2025-05-01,Influencer,13,6
2025-05-01,Meta,29,51
2025-05-01,Organic,48,208
2025-05-01,Other,121,70
2025-05-01,Pinterest,1,4
2025-05-01,Vrbo,0,0
2025-05-02,Airbnb,0,0
2025-05-02,Criteo,3,3
2025-05-02,Customer IO,1,50
2025-05-02,Direct Mail,0,1
2025-05-02,Google,33,48
2025-05-02,Influencer,12,5
2025-05-02,Meta,24,49
2025-05-02,Microsoft,0,1
2025-05-02,Organic,43,198
2025-05-02,Other,95,77
2025-05-02,Pinterest,1,0
2025-05-02,Vrbo,0,0
2025-05-03,Airbnb,0,0
2025-05-03,Customer IO,4,79
2025-05-03,Google,26,102
2025-05-03,Influencer,10,2
2025-05-03,Meta,44,97
2025-05-03,Microsoft,0,1
2025-05-03,Organic,29,172
2025-05-03,Other,93,118
2025-05-03,Pinterest,2,1
2025-05-03,Vrbo,0,0
2025-05-04,Airbnb,0,0
2025-05-04,Criteo,2,5
2025-05-04,Customer IO,11,63
2025-05-04,Google,40,90
2025-05-04,Influencer,340,19
2025-05-04,Meta,66,110
2025-05-04,Organic,88,242
2025-05-04,Other,172,145
2025-05-04,Vrbo,0,0
2025-05-05,Airbnb,0,0
2025-05-05,Criteo,1,11
2025-05-05,Customer IO,9,38
2025-05-05,Google,34,85
2025-05-05,Influencer,139,9
2025-05-05,Meta,37,70
2025-05-05,Organic,75,227
2025-05-05,Other,125,68
2025-05-05,Pinterest,1,0
2025-05-05,Vrbo,0,0
2025-05-06,Airbnb,0,0
2025-05-06,Criteo,0,18
2025-05-06,Customer IO,8,54
2025-05-06,Google,19,78
2025-05-06,Influencer,45,11
2025-05-06,Meta,39,77
2025-05-06,Organic,58,227
2025-05-06,Other,110,80
2025-05-06,Pinterest,1,2
2025-05-06,Vrbo,0,0
2025-05-07,Airbnb,0,0
2025-05-07,Criteo,0,8
2025-05-07,Customer IO,17,70
2025-05-07,Google,30,111
2025-05-07,Influencer,70,13
2025-05-07,Meta,44,88
2025-05-07,Organic,48,201
2025-05-07,Other,133,61
2025-05-07,Pinterest,0,2
2025-05-07,Vrbo,0,0
2025-05-08,Airbnb,0,0
2025-05-08,Criteo,0,2
2025-05-08,Customer IO,7,62
2025-05-08,Direct Mail,0,1
2025-05-08,Google,34,78
2025-05-08,Influencer,28,6
2025-05-08,Meta,53,85
2025-05-08,Organic,51,167
2025-05-08,Other,132,69
2025-05-08,Vrbo,0,0
2025-05-09,Airbnb,0,0
2025-05-09,Criteo,3,4
2025-05-09,Customer IO,2,34
2025-05-09,Direct Mail,0,1
2025-05-09,Google,36,65
2025-05-09,Influencer,16,1
2025-05-09,Meta,33,79
2025-05-09,Organic,39,174
2025-05-09,Other,117,73
2025-05-09,Pinterest,1,1
2025-05-10,Criteo,0,3
2025-05-10,Customer IO,3,54
2025-05-10,Google,43,82
2025-05-10,Influencer,81,9
2025-05-10,Meta,42,76
2025-05-10,Organic,44,148
2025-05-10,Other,101,83
2025-05-10,Pinterest,0,1
2025-05-10,Vrbo,0,0
2025-05-11,Airbnb,0,0
2025-05-11,Criteo,1,4
2025-05-11,Customer IO,10,40
2025-05-11,Direct Mail,0,1
2025-05-11,Google,37,97
2025-05-11,Influencer,121,12
2025-05-11,Meta,34,70
2025-05-11,Organic,47,123
2025-05-11,Other,121,75
2025-05-11,Pinterest,2,6
2025-05-12,Airbnb,0,0
2025-05-12,Criteo,0,3
2025-05-12,Customer IO,2,52
2025-05-12,Direct Mail,1,0
2025-05-12,Google,30,60
2025-05-12,Influencer,36,9
2025-05-12,Meta,34,73
2025-05-12,Organic,52,211
2025-05-12,Other,102,47
2025-05-12,Pinterest,0,5
2025-05-13,Airbnb,0,0
2025-05-13,Criteo,0,3
2025-05-13,Customer IO,4,75
2025-05-13,Google,36,86
2025-05-13,Influencer,58,10
2025-05-13,Meta,49,90
2025-05-13,Organic,46,175
2025-05-13,Other,115,85
2025-05-13,Pinterest,0,1
2025-05-14,Airbnb,0,0
2025-05-14,Criteo,0,1
2025-05-14,Customer IO,9,73
2025-05-14,Direct Mail,0,4
2025-05-14,Google,32,101
2025-05-14,Influencer,42,7
2025-05-14,Meta,29,77
2025-05-14,Microsoft,1,1
2025-05-14,Organic,59,233
2025-05-14,Other,104,57
2025-05-14,Vrbo,0,0
2025-05-15,Airbnb,0,0
2025-05-15,Criteo,0,1
2025-05-15,Customer IO,7,53
2025-05-15,Google,27,78
2025-05-15,Influencer,38,7
2025-05-15,Meta,38,78
2025-05-15,Microsoft,0,4
2025-05-15,Organic,54,180
2025-05-15,Other,109,58
2025-05-15,Pinterest,1,0
2025-05-15,TikTok,0,1
2025-05-15,Vrbo,0,0
2025-05-16,Airbnb,0,0
2025-05-16,Criteo,1,1
2025-05-16,Customer IO,8,40
2025-05-16,Direct Mail,0,1
2025-05-16,Email Action,1,2
2025-05-16,Google,35,80
2025-05-16,Influencer,30,11
2025-05-16,Meta,59,65
2025-05-16,Microsoft,1,3
2025-05-16,Organic,41,162
2025-05-16,Other,91,87
2025-05-16,Vrbo,0,0
2025-05-17,Airbnb,0,0
2025-05-17,Criteo,0,1
2025-05-17,Customer IO,6,59
2025-05-17,Google,45,71
2025-05-17,Influencer,40,12
2025-05-17,Meta,47,85
2025-05-17,Organic,44,142
2025-05-17,Other,85,60
2025-05-17,Pinterest,1,1
2025-05-17,Vrbo,0,0
2025-05-18,Airbnb,0,0
2025-05-18,Criteo,1,7
2025-05-18,Customer IO,4,38
2025-05-18,Direct Mail,0,1
2025-05-18,Google,39,68
2025-05-18,Influencer,63,14
2025-05-18,Meta,61,107
2025-05-18,Organic,45,176
2025-05-18,Other,101,73
2025-05-18,Pinterest,2,2
2025-05-18,Vrbo,0,0
2025-05-19,Airbnb,0,0
2025-05-19,Criteo,2,1
2025-05-19,Customer IO,9,71
2025-05-19,Email Action,0,2
2025-05-19,Google,35,81
2025-05-19,Influencer,379,30
2025-05-19,Meta,73,100
2025-05-19,Organic,82,213
2025-05-19,Other,118,55
2025-05-19,Pinterest,0,2
2025-05-19,Vrbo,0,0
2025-05-20,Airbnb,0,0
2025-05-20,Customer IO,3,132
2025-05-20,Direct Mail,0,6
2025-05-20,Google,38,83
2025-05-20,Influencer,10,4
2025-05-20,Meta,29,69
2025-05-20,Microsoft,0,1
2025-05-20,Organic,45,298
2025-05-20,Other,85,106
2025-05-20,Pinterest,1,3
2025-05-21,Airbnb,0,0
2025-05-21,Booking,0,0
2025-05-21,Criteo,1,5
2025-05-21,Customer IO,5,208
2025-05-21,Direct Mail,0,3
2025-05-21,Google,28,94
2025-05-21,Influencer,37,7
2025-05-21,Meta,33,44
2025-05-21,Organic,51,389
2025-05-21,Other,96,79
2025-05-21,Vrbo,0,0
2025-05-22,Airbnb,0,0
2025-05-22,Benefithub,1,0
2025-05-22,Criteo,2,3
2025-05-22,Customer IO,5,123
2025-05-22,Direct Mail,0,3
2025-05-22,Google,33,74
2025-05-22,Influencer,48,6
2025-05-22,Meta,18,85
2025-05-22,Organic,48,282
2025-05-22,Other,85,44
2025-05-22,Pinterest,1,1
2025-05-22,Vrbo,0,0
2025-05-23,Airbnb,0,0
2025-05-23,Criteo,1,2
2025-05-23,Customer IO,4,70
2025-05-23,Direct Mail,0,1
2025-05-23,Google,26,61
2025-05-23,Influencer,85,16
2025-05-23,Meta,29,41
2025-05-23,Organic,49,210
2025-05-23,Other,96,44
2025-05-23,Pinterest,2,1
2025-05-24,Airbnb,0,0
2025-05-24,Criteo,2,1
2025-05-24,Customer IO,7,126
2025-05-24,Direct Mail,0,1
2025-05-24,Google,173,44
2025-05-24,Influencer,511,27
2025-05-24,Meta,136,34
2025-05-24,Microsoft,0,1
2025-05-24,Organic,156,171
2025-05-24,Other,145,60
2025-05-24,Pinterest,1,1
2025-05-25,Airbnb,0,0
2025-05-25,Criteo,1,0
2025-05-25,Customer IO,11,172
2025-05-25,Direct Mail,0,2
2025-05-25,Google,218,83
2025-05-25,Influencer,119,23
2025-05-25,Meta,82,35
2025-05-25,Microsoft,0,2
2025-05-25,Organic,51,277
2025-05-25,Other,98,111
2025-05-25,Pinterest,1,1
2025-05-26,Airbnb,0,0
2025-05-26,Criteo,1,2
2025-05-26,Customer IO,7,149
2025-05-26,Google,191,132
2025-05-26,Influencer,75,23
2025-05-26,Meta,106,68
2025-05-26,Organic,55,245
2025-05-26,Other,96,99
2025-05-26,Pinterest,0,1
2025-05-26,Vrbo,0,0
2025-05-27,Airbnb,0,0
2025-05-27,Criteo,2,3
2025-05-27,Customer IO,6,146
2025-05-27,Direct Mail,0,3
2025-05-27,Google,153,106
2025-05-27,Influencer,69,16
2025-05-27,Meta,89,58
2025-05-27,Microsoft,0,1
2025-05-27,Organic,59,267
2025-05-27,Other,104,64
2025-05-27,Pinterest,2,0
2025-05-27,Vrbo,0,0
2025-05-28,Airbnb,0,0
2025-05-28,Criteo,7,2
2025-05-28,Customer IO,7,157
2025-05-28,Direct Mail,0,12
2025-05-28,Google,180,78
2025-05-28,Influencer,59,6
2025-05-28,Meta,101,57
2025-05-28,Organic,78,227
2025-05-28,Other,126,63
2025-05-28,Pinterest,1,1
2025-05-28,Vrbo,0,0
2025-05-29,Airbnb,0,0
2025-05-29,Customer IO,7,113
2025-05-29,Direct Mail,2,10
2025-05-29,Google,221,120
2025-05-29,Influencer,20,5
2025-05-29,Meta,102,60
2025-05-29,Organic,66,253
2025-05-29,Other,117,84
2025-05-29,Pinterest,1,3
2025-05-29,Vrbo,0,0
2025-05-30,Airbnb,0,0
2025-05-30,Criteo,1,0
2025-05-30,Customer IO,5,126
2025-05-30,Direct Mail,2,8
2025-05-30,Google,143,79
2025-05-30,Influencer,41,6
2025-05-30,Meta,105,48
2025-05-30,Organic,71,241
2025-05-30,Other,100,123
2025-05-30,Pinterest,1,1
2025-05-30,Vrbo,0,0
2025-05-31,Airbnb,0,0
2025-05-31,Criteo,2,1
2025-05-31,Customer IO,19,210
2025-05-31,Direct Mail,0,12
2025-05-31,Google,292,106
2025-05-31,Influencer,54,13
2025-05-31,Meta,175,77
2025-05-31,Organic,66,314
2025-05-31,Other,94,71
2025-05-31,Pinterest,2,2
2025-05-31,Vrbo,0,0
2025-06-01,Airbnb,0,0
2025-06-01,Criteo,5,8
2025-06-01,Customer IO,20,170
2025-06-01,Direct Mail,0,10
2025-06-01,Google,364,165
2025-06-01,Influencer,19,8
2025-06-01,Meta,219,80
2025-06-01,Organic,69,234
2025-06-01,Other,120,69
2025-06-01,Pinterest,1,0
2025-06-01,Vrbo,0,0
2025-06-02,Criteo,6,3
2025-06-02,Customer IO,16,110
2025-06-02,Direct Mail,1,8
2025-06-02,Google,363,120
2025-06-02,Influencer,121,7
2025-06-02,Meta,196,69
2025-06-02,Organic,84,201
2025-06-02,Other,122,90
2025-06-02,Pinterest,2,3
2025-06-02,Vrbo,0,0
2025-06-03,Airbnb,0,0
2025-06-03,Criteo,7,7
2025-06-03,Customer IO,9,101
2025-06-03,Direct Mail,0,2
2025-06-03,Google,340,118
2025-06-03,Influencer,123,15
2025-06-03,Manual,0,0
2025-06-03,Meta,201,66
2025-06-03,Organic,99,233
2025-06-03,Other,105,51
2025-06-03,Pinterest,1,2
2025-06-04,Airbnb,0,0
2025-06-04,Criteo,2,7
2025-06-04,Customer IO,17,165
2025-06-04,Direct Mail,0,7
2025-06-04,Google,356,160
2025-06-04,Influencer,29,7
2025-06-04,Meta,222,87
2025-06-04,Microsoft,0,1
2025-06-04,Organic,77,266
2025-06-04,Other,105,47
2025-06-04,Pinterest,2,1
2025-06-04,Vrbo,0,0
2025-06-05,Airbnb,0,0
2025-06-05,Criteo,3,2
2025-06-05,Customer IO,16,87
2025-06-05,Direct Mail,1,5
2025-06-05,Google,272,108
2025-06-05,Influencer,84,24
2025-06-05,Meta,192,84
2025-06-05,Organic,117,254
2025-06-05,Other,137,93
2025-06-05,Pinterest,1,2
2025-06-05,Vrbo,0,0
2025-06-06,Airbnb,0,0
2025-06-06,Criteo,6,2
2025-06-06,Customer IO,16,33
2025-06-06,Direct Mail,1,6
2025-06-06,Email Action,0,2
2025-06-06,Google,154,140
2025-06-06,Influencer,57,11
2025-06-06,Meta,160,45
2025-06-06,Organic,185,208
2025-06-06,Other,95,61
2025-06-06,Pinterest,5,0
2025-06-07,Airbnb,0,0
2025-06-07,Criteo,10,2
2025-06-07,Customer IO,24,104
2025-06-07,Direct Mail,1,8
2025-06-07,Google,314,93
2025-06-07,Influencer,32,3
2025-06-07,Meta,317,90
2025-06-07,Organic,347,224
2025-06-07,Other,112,69
2025-06-07,Pinterest,18,2
2025-06-07,Vrbo,0,0
2025-06-08,Airbnb,0,0
2025-06-08,Criteo,20,14
2025-06-08,Customer IO,25,100
2025-06-08,Direct Mail,0,6
2025-06-08,Google,431,151
2025-06-08,Influencer,49,10
2025-06-08,Meta,383,74
2025-06-08,Organic,371,187
2025-06-08,Other,100,50
2025-06-08,Pinterest,25,2
2025-06-08,Vrbo,0,0
2025-06-09,Airbnb,0,0
2025-06-09,Criteo,8,2
2025-06-09,Customer IO,16,81
2025-06-09,Direct Mail,2,4
2025-06-09,Email Action,0,1
2025-06-09,Google,340,153
2025-06-09,Influencer,65,5
2025-06-09,Meta,316,86
2025-06-09,Organic,380,192
2025-06-09,Other,120,54
2025-06-09,Pinterest,15,2
2025-06-09,Vrbo,0,0
2025-06-10,Airbnb,0,0
2025-06-10,Criteo,6,3
2025-06-10,Customer IO,26,86
2025-06-10,Direct Mail,0,4
2025-06-10,Email Action,0,3
2025-06-10,Google,206,105
2025-06-10,Influencer,99,9
2025-06-10,Meta,213,54
2025-06-10,Organic,237,356
2025-06-10,Other,95,61
2025-06-10,Pinterest,5,2
2025-06-10,TikTok,0,1
2025-06-10,Vrbo,0,0
2025-06-11,Airbnb,0,0
2025-06-11,Criteo,6,0
2025-06-11,Customer IO,14,61
2025-06-11,Direct Mail,0,9
2025-06-11,Email Action,0,6
2025-06-11,Google,198,114
2025-06-11,Influencer,74,9
2025-06-11,Meta,171,58
2025-06-11,Organic,231,342
2025-06-11,Other,87,65
2025-06-11,Pinterest,4,0
2025-06-11,Vrbo,0,0
2025-06-12,Airbnb,0,0
2025-06-12,Criteo,8,7
2025-06-12,Customer IO,26,78
2025-06-12,Direct Mail,0,2
2025-06-12,Email Action,0,3
2025-06-12,Google,125,91
2025-06-12,Influencer,130,8
2025-06-12,Meta,163,65
2025-06-12,Organic,224,241
2025-06-12,Other,97,69
2025-06-12,Pinterest,7,1
2025-06-13,Airbnb,0,0
2025-06-13,Criteo,9,11
2025-06-13,Customer IO,24,88
2025-06-13,Direct Mail,1,1
2025-06-13,Email Action,1,0
2025-06-13,Google,116,65
2025-06-13,Influencer,87,6
2025-06-13,Meta,158,51
2025-06-13,Organic,207,204
2025-06-13,Other,78,48
2025-06-13,Pinterest,9,3
2025-06-14,Airbnb,0,0
2025-06-14,Criteo,12,4
2025-06-14,Customer IO,35,87
2025-06-14,Direct Mail,1,1
2025-06-14,Google,177,84
2025-06-14,Influencer,396,10
2025-06-14,Meta,157,60
2025-06-14,Organic,205,176
2025-06-14,Other,88,72
2025-06-14,Pinterest,12,6
2025-06-14,Vrbo,0,0
2025-06-15,Airbnb,0,0
2025-06-15,Criteo,6,6
2025-06-15,Customer IO,16,66
2025-06-15,Direct Mail,0,1
2025-06-15,Google,59,48
2025-06-15,Influencer,208,11
2025-06-15,Meta,95,65
2025-06-15,Organic,141,173
2025-06-15,Other,99,83
2025-06-15,Pinterest,15,5
2025-06-15,Vrbo,0,0
2025-06-16,Airbnb,0,0
2025-06-16,Criteo,12,8
2025-06-16,Customer IO,14,57
2025-06-16,Direct Mail,1,2
2025-06-16,Google,126,62
2025-06-16,Influencer,77,6
2025-06-16,Meta,124,49
2025-06-16,Organic,225,201
2025-06-16,Other,82,67
2025-06-16,Pinterest,10,3
2025-06-16,Vrbo,0,0
2025-06-17,Airbnb,0,0
2025-06-17,Criteo,14,2
2025-06-17,Customer IO,40,92
2025-06-17,Direct Mail,2,1
2025-06-17,Google,220,89
2025-06-17,Influencer,108,3
2025-06-17,Meta,234,70
2025-06-17,Organic,470,236
2025-06-17,Other,74,55
2025-06-17,Pinterest,6,1
2025-06-18,Airbnb,0,0
2025-06-18,Booking,0,0
2025-06-18,Criteo,17,6
2025-06-18,Customer IO,27,68
2025-06-18,Google,231,92
2025-06-18,Influencer,197,21
2025-06-18,Meta,225,67
2025-06-18,Organic,393,219
2025-06-18,Other,67,44
2025-06-18,Pinterest,22,0
2025-06-18,Vrbo,0,0
2025-06-19,Airbnb,0,0
2025-06-19,Criteo,35,12
2025-06-19,Customer IO,23,62
2025-06-19,Direct Mail,0,6
2025-06-19,Google,257,86
2025-06-19,Influencer,118,17
2025-06-19,Meta,199,71
2025-06-19,Microsoft,0,1
2025-06-19,Organic,399,253
2025-06-19,Other,106,67
2025-06-19,Pinterest,23,5
2025-06-19,Vrbo,0,0
2025-06-20,Airbnb,0,0
2025-06-20,Criteo,21,6
2025-06-20,Customer IO,22,74
2025-06-20,Google,218,65
2025-06-20,Influencer,30,4
2025-06-20,Manual,0,0
2025-06-20,Meta,148,48
2025-06-20,Microsoft,1,0
2025-06-20,Organic,361,235
2025-06-20,Other,106,61
2025-06-20,Pinterest,10,1
2025-06-20,Vrbo,0,0
2025-06-21,Airbnb,0,0
2025-06-21,Criteo,28,18
2025-06-21,Customer IO,26,53
2025-06-21,Direct Mail,3,0
2025-06-21,Email Action,0,1
2025-06-21,Google,299,100
2025-06-21,Influencer,108,10
2025-06-21,Meta,196,65
2025-06-21,Organic,331,188
2025-06-21,Other,96,59
2025-06-21,Pinterest,13,3
2025-06-22,Airbnb,0,0
2025-06-22,Criteo,52,11
2025-06-22,Customer IO,34,54
2025-06-22,Google,234,83
2025-06-22,Influencer,68,9
2025-06-22,Meta,260,72
2025-06-22,Microsoft,0,1
2025-06-22,Organic,370,226
2025-06-22,Other,105,84
2025-06-22,Pinterest,9,2
2025-06-22,Vrbo,0,0
2025-06-23,Airbnb,0,0
2025-06-23,Criteo,29,16
2025-06-23,Customer IO,16,63
2025-06-23,Direct Mail,0,1
2025-06-23,Google,264,85
2025-06-23,Influencer,91,16
2025-06-23,Meta,247,76
2025-06-23,Organic,404,308
2025-06-23,Other,120,83
2025-06-23,Pinterest,8,0
2025-06-23,Vrbo,0,0
2025-06-24,Airbnb,0,0
2025-06-24,Criteo,48,16
2025-06-24,Customer IO,20,141
2025-06-24,Direct Mail,0,2
2025-06-24,Google,283,115
2025-06-24,Influencer,20,5
2025-06-24,Manual,0,0
2025-06-24,Meta,231,84
2025-06-24,Microsoft,1,0
2025-06-24,Organic,401,331
2025-06-24,Other,120,126
2025-06-24,Pinterest,12,1
2025-06-24,Vrbo,0,0
2025-06-25,Airbnb,0,0
2025-06-25,Criteo,39,14
2025-06-25,Customer IO,66,147
2025-06-25,Direct Mail,49,6
2025-06-25,Google,289,130
2025-06-25,Influencer,355,55
2025-06-25,Manual,0,0
2025-06-25,Meta,238,119
2025-06-25,Microsoft,1,1
2025-06-25,Organic,460,452
2025-06-25,Other,148,114
2025-06-25,Pinterest,5,1
2025-06-25,Vrbo,0,0
2025-06-26,Airbnb,0,0
2025-06-26,Criteo,41,44
2025-06-26,Customer IO,64,119
2025-06-26,Direct Mail,0,3
2025-06-26,Google,324,94
2025-06-26,Influencer,503,55
2025-06-26,Manual,0,0
2025-06-26,Meta,344,97
2025-06-26,Microsoft,1,1
2025-06-26,Organic,510,374
2025-06-26,Other,149,80
2025-06-26,Pinterest,9,3
2025-06-26,Vrbo,0,0
2025-06-27,Airbnb,0,0
2025-06-27,Criteo,31,54
2025-06-27,Customer IO,25,179
2025-06-27,Google,293,150
2025-06-27,Influencer,119,14
2025-06-27,Meta,215,135
2025-06-27,Microsoft,0,1
2025-06-27,Organic,379,421
2025-06-27,Other,54,104
2025-06-27,Pinterest,18,2
2025-06-27,Vrbo,0,0
2025-06-28,Airbnb,0,0
2025-06-28,Criteo,20,23
2025-06-28,Customer IO,29,183
2025-06-28,Direct Mail,0,2
2025-06-28,Google,390,180
2025-06-28,Influencer,39,10
2025-06-28,Meta,282,96
2025-06-28,Microsoft,1,1
2025-06-28,Organic,412,394
2025-06-28,Other,29,101
2025-06-28,Pinterest,14,4
2025-06-28,Vrbo,0,0
2025-06-29,Airbnb,0,0
2025-06-29,Criteo,20,29
2025-06-29,Customer IO,22,112
2025-06-29,Direct Mail,0,7
2025-06-29,Google,428,231
2025-06-29,Influencer,36,9
2025-06-29,Meta,273,137
2025-06-29,Microsoft,0,1
2025-06-29,Organic,429,437
2025-06-29,Other,38,98
2025-06-29,Pinterest,13,6
2025-06-29,Vrbo,0,0
2025-06-30,Airbnb,0,0
2025-06-30,Criteo,19,28
2025-06-30,Customer IO,23,142
2025-06-30,Google,517,256
2025-06-30,Influencer,786,191
2025-06-30,Manual,0,0
2025-06-30,Meta,365,187
2025-06-30,Organic,499,454
2025-06-30,Other,157,118
2025-06-30,Pinterest,14,5
2025-06-30,Vrbo,0,0
2025-07-01,Airbnb,0,0
2025-07-01,Criteo,39,31
2025-07-01,Customer IO,47,201
2025-07-01,Direct Mail,0,1
2025-07-01,Google,504,227
2025-07-01,Influencer,546,151
2025-07-01,Meta,321,161
2025-07-01,Organic,587,541
2025-07-01,Other,161,125
2025-07-01,Pinterest,12,7
2025-07-01,Vrbo,0,0
2025-07-02,Airbnb,0,0
2025-07-02,Criteo,21,16
2025-07-02,Customer IO,21,103
2025-07-02,Direct Mail,1,2
2025-07-02,Google,592,283
2025-07-02,Influencer,35,11
2025-07-02,Meta,301,161
2025-07-02,Organic,544,474
2025-07-02,Other,47,131
2025-07-02,Pinterest,19,11
2025-07-02,Vrbo,0,0
2025-07-03,Airbnb,0,0
2025-07-03,Criteo,29,24
2025-07-03,Customer IO,40,181
2025-07-03,Direct Mail,0,1
2025-07-03,Google,463,203
2025-07-03,Influencer,59,17
2025-07-03,Manual,0,0
2025-07-03,Meta,306,167
2025-07-03,Microsoft,0,2
2025-07-03,Organic,515,471
2025-07-03,Other,63,131
2025-07-03,Pinterest,16,10
2025-07-04,Criteo,35,22
2025-07-04,Customer IO,38,137
2025-07-04,Direct Mail,1,1
2025-07-04,Email Action,0,1
2025-07-04,Google,475,151
2025-07-04,Influencer,63,31
2025-07-04,Meta,300,130
2025-07-04,Organic,393,312
2025-07-04,Other,42,132
2025-07-04,Pinterest,14,4
2025-07-04,Vrbo,0,0
2025-07-05,Airbnb,0,0
2025-07-05,Criteo,23,20
2025-07-05,Customer IO,28,139
2025-07-05,Google,306,148
2025-07-05,Influencer,57,14
2025-07-05,Manual,0,0
2025-07-05,Meta,251,115
2025-07-05,Organic,421,340
2025-07-05,Other,41,139
2025-07-05,Pinterest,22,6
2025-07-05,Vrbo,0,0
2025-07-06,Airbnb,0,0
2025-07-06,Criteo,15,18
2025-07-06,Customer IO,29,133
2025-07-06,Google,277,140
2025-07-06,Influencer,50,14
2025-07-06,Meta,279,102
2025-07-06,Microsoft,1,3
2025-07-06,Organic,527,407
2025-07-06,Other,34,165
2025-07-06,Pinterest,19,4
2025-07-06,Vrbo,0,0
2025-07-07,Airbnb,0,0
2025-07-07,Criteo,25,28
2025-07-07,Customer IO,22,129
2025-07-07,Direct Mail,0,3
2025-07-07,Google,265,146
2025-07-07,Influencer,42,9
2025-07-07,Manual,0,0
2025-07-07,Meta,241,142
2025-07-07,Microsoft,0,1
2025-07-07,Organic,546,423
2025-07-07,Other,31,153
2025-07-07,Pinterest,16,2
2025-07-07,Vrbo,0,0
2025-07-08,Airbnb,0,0
2025-07-08,Criteo,21,26
2025-07-08,Customer IO,30,208
2025-07-08,Direct Mail,2,2
2025-07-08,Google,472,221
2025-07-08,Influencer,80,23
2025-07-08,Meta,345,122
2025-07-08,Microsoft,1,0
2025-07-08,Organic,489,447
2025-07-08,Other,57,187
2025-07-08,Pinterest,14,2
2025-07-09,Airbnb,0,0
2025-07-09,Criteo,13,11
2025-07-09,Customer IO,44,107
2025-07-09,Google,447,168
2025-07-09,Influencer,115,32
2025-07-09,Meta,288,133
2025-07-09,Organic,477,348
2025-07-09,Other,46,158
2025-07-09,Pinterest,14,8
2025-07-09,Vrbo,0,0
2025-07-10,Airbnb,0,0
2025-07-10,Criteo,17,22
2025-07-10,Customer IO,78,303
2025-07-10,Direct Mail,1,10
2025-07-10,Google,490,221
2025-07-10,Influencer,56,13
2025-07-10,Meta,276,132
2025-07-10,Organic,518,455
2025-07-10,Other,41,143
2025-07-10,Pinterest,16,2
2025-07-10,Vrbo,0,0
2025-07-11,Airbnb,0,0
2025-07-11,Criteo,32,25
2025-07-11,Customer IO,35,197
2025-07-11,Direct Mail,1,1
2025-07-11,Google,491,249
2025-07-11,Influencer,90,17
2025-07-11,Meta,292,141
2025-07-11,Microsoft,0,1
2025-07-11,Organic,493,384
2025-07-11,Other,45,169
2025-07-11,Pinterest,7,4
2025-07-11,Vrbo,0,0
2025-07-12,Airbnb,0,0
2025-07-12,Criteo,30,36
2025-07-12,Customer IO,32,161
2025-07-12,Google,496,242
2025-07-12,Influencer,52,11
2025-07-12,Meta,340,146
2025-07-12,Organic,468,433
2025-07-12,Other,36,149
2025-07-12,Pinterest,11,21
2025-07-12,Vrbo,0,0
2025-07-13,Airbnb,0,0
2025-07-13,Criteo,42,28
2025-07-13,Customer IO,36,174
2025-07-13,Direct Mail,0,1
2025-07-13,Google,580,275
2025-07-13,Influencer,54,10
2025-07-13,Meta,377,165
2025-07-13,Microsoft,1,0
2025-07-13,Organic,583,428
2025-07-13,Other,55,153
2025-07-13,Pinterest,19,11
2025-07-13,Vrbo,0,0
2025-07-14,Airbnb,0,0
2025-07-14,Criteo,45,28
2025-07-14,Customer IO,36,142
2025-07-14,Google,522,244
2025-07-14,Influencer,100,18
2025-07-14,Meta,422,182
2025-07-14,Organic,579,467
2025-07-14,Other,59,141
2025-07-14,Pinterest,17,7
2025-07-14,Vrbo,0,0
2025-07-15,Airbnb,0,0
2025-07-15,Criteo,33,28
2025-07-15,Customer IO,51,141
2025-07-15,Direct Mail,0,1
2025-07-15,Google,595,250
2025-07-15,Influencer,60,21
2025-07-15,Meta,400,195
2025-07-15,Organic,594,424
2025-07-15,Other,88,154
2025-07-15,Pinterest,25,5
2025-07-15,Vrbo,0,0
2025-07-16,Airbnb,0,0
2025-07-16,Criteo,35,22
2025-07-16,Customer IO,29,108
2025-07-16,Direct Mail,0,6
2025-07-16,Google,612,224
2025-07-16,Influencer,102,19
2025-07-16,Manual,0,0
2025-07-16,Meta,390,131
2025-07-16,Organic,502,378
2025-07-16,Other,48,151
2025-07-16,Pinterest,27,6
2025-07-16,Vrbo,0,0
2025-07-17,Airbnb,0,0
2025-07-17,Criteo,32,16
2025-07-17,Customer IO,60,97
2025-07-17,Direct Mail,1,3
2025-07-17,Google,615,192
2025-07-17,Influencer,616,87
2025-07-17,Manual,0,0
2025-07-17,Meta,446,140
2025-07-17,Microsoft,1,1
2025-07-17,Organic,552,342
2025-07-17,Other,42,133
2025-07-17,Pinterest,20,1
2025-07-17,Vrbo,0,0
2025-07-18,Airbnb,0,0
2025-07-18,Criteo,35,13
2025-07-18,Customer IO,27,133
2025-07-18,Direct Mail,0,6
2025-07-18,Google,582,191
2025-07-18,Influencer,181,30
2025-07-18,Meta,420,156
2025-07-18,Microsoft,0,1
2025-07-18,Organic,461,310
2025-07-18,Other,7,148
2025-07-18,Pinterest,19,3
2025-07-18,Vrbo,0,0
2025-07-19,Airbnb,0,0
2025-07-19,Criteo,47,14
2025-07-19,Customer IO,34,105
2025-07-19,Direct Mail,0,1
2025-07-19,Email Action,1,2
2025-07-19,Google,858,271
2025-07-19,Influencer,145,19
2025-07-19,Meta,471,199
2025-07-19,Organic,515,361
2025-07-19,Other,12,105
2025-07-19,Pinterest,34,2
2025-07-19,Vrbo,0,0
2025-07-20,Airbnb,0,0
2025-07-20,Criteo,46,15
2025-07-20,Customer IO,37,163
2025-07-20,Direct Mail,0,4
2025-07-20,Email Action,0,1
2025-07-20,Google,705,257
2025-07-20,Influencer,91,22
2025-07-20,Meta,461,167
2025-07-20,Microsoft,0,3
2025-07-20,Organic,628,513
2025-07-20,Other,13,198
2025-07-20,Pinterest,36,3
2025-07-20,Vrbo,0,0
2025-07-21,Airbnb,0,0
2025-07-21,Criteo,52,25
2025-07-21,Customer IO,41,78
2025-07-21,Direct Mail,1,10
2025-07-21,Google,608,172
2025-07-21,Influencer,158,21
2025-07-21,Manual,0,0
2025-07-21,Meta,582,195
2025-07-21,Organic,611,394
2025-07-21,Other,8,98
2025-07-21,Pinterest,35,6
2025-07-21,Vrbo,0,0
2025-07-22,Airbnb,0,0
2025-07-22,Criteo,39,17
2025-07-22,Customer IO,52,90
2025-07-22,Direct Mail,1,3
2025-07-22,Google,771,233
2025-07-22,Influencer,487,94
2025-07-22,Meta,538,215
2025-07-22,Microsoft,0,2
2025-07-22,Organic,636,358
2025-07-22,Other,2,92
2025-07-22,Pinterest,19,1
2025-07-22,Vrbo,0,0
2025-07-23,Airbnb,0,0
2025-07-23,Criteo,56,22
2025-07-23,Customer IO,30,78
2025-07-23,Direct Mail,0,1
2025-07-23,Google,746,225
2025-07-23,Influencer,314,24
2025-07-23,Meta,484,177
2025-07-23,Microsoft,0,2
2025-07-23,Organic,490,332
2025-07-23,Other,8,127
2025-07-23,Pinterest,19,9
2025-07-23,Vrbo,0,0
2025-07-24,Airbnb,0,0
2025-07-24,Criteo,44,23
2025-07-24,Customer IO,23,107
2025-07-24,Direct Mail,0,1
2025-07-24,Google,782,234
2025-07-24,Influencer,254,37
2025-07-24,Meta,540,204
2025-07-24,Microsoft,0,6
2025-07-24,Organic,542,290
2025-07-24,Other,8,84
2025-07-24,Pinterest,24,5
2025-07-25,Airbnb,0,0
2025-07-25,Criteo,27,26
2025-07-25,Customer IO,17,69
2025-07-25,Email Action,0,1
2025-07-25,Google,706,218
2025-07-25,Influencer,61,8
2025-07-25,Meta,592,203
2025-07-25,Microsoft,2,0
2025-07-25,Organic,418,241
2025-07-25,Other,4,107
2025-07-25,Pinterest,32,8
2025-07-26,Airbnb,0,0
2025-07-26,Criteo,49,28
2025-07-26,Customer IO,52,139
2025-07-26,Direct Mail,0,2
2025-07-26,Google,621,234
2025-07-26,Influencer,21,16
2025-07-26,Meta,434,169
2025-07-26,Microsoft,1,1
2025-07-26,Organic,425,306
2025-07-26,Other,10,109
2025-07-26,Pinterest,24,5
2025-07-27,Airbnb,0,0
2025-07-27,Booking,0,0
2025-07-27,Criteo,36,24
2025-07-27,Customer IO,46,95
2025-07-27,Direct Mail,1,5
2025-07-27,Google,688,237
2025-07-27,Influencer,46,8
2025-07-27,Meta,434,138
2025-07-27,Microsoft,7,1
2025-07-27,Organic,557,380
2025-07-27,Other,14,126
2025-07-27,Pinterest,25,4
2025-07-27,Vrbo,0,0
2025-07-28,Airbnb,0,0
2025-07-28,Criteo,40,22
2025-07-28,Customer IO,36,76
2025-07-28,Direct Mail,0,0
2025-07-28,Google,676,210
2025-07-28,Influencer,538,67
2025-07-28,Manual,0,0
2025-07-28,Meta,426,186
2025-07-28,Microsoft,4,4
2025-07-28,Organic,536,310
2025-07-28,Other,7,162
2025-07-28,Pinterest,26,3
2025-07-28,Vrbo,0,0
2025-07-29,Airbnb,0,0
2025-07-29,Criteo,31,14
2025-07-29,Customer IO,24,131
2025-07-29,Direct Mail,0,2
2025-07-29,Google,698,180
2025-07-29,Influencer,361,40
2025-07-29,Meta,378,132
2025-07-29,Microsoft,6,11
2025-07-29,Organic,600,374
2025-07-29,Other,12,90
2025-07-29,Pinterest,15,5
2025-07-29,Vrbo,0,0
2025-07-30,Airbnb,0,0
2025-07-30,Criteo,21,16
2025-07-30,Customer IO,40,74
2025-07-30,Direct Mail,0,2
2025-07-30,Google,718,189
2025-07-30,Influencer,282,72
2025-07-30,Manual,0,0
2025-07-30,Meta,213,90
2025-07-30,Microsoft,13,6
2025-07-30,Organic,578,318
2025-07-30,Other,20,119
2025-07-30,Pinterest,22,9
2025-07-31,Airbnb,0,0
2025-07-31,Criteo,29,15
2025-07-31,Customer IO,21,97
2025-07-31,Google,575,147
2025-07-31,Influencer,243,49
2025-07-31,Meta,247,110
2025-07-31,Microsoft,17,5
2025-07-31,Organic,491,319
2025-07-31,Other,8,81
2025-07-31,Pinterest,12,5
2025-07-31,Vrbo,0,0
2025-08-01,Airbnb,0,0
2025-08-01,Booking,0,0
2025-08-01,Criteo,27,11
2025-08-01,Customer IO,25,56
2025-08-01,Google,509,117
2025-08-01,Influencer,130,14
2025-08-01,Meta,425,149
2025-08-01,Microsoft,1,7
2025-08-01,Organic,417,229
2025-08-01,Other,29,81
2025-08-01,Pinterest,11,2
2025-08-01,Vrbo,0,0
2025-08-02,Airbnb,0,0
2025-08-02,Criteo,20,9
2025-08-02,Customer IO,21,87
2025-08-02,Direct Mail,0,7
2025-08-02,Google,680,167
2025-08-02,Influencer,160,26
2025-08-02,Meta,374,139
2025-08-02,Microsoft,5,10
2025-08-02,Organic,462,311
2025-08-02,Other,13,96
2025-08-02,Pinterest,8,2
2025-08-02,Vrbo,0,0
2025-08-03,Airbnb,0,0
2025-08-03,Criteo,38,14
2025-08-03,Customer IO,27,64
2025-08-03,Direct Mail,0,1
2025-08-03,Google,727,196
2025-08-03,Influencer,88,17
2025-08-03,Meta,272,124
2025-08-03,Microsoft,5,1
2025-08-03,Organic,498,283
2025-08-03,Other,9,130
2025-08-03,Pinterest,5,1
2025-08-03,Vrbo,0,0
2025-08-04,Airbnb,0,0
2025-08-04,Criteo,30,14
2025-08-04,Customer IO,28,41
2025-08-04,Direct Mail,0,7
2025-08-04,Google,617,159
2025-08-04,Influencer,152,35
2025-08-04,Meta,516,157
2025-08-04,Microsoft,13,2
2025-08-04,Organic,582,276
2025-08-04,Other,13,106
2025-08-04,Pinterest,2,0
2025-08-04,Vrbo,0,0
2025-08-05,Airbnb,0,0
2025-08-05,Criteo,37,20
2025-08-05,Customer IO,27,65
2025-08-05,Google,678,168
2025-08-05,Influencer,145,32
2025-08-05,Manual,0,0
2025-08-05,Meta,246,89
2025-08-05,Microsoft,4,3
2025-08-05,Organic,518,256
2025-08-05,Other,14,88
2025-08-05,Pinterest,4,1
2025-08-05,TikTok,2,0
2025-08-05,Vrbo,0,0
2025-08-06,Airbnb,0,0
2025-08-06,Criteo,25,19
2025-08-06,Customer IO,23,53
2025-08-06,Direct Mail,1,0
2025-08-06,Google,646,149
2025-08-06,Influencer,162,22
2025-08-06,Meta,215,93
2025-08-06,Microsoft,4,3
2025-08-06,Organic,447,301
2025-08-06,Other,13,73
2025-08-06,Pinterest,7,1
2025-08-06,TikTok,16,4
2025-08-07,Airbnb,0,0
2025-08-07,Criteo,39,15
2025-08-07,Customer IO,15,56
2025-08-07,Direct Mail,1,1
2025-08-07,Google,595,148
2025-08-07,Influencer,236,33
2025-08-07,Manual,0,0
2025-08-07,Meta,257,118
2025-08-07,Microsoft,3,3
2025-08-07,Organic,446,259
2025-08-07,Other,6,74
2025-08-07,Pinterest,8,2
2025-08-07,TikTok,10,2
2025-08-07,Vrbo,0,0
2025-08-08,Airbnb,0,0
2025-08-08,Criteo,51,19
2025-08-08,Customer IO,29,69
2025-08-08,Direct Mail,2,2
2025-08-08,Google,539,140
2025-08-08,Influencer,105,11
2025-08-08,Manual,0,0
2025-08-08,Meta,771,332
2025-08-08,Microsoft,7,0
2025-08-08,Organic,550,291
2025-08-08,Other,8,87
2025-08-08,Pinterest,15,4
2025-08-08,TikTok,14,3
2025-08-09,Airbnb,0,0
2025-08-09,Criteo,21,12
2025-08-09,Customer IO,35,112
2025-08-09,Direct Mail,1,0
2025-08-09,Google,702,187
2025-08-09,Influencer,56,7
2025-08-09,Meta,177,112
2025-08-09,Microsoft,9,3
2025-08-09,Organic,440,284
2025-08-09,Other,9,99
2025-08-09,Pinterest,9,3
2025-08-09,TikTok,10,2
2025-08-10,Airbnb,0,0
2025-08-10,Criteo,23,9
2025-08-10,Customer IO,17,70
2025-08-10,Direct Mail,2,2
2025-08-10,Google,484,134
2025-08-10,Influencer,345,42
2025-08-10,Meta,259,104
2025-08-10,Microsoft,12,4
2025-08-10,Organic,449,273
2025-08-10,Other,10,112
2025-08-10,Pinterest,15,2
2025-08-10,TikTok,6,1
2025-08-10,Vrbo,0,0
2025-08-11,Airbnb,0,0
2025-08-11,Criteo,30,11
2025-08-11,Customer IO,22,62
2025-08-11,Direct Mail,0,2
2025-08-11,Google,372,103
2025-08-11,Influencer,117,24
2025-08-11,Manual,0,0
2025-08-11,Meta,207,119
2025-08-11,Microsoft,15,4
2025-08-11,Organic,429,233
2025-08-11,Other,5,52
2025-08-11,Pinterest,13,6
2025-08-11,TikTok,6,1
2025-08-11,Vrbo,0,0
2025-08-12,Airbnb,0,0
2025-08-12,Booking,0,0
2025-08-12,Criteo,38,13
2025-08-12,Customer IO,21,56
2025-08-12,Direct Mail,0,1
2025-08-12,Google,607,162
2025-08-12,Influencer,78,13
2025-08-12,Meta,192,65
2025-08-12,Microsoft,10,3
2025-08-12,Organic,404,253
2025-08-12,Other,10,54
2025-08-12,Pinterest,6,1
2025-08-12,TikTok,15,6
2025-08-12,Vrbo,0,0
2025-08-13,Airbnb,0,0
2025-08-13,Criteo,46,20
2025-08-13,Customer IO,24,57
2025-08-13,Google,561,165
2025-08-13,Influencer,230,15
2025-08-13,Meta,183,80
2025-08-13,Microsoft,2,4
2025-08-13,Organic,485,294
2025-08-13,Other,18,72
2025-08-13,Pinterest,8,3
2025-08-13,TikTok,7,1
2025-08-13,Vrbo,0,0
2025-08-14,Airbnb,0,0
2025-08-14,Criteo,17,11
2025-08-14,Customer IO,20,58
2025-08-14,Google,399,99
2025-08-14,Influencer,206,33
2025-08-14,Manual,0,0
2025-08-14,Meta,263,103
2025-08-14,Microsoft,4,2
2025-08-14,Organic,486,281
2025-08-14,Other,10,62
2025-08-14,Pinterest,3,1
2025-08-14,TikTok,9,3
2025-08-14,Vrbo,0,0
2025-08-15,Airbnb,0,0
2025-08-15,Criteo,21,19
2025-08-15,Customer IO,7,32
2025-08-15,Direct Mail,1,0
2025-08-15,Google,203,68
2025-08-15,Influencer,266,21
2025-08-15,Meta,216,120
2025-08-15,Microsoft,14,6
2025-08-15,Organic,409,244
2025-08-15,Other,4,31
2025-08-15,Pinterest,5,1
2025-08-15,TikTok,6,1
2025-08-15,Vrbo,0,0
2025-08-16,Airbnb,0,0
2025-08-16,Criteo,17,14
2025-08-16,Customer IO,27,62
2025-08-16,Direct Mail,0,1
2025-08-16,Google,272,73
2025-08-16,Influencer,45,14
2025-08-16,Meta,205,103
2025-08-16,Microsoft,31,5
2025-08-16,Organic,449,340
2025-08-16,Other,8,72
2025-08-16,Pinterest,12,1
2025-08-16,TikTok,9,1
2025-08-16,Vrbo,0,0
2025-08-17,Airbnb,0,0
2025-08-17,Criteo,14,8
2025-08-17,Customer IO,16,47
2025-08-17,Google,188,60
2025-08-17,Influencer,40,7
2025-08-17,Meta,249,109
2025-08-17,Microsoft,13,3
2025-08-17,Organic,460,295
2025-08-17,Other,50,92
2025-08-17,Pinterest,17,1
2025-08-17,TikTok,12,7
2025-08-17,Vrbo,0,0
2025-08-18,Airbnb,0,0
2025-08-18,Criteo,21,8
2025-08-18,Customer IO,13,47
2025-08-18,Direct Mail,0,1
2025-08-18,Google,173,36
2025-08-18,Influencer,27,7
2025-08-18,Manual,0,0
2025-08-18,Meta,144,50
2025-08-18,Microsoft,15,1
2025-08-18,Organic,459,289
2025-08-18,Other,14,79
2025-08-18,Pinterest,5,0
2025-08-18,TikTok,10,16
2025-08-18,Vrbo,0,0
2025-08-19,Airbnb,0,0
2025-08-19,Criteo,21,9
2025-08-19,Customer IO,23,51
2025-08-19,Google,145,54
2025-08-19,Influencer,75,10
2025-08-19,Manual,0,0
2025-08-19,Meta,275,118
2025-08-19,Microsoft,15,1
2025-08-19,Organic,513,310
2025-08-19,Other,12,82
2025-08-19,Pinterest,7,0
2025-08-19,TikTok,3,2
2025-08-19,Vrbo,0,0
2025-08-20,Airbnb,0,0
2025-08-20,Criteo,30,14
2025-08-20,Customer IO,31,88
2025-08-20,Direct Mail,0,2
2025-08-20,Google,169,47
2025-08-20,Influencer,333,42
2025-08-20,Manual,0,0
2025-08-20,Meta,185,64
2025-08-20,Microsoft,16,3
2025-08-20,Organic,427,317
2025-08-20,Other,19,91
2025-08-20,Pinterest,8,2
2025-08-20,TikTok,5,2
2025-08-20,Vrbo,0,0
2025-08-21,Airbnb,0,0
2025-08-21,Criteo,22,25
2025-08-21,Customer IO,21,71
2025-08-21,Google,202,62
2025-08-21,Influencer,227,29
2025-08-21,Manual,0,0
2025-08-21,Meta,171,82
2025-08-21,Microsoft,11,2
2025-08-21,Organic,418,293
2025-08-21,Other,13,79
2025-08-21,Pinterest,4,2
2025-08-21,TikTok,12,10
2025-08-21,Vrbo,0,0
2025-08-22,Airbnb,0,0
2025-08-22,Criteo,27,18
2025-08-22,Customer IO,10,67
2025-08-22,Direct Mail,0,2
2025-08-22,Google,149,53
2025-08-22,Influencer,112,14
2025-08-22,Manual,0,0
2025-08-22,Meta,144,43
2025-08-22,Microsoft,9,3
2025-08-22,Organic,231,265
2025-08-22,Other,40,67
2025-08-22,Pinterest,4,1
2025-08-22,TikTok,6,1
2025-08-22,Vrbo,0,0
2025-08-23,Airbnb,0,0
2025-08-23,Criteo,5,5
2025-08-23,Customer IO,8,103
2025-08-23,Direct Mail,0,3
2025-08-23,Google,19,47
2025-08-23,Influencer,348,53
2025-08-23,Meta,34,64
2025-08-23,Microsoft,1,2
2025-08-23,Organic,58,154
2025-08-23,Other,116,97
2025-08-23,Pinterest,1,3
2025-08-23,TikTok,2,1
2025-08-23,Vrbo,0,0
2025-08-24,Airbnb,0,0
2025-08-24,Criteo,12,16
2025-08-24,Customer IO,12,67
2025-08-24,Direct Mail,1,0
2025-08-24,Google,22,50
2025-08-24,Influencer,762,60
2025-08-24,Meta,50,52
2025-08-24,Organic,89,193
2025-08-24,Other,158,107
2025-08-24,Pinterest,1,1
2025-08-24,Vrbo,0,0
2025-08-25,Airbnb,0,0
2025-08-25,Criteo,3,13
2025-08-25,Customer IO,5,53
2025-08-25,Direct Mail,0,1
2025-08-25,Google,23,43
2025-08-25,Influencer,95,7
2025-08-25,Manual,0,0
2025-08-25,Meta,17,27
2025-08-25,Microsoft,1,0
2025-08-25,Organic,70,168
2025-08-25,Other,103,70
2025-08-25,Pinterest,0,1
2025-08-25,TikTok,1,0
2025-08-25,Vrbo,0,0
2025-08-26,Airbnb,0,0
2025-08-26,Criteo,1,8
2025-08-26,Customer IO,3,38
2025-08-26,Email Action,0,2
2025-08-26,Google,17,50
2025-08-26,Influencer,70,9
2025-08-26,Manual,0,0
2025-08-26,Meta,20,31
2025-08-26,Microsoft,2,2
2025-08-26,Organic,57,148
2025-08-26,Other,99,62
2025-08-26,TikTok,1,2
2025-08-27,Airbnb,0,0
2025-08-27,Criteo,6,20
2025-08-27,Customer IO,5,43
2025-08-27,Google,22,42
2025-08-27,Influencer,170,20
2025-08-27,Manual,0,1
2025-08-27,Meta,14,33
2025-08-27,Microsoft,1,1
2025-08-27,Organic,62,158
2025-08-27,Other,97,51
2025-08-27,Pinterest,1,1
2025-08-27,TikTok,2,2
2025-08-27,Vrbo,0,0
2025-08-28,Airbnb,0,0
2025-08-28,Benefithub,0,1
2025-08-28,Criteo,3,10
2025-08-28,Customer IO,6,80
2025-08-28,Direct Mail,0,1
2025-08-28,Google,12,21
2025-08-28,Influencer,69,16
2025-08-28,Meta,15,24
2025-08-28,Organic,61,150
2025-08-28,Other,118,54
2025-08-28,Pinterest,0,3
2025-08-28,TikTok,2,1
2025-08-28,Vrbo,0,0
2025-08-29,Airbnb,0,0
2025-08-29,Benefithub,0,3
2025-08-29,Criteo,3,10
2025-08-29,Customer IO,2,33
2025-08-29,Direct Mail,0,2
2025-08-29,Google,11,25
2025-08-29,Influencer,146,17
2025-08-29,Meta,8,13
2025-08-29,Microsoft,0,2
2025-08-29,Organic,70,146
2025-08-29,Other,82,56
2025-08-29,Pinterest,3,2
2025-08-29,TikTok,6,6
2025-08-30,Airbnb,0,0
2025-08-30,Criteo,4,8
2025-08-30,Customer IO,4,43
2025-08-30,Google,33,37
2025-08-30,Influencer,43,11
2025-08-30,Meta,28,26
2025-08-30,Microsoft,0,1
2025-08-30,Organic,53,145
2025-08-30,Other,132,63
2025-08-30,Pinterest,1,4
2025-08-30,TikTok,1,0
2025-08-30,Vrbo,0,0
2025-08-31,Airbnb,0,0
2025-08-31,Criteo,5,10
2025-08-31,Customer IO,6,45
2025-08-31,Google,40,46
2025-08-31,Influencer,28,3
2025-08-31,Meta,27,27
2025-08-31,Microsoft,1,5
2025-08-31,Organic,43,110
2025-08-31,Other,100,67
2025-08-31,Pinterest,6,5
2025-08-31,TikTok,3,4
2025-09-01,Airbnb,0,0
2025-09-01,Benefithub,0,1
2025-09-01,Criteo,8,9
2025-09-01,Customer IO,5,40
2025-09-01,Direct Mail,0,4
2025-09-01,Google,33,31
2025-09-01,Influencer,50,4
2025-09-01,Meta,38,40
2025-09-01,Microsoft,4,3
2025-09-01,Organic,46,151
2025-09-01,Other,146,78
2025-09-01,Pinterest,0,1
2025-09-01,TikTok,1,1
2025-09-01,Vrbo,0,0
2025-09-02,Airbnb,0,0
2025-09-02,Benefithub,0,5
2025-09-02,Criteo,9,11
2025-09-02,Customer IO,6,52
2025-09-02,Google,39,46
2025-09-02,Influencer,70,14
2025-09-02,Meta,41,37
2025-09-02,Microsoft,2,4
2025-09-02,Organic,73,155
2025-09-02,Other,141,53
2025-09-02,Pinterest,0,3
2025-09-02,TikTok,2,2
2025-09-02,Vrbo,0,0
2025-09-03,Airbnb,0,0
2025-09-03,Criteo,9,7
2025-09-03,Customer IO,4,36
2025-09-03,Direct Mail,0,2
2025-09-03,Google,22,39
2025-09-03,Influencer,26,5
2025-09-03,Manual,0,0
2025-09-03,Meta,30,26
2025-09-03,Microsoft,1,1
2025-09-03,Organic,68,150
2025-09-03,Other,119,33
2025-09-03,Pinterest,2,3
2025-09-03,TikTok,2,2
2025-09-03,Vrbo,0,0
2025-09-04,Airbnb,0,0
2025-09-04,Benefithub,0,1
2025-09-04,Criteo,15,17
2025-09-04,Customer IO,4,57
2025-09-04,Google,28,32
2025-09-04,Influencer,20,2
2025-09-04,Manual,0,0
2025-09-04,Meta,37,33
2025-09-04,Microsoft,2,3
2025-09-04,Organic,52,148
2025-09-04,Other,94,62
2025-09-04,TikTok,5,5
2025-09-04,Vrbo,0,0
2025-09-05,Airbnb,0,0
2025-09-05,Criteo,5,8
2025-09-05,Customer IO,3,47
2025-09-05,Google,18,25
2025-09-05,Influencer,14,4
2025-09-05,Meta,26,35
2025-09-05,Microsoft,2,4
2025-09-05,Organic,45,98
2025-09-05,Other,94,60
2025-09-05,Pinterest,5,4
2025-09-05,TikTok,2,2
2025-09-05,Vrbo,0,0
2025-09-06,Airbnb,0,0
2025-09-06,Criteo,6,6
2025-09-06,Customer IO,11,51
2025-09-06,Direct Mail,1,0
2025-09-06,Google,31,31
2025-09-06,Influencer,6,3
2025-09-06,Meta,18,27
2025-09-06,Organic,43,123
2025-09-06,Other,111,65
2025-09-06,Pinterest,4,3
2025-09-06,TikTok,1,3
2025-09-06,Vrbo,0,0
2025-09-07,Airbnb,0,0
2025-09-07,Criteo,3,7
2025-09-07,Customer IO,9,34
2025-09-07,Direct Mail,0,2
2025-09-07,Google,20,28
2025-09-07,Influencer,16,2
2025-09-07,Meta,19,35
2025-09-07,Microsoft,1,1
2025-09-07,Organic,50,155
2025-09-07,Other,135,85
2025-09-07,Pinterest,1,1
2025-09-07,TikTok,2,1
2025-09-07,Vrbo,0,0
2025-09-08,Airbnb,0,0
2025-09-08,Benefithub,0,1
2025-09-08,Criteo,17,6
2025-09-08,Customer IO,4,30
2025-09-08,Direct Mail,1,0
2025-09-08,Google,28,22
2025-09-08,Influencer,167,17
2025-09-08,Meta,31,19
2025-09-08,Microsoft,1,0
2025-09-08,Organic,49,106
2025-09-08,Other,87,66
2025-09-08,Pinterest,3,4
2025-09-08,TikTok,1,1
2025-09-08,Vrbo,0,0
2025-09-09,Airbnb,0,0
2025-09-09,Benefithub,0,7
2025-09-09,Criteo,14,7
2025-09-09,Customer IO,10,26
2025-09-09,Google,56,33
2025-09-09,Influencer,414,41
2025-09-09,Meta,40,12
2025-09-09,Microsoft,2,2
2025-09-09,Organic,55,99
2025-09-09,Other,102,49
2025-09-09,Pinterest,5,2
2025-09-09,TikTok,1,1
2025-09-09,Vrbo,0,0
2025-09-10,Airbnb,0,0
2025-09-10,Benefithub,0,2
2025-09-10,Criteo,11,7
2025-09-10,Customer IO,8,17
2025-09-10,Google,64,39
2025-09-10,Influencer,378,27
2025-09-10,Manual,0,0
2025-09-10,Meta,51,29
2025-09-10,Microsoft,2,1
2025-09-10,Organic,65,106
2025-09-10,Other,106,60
2025-09-10,Pinterest,7,1
2025-09-10,TikTok,3,3
2025-09-10,Vrbo,0,0
2025-09-11,Airbnb,0,0
2025-09-11,Benefithub,0,1
2025-09-11,Criteo,12,3
2025-09-11,Customer IO,6,38
2025-09-11,Google,34,23
2025-09-11,Influencer,53,13
2025-09-11,Meta,28,27
2025-09-11,Microsoft,1,2
2025-09-11,Organic,49,132
2025-09-11,Other,78,42
2025-09-11,Pinterest,1,0
2025-09-11,TikTok,3,2
2025-09-11,Vrbo,0,0
2025-09-12,Airbnb,0,0
2025-09-12,Benefithub,0,1
2025-09-12,Criteo,9,5
2025-09-12,Customer IO,12,31
2025-09-12,Direct Mail,0,1
2025-09-12,Google,60,38
2025-09-12,Influencer,264,20
2025-09-12,Manual,0,0
2025-09-12,Meta,42,21
2025-09-12,Organic,45,97
2025-09-12,Other,67,22
2025-09-12,Pinterest,1,2
2025-09-13,Airbnb,0,0
2025-09-13,Criteo,12,12
2025-09-13,Customer IO,6,46
2025-09-13,Direct Mail,0,2
2025-09-13,Google,152,74
2025-09-13,Influencer,61,9
2025-09-13,Meta,67,44
2025-09-13,Microsoft,1,1
2025-09-13,Organic,45,129
2025-09-13,Other,144,93
2025-09-13,Pinterest,2,1
2025-09-13,TikTok,1,1
2025-09-14,Airbnb,0,0
2025-09-14,Criteo,19,7
2025-09-14,Customer IO,12,59
2025-09-14,Google,99,56
2025-09-14,Influencer,26,7
2025-09-14,Meta,53,30
2025-09-14,Microsoft,1,1
2025-09-14,Organic,32,82
2025-09-14,Other,133,70
2025-09-14,Pinterest,6,17
2025-09-14,TikTok,1,1
2025-09-14,Vrbo,0,0
2025-09-15,Airbnb,0,0
2025-09-15,Criteo,14,12
2025-09-15,Customer IO,11,37
2025-09-15,Google,65,34
2025-09-15,Influencer,116,14
2025-09-15,Meta,44,44
2025-09-15,Microsoft,0,1
2025-09-15,Organic,52,88
2025-09-15,Other,111,82
2025-09-15,Pinterest,2,0
2025-09-15,TikTok,1,1
2025-09-15,Vrbo,0,0
2025-09-16,Airbnb,0,0
2025-09-16,Criteo,9,8
2025-09-16,Customer IO,13,27
2025-09-16,Direct Mail,5,17
2025-09-16,Google,64,32
2025-09-16,Influencer,641,102
2025-09-16,Manual,0,0
2025-09-16,Meta,65,33
2025-09-16,Microsoft,0,2
2025-09-16,Organic,106,185
2025-09-16,Other,143,83
2025-09-16,Pinterest,3,3
2025-09-16,Vrbo,0,0
2025-09-17,Airbnb,0,0
2025-09-17,Criteo,8,7
2025-09-17,Customer IO,7,47
2025-09-17,Direct Mail,6,10
2025-09-17,Google,61,26
2025-09-17,Influencer,102,24
2025-09-17,Meta,33,27
2025-09-17,Organic,69,158
2025-09-17,Other,104,54
2025-09-17,Pinterest,1,1
2025-09-17,TikTok,4,3
2025-09-18,Airbnb,0,0
2025-09-18,Criteo,11,2
2025-09-18,Customer IO,5,41
2025-09-18,Direct Mail,12,9
2025-09-18,Google,58,22
2025-09-18,Influencer,146,34
2025-09-18,Manual,0,0
2025-09-18,Meta,37,40
2025-09-18,Microsoft,0,4
2025-09-18,Organic,81,140
2025-09-18,Other,95,76
2025-09-18,Pinterest,1,1
2025-09-18,Vrbo,0,0
2025-09-19,Airbnb,0,0
2025-09-19,Benefithub,0,1
2025-09-19,Criteo,13,4
2025-09-19,Customer IO,4,40
2025-09-19,Direct Mail,9,6
2025-09-19,Google,35,33
2025-09-19,Influencer,59,7
2025-09-19,Meta,41,20
2025-09-19,Microsoft,1,3
2025-09-19,Organic,69,162
2025-09-19,Other,94,46
2025-09-19,Pinterest,4,1
2025-09-20,Airbnb,0,0
2025-09-20,Criteo,6,9
2025-09-20,Customer IO,1,29
2025-09-20,Direct Mail,9,7
2025-09-20,Google,65,35
2025-09-20,Influencer,46,5
2025-09-20,Meta,35,32
2025-09-20,Microsoft,1,1
2025-09-20,Organic,64,130
2025-09-20,Other,98,41
2025-09-20,Pinterest,2,1
2025-09-20,Vrbo,0,0
2025-09-21,Airbnb,0,0
2025-09-21,Criteo,10,4
2025-09-21,Customer IO,6,67
2025-09-21,Direct Mail,12,10
2025-09-21,Google,87,53
2025-09-21,Influencer,30,4
2025-09-21,Meta,48,34
2025-09-21,Organic,69,130
2025-09-21,Other,129,59
2025-09-21,Pinterest,7,6
2025-09-21,Vrbo,0,0
2025-09-22,Airbnb,0,0
2025-09-22,Benefithub,0,3
2025-09-22,Criteo,12,7
2025-09-22,Customer IO,4,28
2025-09-22,Direct Mail,8,20
2025-09-22,Google,58,37
2025-09-22,Influencer,33,1
2025-09-22,Manual,0,0
2025-09-22,Meta,33,24
2025-09-22,Microsoft,0,1
2025-09-22,Organic,64,136
2025-09-22,Other,83,57
2025-09-22,Pinterest,3,1
2025-09-22,Vrbo,0,0
2025-09-23,Airbnb,0,0
2025-09-23,Criteo,8,6
2025-09-23,Customer IO,8,66
2025-09-23,Direct Mail,13,21
2025-09-23,Google,62,50
2025-09-23,Influencer,128,24
2025-09-23,Manual,0,0
2025-09-23,Meta,47,30
2025-09-23,Microsoft,3,1
2025-09-23,Organic,88,229
2025-09-23,Other,106,53
2025-09-23,Pinterest,2,0
2025-09-23,Vrbo,0,0
2025-09-24,Airbnb,0,0
2025-09-24,Criteo,7,7
2025-09-24,Customer IO,10,47
2025-09-24,Direct Mail,15,31
2025-09-24,Google,43,42
2025-09-24,Influencer,135,22
2025-09-24,Meta,50,27
2025-09-24,Microsoft,2,3
2025-09-24,Organic,55,167
2025-09-24,Other,96,47
2025-09-24,Pinterest,7,3
2025-09-24,TikTok,0,1
2025-09-24,Vrbo,0,0
2025-09-25,Airbnb,0,0
2025-09-25,Benefithub,0,2
2025-09-25,Criteo,6,7
2025-09-25,Customer IO,10,49
2025-09-25,Direct Mail,3,9
2025-09-25,Google,60,40
2025-09-25,Influencer,48,11
2025-09-25,Meta,44,26
2025-09-25,Microsoft,1,1
2025-09-25,Organic,59,108
2025-09-25,Other,87,54
2025-09-25,Pinterest,1,1
2025-09-25,Vrbo,0,0
2025-09-26,Airbnb,0,0
2025-09-26,Criteo,5,6
2025-09-26,Customer IO,4,44
2025-09-26,Direct Mail,10,13
2025-09-26,Google,54,28
2025-09-26,Influencer,117,5
2025-09-26,Manual,0,0
2025-09-26,Meta,31,24
2025-09-26,Microsoft,1,2
2025-09-26,Organic,42,114
2025-09-26,Other,104,67
2025-09-27,Airbnb,0,0
2025-09-27,Benefithub,0,2
2025-09-27,Criteo,9,5
2025-09-27,Customer IO,5,48
2025-09-27,Direct Mail,2,13
2025-09-27,Google,34,36
2025-09-27,Influencer,62,13
2025-09-27,Meta,34,18
2025-09-27,Microsoft,0,1
2025-09-27,Organic,49,132
2025-09-27,Other,92,66
2025-09-27,Pinterest,3,0
2025-09-27,TikTok,0,1
2025-09-27,Vrbo,0,0
2025-09-28,Airbnb,0,0
2025-09-28,Benefithub,0,5
2025-09-28,Criteo,12,6
2025-09-28,Customer IO,3,37
2025-09-28,Direct Mail,2,5
2025-09-28,Google,65,34
2025-09-28,Influencer,48,5
2025-09-28,Meta,43,22
2025-09-28,Organic,35,120
2025-09-28,Other,91,63
2025-09-28,Vrbo,0,0
2025-09-29,Airbnb,0,0
2025-09-29,Benefithub,0,17
2025-09-29,Criteo,12,2
2025-09-29,Customer IO,12,16
2025-09-29,Direct Mail,2,5
2025-09-29,Google,47,39
2025-09-29,Influencer,36,5
2025-09-29,Meta,45,50
2025-09-29,Organic,49,121
2025-09-29,Other,79,69
2025-09-29,Pinterest,4,1
2025-09-29,Vrbo,0,0
2025-09-30,Airbnb,0,0
2025-09-30,Benefithub,1,11
2025-09-30,Criteo,3,1
2025-09-30,Customer IO,12,45
2025-09-30,Direct Mail,3,6
2025-09-30,Google,50,27
2025-09-30,Influencer,71,10
2025-09-30,Meta,46,28
2025-09-30,Organic,38,179
2025-09-30,Other,97,70
2025-09-30,Pinterest,2,0
2025-09-30,Vrbo,0,0
2025-10-01,Airbnb,0,0
2025-10-01,Benefithub,1,12
2025-10-01,Criteo,8,0
2025-10-01,Customer IO,7,34
2025-10-01,Direct Mail,2,2
2025-10-01,Google,43,24
2025-10-01,Influencer,70,0
2025-10-01,Manual,0,0
2025-10-01,Meta,42,20
2025-10-01,Microsoft,1,2
2025-10-01,Organic,50,156
2025-10-01,Other,83,40
2025-10-01,Pinterest,5,0
2025-10-01,TikTok,1,0
2025-10-01,Vrbo,0,0
2025-10-02,Airbnb,0,0
2025-10-02,Criteo,6,4
2025-10-02,Customer IO,9,42
2025-10-02,Direct Mail,3,4
2025-10-02,Google,46,14
2025-10-02,Influencer,13,2
2025-10-02,Meta,25,16
2025-10-02,Organic,68,177
2025-10-02,Other,143,73
2025-10-02,Pinterest,3,0
2025-10-02,Vrbo,0,0
2025-10-03,Airbnb,0,0
2025-10-03,Benefithub,1,2
2025-10-03,Criteo,13,12
2025-10-03,Customer IO,14,49
2025-10-03,Direct Mail,1,3
2025-10-03,Google,47,20
2025-10-03,Influencer,8,0
2025-10-03,Meta,27,5
2025-10-03,Organic,62,89
2025-10-03,Other,216,81
2025-10-03,Pinterest,1,0
2025-10-03,Vrbo,0,0
2025-10-04,Airbnb,0,0
2025-10-04,Benefithub,1,0
2025-10-04,Criteo,2,2
2025-10-04,Customer IO,9,47
2025-10-04,Direct Mail,2,9
2025-10-04,Google,49,16
2025-10-04,Influencer,11,1
2025-10-04,Meta,36,12
2025-10-04,Microsoft,0,1
2025-10-04,Organic,36,94
2025-10-04,Other,130,84
2025-10-04,Pinterest,1,0
2025-10-04,Vrbo,0,0
2025-10-05,Airbnb,0,0
2025-10-05,Benefithub,1,0
2025-10-05,Criteo,12,4
2025-10-05,Customer IO,6,58
2025-10-05,Direct Mail,6,1
2025-10-05,Google,70,17
2025-10-05,Influencer,145,12
2025-10-05,Meta,34,14
2025-10-05,Microsoft,0,1
2025-10-05,Organic,46,118
2025-10-05,Other,209,112
2025-10-05,Pinterest,2,1
2025-10-05,Vrbo,0,0
2025-10-06,Airbnb,0,0
2025-10-06,Benefithub,4,0
2025-10-06,Criteo,9,2
2025-10-06,Customer IO,11,43
2025-10-06,Direct Mail,0,6
2025-10-06,Google,53,14
2025-10-06,Influencer,114,5
2025-10-06,Manual,0,0
2025-10-06,Meta,32,7
2025-10-06,Microsoft,1,0
2025-10-06,Organic,48,72
2025-10-06,Other,154,74
2025-10-06,Pinterest,1,0
2025-10-07,Airbnb,0,0
2025-10-07,Benefithub,1,1
2025-10-07,Criteo,5,1
2025-10-07,Customer IO,2,36
2025-10-07,Direct Mail,2,3
2025-10-07,Google,38,10
2025-10-07,Influencer,33,6
2025-10-07,Manual,0,0
2025-10-07,Meta,33,15
2025-10-07,Microsoft,3,1
2025-10-07,Organic,61,110
2025-10-07,Other,135,83
2025-10-07,Pinterest,1,0
2025-10-08,Airbnb,0,0
2025-10-08,Alpha,1,0
2025-10-08,Benefithub,6,3
2025-10-08,Criteo,6,4
2025-10-08,Customer IO,5,43
2025-10-08,Direct Mail,2,1
2025-10-08,Google,50,12
2025-10-08,Influencer,29,7
2025-10-08,Manual,0,0
2025-10-08,Meta,15,9
2025-10-08,Microsoft,2,1
2025-10-08,Organic,55,93
2025-10-08,Other,113,84
2025-10-08,Pinterest,1,0
2025-10-08,TikTok,2,0
2025-10-09,Airbnb,0,0
2025-10-09,Benefithub,4,0
2025-10-09,Criteo,6,2
2025-10-09,Customer IO,8,32
2025-10-09,Direct Mail,2,0
2025-10-09,Google,44,26
2025-10-09,Influencer,23,4
2025-10-09,Meta,17,9
2025-10-09,Microsoft,3,0
2025-10-09,Organic,65,97
2025-10-09,Other,99,65
2025-10-09,Vrbo,0,0
2025-10-10,Airbnb,0,0
2025-10-10,Benefithub,3,1
2025-10-10,Criteo,7,5
2025-10-10,Customer IO,8,26
2025-10-10,Direct Mail,1,7
2025-10-10,Google,18,8
2025-10-10,Influencer,60,5
2025-10-10,Meta,32,9
2025-10-10,Microsoft,4,1
2025-10-10,Organic,84,94
2025-10-10,Other,103,63
2025-10-10,Vrbo,0,0
2025-10-11,Airbnb,0,0
2025-10-11,Benefithub,6,3
2025-10-11,Criteo,2,0
2025-10-11,Customer IO,5,24
2025-10-11,Google,44,19
2025-10-11,Influencer,21,1
2025-10-11,Meta,25,6
2025-10-11,Organic,60,97
2025-10-11,Other,117,37
2025-10-11,TikTok,1,0
2025-10-11,Vrbo,0,0
2025-10-12,Airbnb,0,0
2025-10-12,Benefithub,3,1
2025-10-12,Criteo,2,3
2025-10-12,Customer IO,7,23
2025-10-12,Direct Mail,1,1
2025-10-12,Google,48,14
2025-10-12,Influencer,13,3
2025-10-12,Meta,24,16
2025-10-12,Microsoft,3,3
2025-10-12,Organic,67,75
2025-10-12,Other,109,49
2025-10-12,Pinterest,0,1
2025-10-12,TikTok,1,0
2025-10-12,Vrbo,0,0
2025-10-13,Airbnb,0,0
2025-10-13,Alpha,1,0
2025-10-13,Benefithub,42,1
2025-10-13,Criteo,4,3
2025-10-13,Customer IO,19,17
2025-10-13,Direct Mail,1,1
2025-10-13,Google,34,24
2025-10-13,Influencer,11,1
2025-10-13,Manual,0,0
2025-10-13,Meta,16,5
2025-10-13,Microsoft,1,0
2025-10-13,Organic,56,105
2025-10-13,Other,91,42
2025-10-13,Pinterest,2,0
2025-10-13,Vrbo,0,0
2025-10-14,Airbnb,0,0
2025-10-14,Benefithub,16,2
2025-10-14,Criteo,6,12
2025-10-14,Customer IO,9,37
2025-10-14,Direct Mail,1,2
2025-10-14,Google,44,18
2025-10-14,Influencer,51,4
2025-10-14,Meta,29,12
2025-10-14,Microsoft,0,2
2025-10-14,Organic,64,124
2025-10-14,Other,109,49
2025-10-14,TikTok,0,1
2025-10-14,Vrbo,0,0
2025-10-15,Airbnb,0,0
2025-10-15,Benefithub,9,0
2025-10-15,Criteo,9,3
2025-10-15,Customer IO,9,20
2025-10-15,Direct Mail,1,5
2025-10-15,Google,34,14
2025-10-15,Influencer,314,26
2025-10-15,Manual,0,0
2025-10-15,Meta,40,4
2025-10-15,Microsoft,3,1
2025-10-15,Organic,86,108
2025-10-15,Other,91,31
2025-10-15,Pinterest,1,0
2025-10-15,Vrbo,0,0
2025-10-16,Airbnb,0,0
2025-10-16,Benefithub,7,0
2025-10-16,Criteo,2,2
2025-10-16,Customer IO,4,23
2025-10-16,Email Action,0,1
2025-10-16,Google,44,10
2025-10-16,Influencer,87,6
2025-10-16,Meta,26,8
2025-10-16,Microsoft,2,3
2025-10-16,Organic,86,89
2025-10-16,Other,97,33
2025-10-16,TikTok,1,0
2025-10-16,Vrbo,0,0
2025-10-17,Airbnb,0,0
2025-10-17,Benefithub,3,0
2025-10-17,Criteo,2,3
2025-10-17,Customer IO,7,18
2025-10-17,Direct Mail,2,0
2025-10-17,Google,71,10
2025-10-17,Influencer,46,3
2025-10-17,Meta,18,6
2025-10-17,Microsoft,3,2
2025-10-17,Organic,135,71
2025-10-17,Other,97,34
2025-10-17,Pinterest,2,1
2025-10-17,Vrbo,0,0
2025-10-18,Airbnb,0,0
2025-10-18,Benefithub,1,0
2025-10-18,Criteo,5,1
2025-10-18,Customer IO,3,28
2025-10-18,Direct Mail,1,1
2025-10-18,Google,50,10
2025-10-18,Influencer,97,7
2025-10-18,Meta,8,5
2025-10-18,Microsoft,1,5
2025-10-18,Organic,94,85
2025-10-18,Other,84,31
2025-10-18,TikTok,4,0
2025-10-18,Vrbo,0,0
2025-10-19,Airbnb,0,0
2025-10-19,Benefithub,2,0
2025-10-19,Criteo,5,2
2025-10-19,Customer IO,8,46
2025-10-19,Google,48,16
2025-10-19,Influencer,55,6
2025-10-19,Meta,11,19
2025-10-19,Microsoft,1,1
2025-10-19,Organic,55,78
2025-10-19,Other,155,45
2025-10-19,Pinterest,4,1
2025-10-19,Vrbo,0,0
2025-10-20,Airbnb,0,0
2025-10-20,Benefithub,50,2
2025-10-20,Criteo,5,2
2025-10-20,Customer IO,4,38
2025-10-20,Google,50,15
2025-10-20,Influencer,59,5
2025-10-20,Manual,0,0
2025-10-20,Meta,12,4
2025-10-20,Microsoft,4,5
2025-10-20,Organic,75,98
2025-10-20,Other,103,24
2025-10-20,Pinterest,0,1
2025-10-20,TikTok,1,0
2025-10-20,Vrbo,0,0
2025-10-21,Airbnb,0,0
2025-10-21,Benefithub,75,7
2025-10-21,Criteo,1,1
2025-10-21,Customer IO,19,46
2025-10-21,Google,52,7
2025-10-21,Influencer,174,9
2025-10-21,Meta,22,2
2025-10-21,Microsoft,1,0
2025-10-21,Organic,73,157
2025-10-21,Other,106,37
2025-10-21,Pinterest,1,0
2025-10-21,TikTok,0,1
2025-10-21,Vrbo,0,0
2025-10-22,Airbnb,0,0
2025-10-22,Benefithub,61,6
2025-10-22,Criteo,3,0
2025-10-22,Customer IO,7,39
2025-10-22,Direct Mail,0,1
2025-10-22,Google,18,21
2025-10-22,Influencer,34,2
2025-10-22,Manual,0,0
2025-10-22,Meta,21,11
2025-10-22,Organic,52,110
2025-10-22,Other,78,22
2025-10-23,Airbnb,0,0
2025-10-23,Benefithub,16,5
2025-10-23,Criteo,4,0
2025-10-23,Customer IO,8,20
2025-10-23,Google,39,15
2025-10-23,Influencer,39,6
2025-10-23,Meta,10,2
2025-10-23,Microsoft,1,0
2025-10-23,Organic,87,90
2025-10-23,Other,98,32
2025-10-23,Pinterest,1,3
2025-10-23,Vrbo,0,0
2025-10-24,Airbnb,0,0
2025-10-24,Benefithub,10,2
2025-10-24,Criteo,3,1
2025-10-24,Customer IO,5,18
2025-10-24,Google,64,21
2025-10-24,Influencer,38,1
2025-10-24,Meta,15,3
2025-10-24,Microsoft,3,1
2025-10-24,Organic,116,86
2025-10-24,Other,91,25
2025-10-24,TikTok,3,0
2025-10-24,Vrbo,0,0
2025-10-25,Airbnb,0,0
2025-10-25,Benefithub,6,0
2025-10-25,Criteo,2,0
2025-10-25,Customer IO,12,32
2025-10-25,Direct Mail,1,0
2025-10-25,Google,100,27
2025-10-25,Influencer,168,9
2025-10-25,Meta,9,4
2025-10-25,Microsoft,2,0
2025-10-25,Organic,90,88
2025-10-25,Other,84,20
2025-10-25,Pinterest,2,0
2025-10-25,TikTok,1,0
2025-10-25,Vrbo,0,0
2025-10-26,Airbnb,0,0
2025-10-26,Benefithub,8,0
2025-10-26,Criteo,3,4
2025-10-26,Customer IO,12,24
2025-10-26,Direct Mail,1,2
2025-10-26,Google,86,22
2025-10-26,Influencer,307,29
2025-10-26,Meta,24,7
2025-10-26,Microsoft,3,0
2025-10-26,Organic,95,102
2025-10-26,Other,74,31
2025-10-26,TikTok,1,0
2025-10-26,Vrbo,0,0
2025-10-27,Airbnb,0,0
2025-10-27,Benefithub,5,0
2025-10-27,Criteo,3,3
2025-10-27,Customer IO,6,31
2025-10-27,Google,61,28
2025-10-27,Influencer,47,5
2025-10-27,Manual,0,0
2025-10-27,Meta,4,5
2025-10-27,Organic,85,71
2025-10-27,Other,71,35
2025-10-27,TikTok,1,0
2025-10-27,Vrbo,0,0
2025-10-28,Airbnb,0,0
2025-10-28,Benefithub,6,1
2025-10-28,Criteo,0,1
2025-10-28,Customer IO,5,16
2025-10-28,Direct Mail,0,1
2025-10-28,Google,35,12
2025-10-28,Influencer,66,3
2025-10-28,Meta,17,5
2025-10-28,Microsoft,2,0
2025-10-28,Organic,145,108
2025-10-28,Other,71,22
2025-10-28,TikTok,1,0
2025-10-28,Vrbo,0,0
2025-10-29,Airbnb,0,0
2025-10-29,Benefithub,47,5
2025-10-29,Criteo,3,2
2025-10-29,Customer IO,11,39
2025-10-29,Direct Mail,2,0
2025-10-29,Google,40,21
2025-10-29,Influencer,23,4
2025-10-29,Manual,0,0
2025-10-29,Meta,6,5
2025-10-29,Microsoft,6,0
2025-10-29,Organic,128,108
2025-10-29,Other,89,28
2025-10-29,TikTok,2,0
2025-10-29,Vrbo,0,0
2025-10-30,Airbnb,0,0
2025-10-30,Benefithub,17,7
2025-10-30,Criteo,1,3
2025-10-30,Customer IO,5,14
2025-10-30,Direct Mail,0,1
2025-10-30,Google,57,16
2025-10-30,Influencer,31,2
2025-10-30,Manual,0,0
2025-10-30,Meta,9,11
2025-10-30,Microsoft,5,0
2025-10-30,Organic,96,103
2025-10-30,Other,54,28
2025-10-30,Vrbo,0,0
2025-10-31,Airbnb,0,0
2025-10-31,Benefithub,6,0
2025-10-31,Criteo,6,1
2025-10-31,Customer IO,5,38
2025-10-31,Direct Mail,0,1
2025-10-31,Google,47,15
2025-10-31,Influencer,24,3
2025-10-31,Meta,17,7
2025-10-31,Microsoft,4,1
2025-10-31,Organic,120,115
2025-10-31,Other,59,17
2025-10-31,TikTok,1,0
2025-10-31,Vrbo,0,0
2025-11-01,Airbnb,0,0
2025-11-01,Benefithub,1,0
2025-11-01,Criteo,1,0
2025-11-01,Customer IO,14,28
2025-11-01,Google,70,10
2025-11-01,Influencer,16,2
2025-11-01,Manual,0,0
2025-11-01,Meta,102,12
2025-11-01,Microsoft,3,0
2025-11-01,Organic,1072,135
2025-11-01,Other,136,54
2025-11-01,Pinterest,1,0
2025-11-01,TikTok,3,0
2025-11-01,Vrbo,0,0
2025-11-02,Airbnb,0,0
2025-11-02,Benefithub,2,1
2025-11-02,Customer IO,8,23
2025-11-02,Google,62,13
2025-11-02,Influencer,45,1
2025-11-02,Meta,34,7
2025-11-02,Microsoft,3,0
2025-11-02,Organic,544,108
2025-11-02,Other,107,52
2025-11-02,Pinterest,0,1
2025-11-02,Vrbo,0,0
2025-11-03,Airbnb,0,0
2025-11-03,Benefithub,4,3
2025-11-03,Criteo,0,1
2025-11-03,Customer IO,11,21
2025-11-03,Direct Mail,0,1
2025-11-03,Google,44,20
2025-11-03,Influencer,15,3
2025-11-03,Manual,0,0
2025-11-03,Meta,10,9
2025-11-03,Microsoft,2,1
2025-11-03,Organic,350,118
2025-11-03,Other,90,32
2025-11-03,TikTok,3,0
2025-11-04,Airbnb,0,0
2025-11-04,Benefithub,2,1
2025-11-04,Customer IO,11,93
2025-11-04,Google,21,29
2025-11-04,Influencer,20,1
2025-11-04,Manual,0,0
2025-11-04,Meta,5,11
2025-11-04,Organic,205,146
2025-11-04,Other,61,58
2025-11-04,Pinterest,0,1
2025-11-05,Airbnb,0,0
2025-11-05,Criteo,0,2
2025-11-05,Customer IO,7,77
2025-11-05,Google,20,38
2025-11-05,Influencer,14,2
2025-11-05,Meta,7,13
2025-11-05,Microsoft,0,2
2025-11-05,Organic,167,132
2025-11-05,Other,60,29
2025-11-05,TikTok,1,0
2025-11-05,Vrbo,0,0
2025-11-06,Airbnb,0,0
2025-11-06,Benefithub,5,3
2025-11-06,Criteo,0,1
2025-11-06,Customer IO,4,52
2025-11-06,Direct Mail,0,1
2025-11-06,Google,33,26
2025-11-06,Influencer,17,0
2025-11-06,Meta,7,11
2025-11-06,Organic,144,137
2025-11-06,Other,68,20
2025-11-06,Vrbo,0,0
2025-11-07,Airbnb,0,0
2025-11-07,Benefithub,9,3
2025-11-07,Customer IO,9,30
2025-11-07,Direct Mail,0,1
2025-11-07,Google,37,33
2025-11-07,Influencer,12,0
2025-11-07,Manual,0,0
2025-11-07,Meta,15,12
2025-11-07,Organic,122,101
2025-11-07,Other,64,30
2025-11-07,Pinterest,1,0
2025-11-07,TikTok,1,0
2025-11-08,Airbnb,0,0
2025-11-08,Customer IO,9,37
2025-11-08,Direct Mail,1,0
2025-11-08,Google,44,22
2025-11-08,Influencer,8,2
2025-11-08,Manual,0,0
2025-11-08,Meta,9,10
2025-11-08,Organic,108,128
2025-11-08,Other,50,28
2025-11-08,Pinterest,0,2
2025-11-08,TikTok,1,0
2025-11-08,Vrbo,0,0
2025-11-09,Airbnb,0,0
2025-11-09,Benefithub,6,0
2025-11-09,Customer IO,7,46
2025-11-09,Direct Mail,0,4
2025-11-09,Google,62,20
2025-11-09,Influencer,21,2
2025-11-09,Meta,8,4
2025-11-09,Microsoft,0,1
2025-11-09,Organic,142,108
2025-11-09,Other,67,36
2025-11-09,TikTok,2,0
2025-11-09,Vrbo,0,0
2025-11-10,Airbnb,0,0
2025-11-10,Benefithub,2,1
2025-11-10,Criteo,0,1
2025-11-10,Customer IO,7,16
2025-11-10,Direct Mail,1,1
2025-11-10,Google,48,16
2025-11-10,Influencer,10,4
2025-11-10,Manual,0,0
2025-11-10,Meta,98,13
2025-11-10,Organic,176,124
2025-11-10,Other,75,29
2025-11-10,Pinterest,0,1
2025-11-11,Airbnb,0,0
2025-11-11,Benefithub,5,1
2025-11-11,Customer IO,10,44
2025-11-11,Direct Mail,1,1
2025-11-11,Google,48,19
2025-11-11,Influencer,8,3
2025-11-11,Manual,0,0
2025-11-11,Meta,54,3
2025-11-11,Organic,204,126
2025-11-11,Other,60,26
2025-11-11,Pinterest,1,0
2025-11-12,Airbnb,0,0
2025-11-12,Customer IO,10,24
2025-11-12,Direct Mail,1,1
2025-11-12,Google,39,11
2025-11-12,Influencer,7,1
2025-11-12,Manual,0,0
2025-11-12,Meta,16,3
2025-11-12,Organic,142,105
2025-11-12,Other,99,29
2025-11-12,Vrbo,0,0
2025-11-13,Airbnb,0,0
2025-11-13,Benefithub,8,0
2025-11-13,Customer IO,4,31
2025-11-13,Google,41,10
2025-11-13,Influencer,7,0
2025-11-13,Meta,18,4
2025-11-13,Organic,122,74
2025-11-13,Other,82,15
2025-11-14,Airbnb,0,0
2025-11-14,Benefithub,44,2
2025-11-14,Customer IO,12,30
2025-11-14,Email Action,0,1
2025-11-14,Google,38,15
2025-11-14,Influencer,3,0
2025-11-14,Meta,17,2
2025-11-14,Organic,100,69
2025-11-14,Other,80,22
2025-11-14,Pinterest,1,0
2025-11-14,Vrbo,0,0
2025-11-15,Airbnb,0,0
2025-11-15,Benefithub,14,2
2025-11-15,Customer IO,25,51
2025-11-15,Google,45,9
2025-11-15,Influencer,13,1
2025-11-15,Meta,27,7
2025-11-15,Organic,117,80
2025-11-15,Other,68,29
2025-11-15,Vrbo,0,0
2025-11-16,Airbnb,0,0
2025-11-16,Benefithub,7,1
2025-11-16,Customer IO,17,40
2025-11-16,Direct Mail,1,0
2025-11-16,Email Action,0,1
2025-11-16,Google,49,7
2025-11-16,Influencer,8,3
2025-11-16,Meta,13,3
2025-11-16,Organic,121,75
2025-11-16,Other,83,19
2025-11-16,Pinterest,1,0
2025-11-16,TikTok,2,0
2025-11-16,Vrbo,0,0
2025-11-17,Airbnb,0,0
2025-11-17,Benefithub,15,1
2025-11-17,Customer IO,8,44
2025-11-17,Direct Mail,1,1
2025-11-17,Email Action,1,0
2025-11-17,Google,36,17
2025-11-17,Influencer,7,1
2025-11-17,Meta,3,0
2025-11-17,Organic,109,120
2025-11-17,Other,73,25
2025-11-17,Vrbo,0,0
2025-11-18,Airbnb,0,0
2025-11-18,Benefithub,1,0
2025-11-18,Customer IO,9,30
2025-11-18,Direct Mail,0,6
2025-11-18,Google,36,19
2025-11-18,Influencer,10,1
2025-11-18,Meta,11,3
2025-11-18,Organic,104,87
2025-11-18,Other,106,20
2025-11-18,Pinterest,0,1
2025-11-18,Vrbo,0,0
2025-11-19,Airbnb,0,0
2025-11-19,Benefithub,4,0
2025-11-19,Customer IO,16,60
2025-11-19,Direct Mail,0,1
2025-11-19,Google,40,26
2025-11-19,Influencer,10,0
2025-11-19,Meta,9,0
2025-11-19,Organic,89,98
2025-11-19,Other,91,21
2025-11-19,Pinterest,0,4
2025-11-19,TikTok,1,0
2025-11-20,Airbnb,0,0
2025-11-20,Benefithub,3,0
2025-11-20,Customer IO,11,59
2025-11-20,Direct Mail,0,3
2025-11-20,Google,29,21
2025-11-20,Influencer,3,1
2025-11-20,Manual,0,0
2025-11-20,Meta,8,6
2025-11-20,Organic,115,101
2025-11-20,Other,58,18
2025-11-20,Pinterest,0,2
2025-11-20,Vrbo,0,0
2025-11-21,Airbnb,0,0
2025-11-21,Benefithub,3,0
2025-11-21,Customer IO,4,54
2025-11-21,Google,24,14
2025-11-21,Influencer,7,0
2025-11-21,Meta,13,9
2025-11-21,Organic,79,98
2025-11-21,Other,75,28
2025-11-21,Pinterest,2,0
2025-11-21,TikTok,1,0
2025-11-21,Vrbo,0,0
2025-11-22,Airbnb,0,0
2025-11-22,Alpha,1,0
2025-11-22,Benefithub,2,1
2025-11-22,Criteo,0,1
2025-11-22,Customer IO,11,71
2025-11-22,Google,29,13
2025-11-22,Influencer,2,0
2025-11-22,Manual,0,0
2025-11-22,Meta,7,8
2025-11-22,Organic,106,59
2025-11-22,Other,73,34
2025-11-22,Pinterest,2,1
2025-11-22,Vrbo,0,0
2025-11-23,Airbnb,0,0
2025-11-23,Benefithub,6,7
2025-11-23,Customer IO,9,42
2025-11-23,Direct Mail,1,1
2025-11-23,Google,56,16
2025-11-23,Influencer,5,5
2025-11-23,Meta,22,9
2025-11-23,Organic,101,47
2025-11-23,Other,76,25
2025-11-23,Pinterest,0,3
2025-11-23,TikTok,1,0
2025-11-23,Vrbo,0,0
2025-11-24,Airbnb,0,0
2025-11-24,Benefithub,2,0
2025-11-24,Criteo,1,0
2025-11-24,Customer IO,6,54
2025-11-24,Google,42,13
2025-11-24,Influencer,6,0
2025-11-24,Meta,24,9
2025-11-24,Organic,133,111
2025-11-24,Other,72,19
2025-11-24,Pinterest,1,0
2025-11-24,TikTok,1,0
2025-11-24,Vrbo,0,0
2025-11-25,Airbnb,0,0
2025-11-25,Benefithub,2,0
2025-11-25,Customer IO,5,36
2025-11-25,Direct Mail,0,6
2025-11-25,Google,30,23
2025-11-25,Influencer,5,2
2025-11-25,Manual,0,0
2025-11-25,Meta,28,7
2025-11-25,Organic,108,105
2025-11-25,Other,64,20
2025-11-26,Airbnb,0,0
2025-11-26,Benefithub,8,0
2025-11-26,Customer IO,4,49
2025-11-26,Google,20,6
2025-11-26,Influencer,7,0
2025-11-26,Manual,0,0
2025-11-26,Meta,19,1
2025-11-26,Organic,105,85
2025-11-26,Other,58,17
2025-11-26,TikTok,0,1
2025-11-27,Airbnb,0,0
2025-11-27,Customer IO,2,54
2025-11-27,Direct Mail,0,1
2025-11-27,Google,17,6
2025-11-27,Influencer,4,0
2025-11-27,Manual,0,0
2025-11-27,Meta,6,2
2025-11-27,Organic,104,66
2025-11-27,Other,45,19
2025-11-27,Pinterest,2,0
2025-11-27,Vrbo,0,0
2025-11-28,Airbnb,0,0
2025-11-28,Benefithub,1,1
2025-11-28,Customer IO,6,64
2025-11-28,Direct Mail,0,1
2025-11-28,Google,46,13
2025-11-28,Influencer,9,1
2025-11-28,Meta,11,5
2025-11-28,Organic,113,78
2025-11-28,Other,45,24
2025-11-28,TikTok,1,0
2025-11-28,Vrbo,0,0
2025-11-29,Airbnb,0,0
2025-11-29,Benefithub,2,0
2025-11-29,Customer IO,12,84
2025-11-29,Direct Mail,1,0
2025-11-29,Google,57,10
2025-11-29,Influencer,3,0
2025-11-29,Manual,0,0
2025-11-29,Meta,43,6
2025-11-29,Organic,216,97
2025-11-29,Other,79,41
2025-11-29,Pinterest,1,0
2025-11-29,Vrbo,0,0
2025-11-30,Airbnb,0,0
2025-11-30,Alpha,1,0
2025-11-30,Benefithub,3,0
2025-11-30,Customer IO,7,33
2025-11-30,Direct Mail,2,0
2025-11-30,Google,58,12
2025-11-30,Influencer,7,3
2025-11-30,Meta,51,2
2025-11-30,Organic,274,78
2025-11-30,Other,76,34
2025-11-30,Pinterest,1,0
2025-12-01,Airbnb,0,0
2025-12-01,Benefithub,24,4
2025-12-01,Customer IO,8,70
2025-12-01,Direct Mail,0,1
2025-12-01,Google,26,8
2025-12-01,Influencer,9,1
2025-12-01,Meta,74,2
2025-12-01,Organic,186,119
2025-12-01,Other,79,35
2025-12-01,Pinterest,1,0
2025-12-01,TikTok,1,0
2025-12-01,Vrbo,0,0
2025-12-02,Airbnb,0,0
2025-12-02,Benefithub,5,0
2025-12-02,Criteo,0,1
2025-12-02,Customer IO,6,44
2025-12-02,Google,40,13
2025-12-02,Influencer,3,0
2025-12-02,Meta,22,2
2025-12-02,Organic,120,86
2025-12-02,Other,73,34
2025-12-02,TikTok,1,0
2025-12-02,Vrbo,0,0
2025-12-03,Airbnb,0,0
2025-12-03,Benefithub,2,1
2025-12-03,Customer IO,17,62
2025-12-03,Direct Mail,0,3
2025-12-03,Google,48,12
2025-12-03,Influencer,4,0
2025-12-03,Manual,0,0
2025-12-03,Meta,16,8
2025-12-03,Organic,145,107
2025-12-03,Other,52,42
2025-12-03,Pinterest,1,0
2025-12-03,TikTok,3,0
2025-12-04,Airbnb,0,0
2025-12-04,Benefithub,1,0
2025-12-04,Customer IO,16,60
2025-12-04,Google,50,15
2025-12-04,Influencer,5,6
2025-12-04,Meta,13,7
2025-12-04,Organic,122,111
2025-12-04,Other,48,36
2025-12-04,Vrbo,0,0
2025-12-05,Airbnb,0,0
2025-12-05,Customer IO,50,70
2025-12-05,Direct Mail,1,2
2025-12-05,Google,43,20
2025-12-05,Influencer,2587,171
2025-12-05,Manual,0,0
2025-12-05,Meta,53,8
2025-12-05,Organic,162,87
2025-12-05,Other,81,12
2025-12-05,Vrbo,0,0
2025-12-06,Airbnb,0,0
2025-12-06,Benefithub,1,0
2025-12-06,Criteo,0,1
2025-12-06,Customer IO,17,51
2025-12-06,Direct Mail,2,1
2025-12-06,Google,52,9
2025-12-06,Influencer,277,23
2025-12-06,Meta,14,5
2025-12-06,Organic,101,77
2025-12-06,Other,57,18
2025-12-06,Pinterest,1,0
2025-12-06,TikTok,1,0
2025-12-07,Airbnb,0,0
2025-12-07,Benefithub,2,0
2025-12-07,Customer IO,9,39
2025-12-07,Google,55,13
2025-12-07,Influencer,56,2
2025-12-07,Meta,20,5
2025-12-07,Organic,129,55
2025-12-07,Other,54,39
2025-12-07,Vrbo,0,0
2025-12-08,Airbnb,0,0
2025-12-08,Alpha,1,1
2025-12-08,Benefithub,6,1
2025-12-08,Customer IO,9,53
2025-12-08,Direct Mail,1,0
2025-12-08,Google,37,6
2025-12-08,Influencer,47,3
2025-12-08,Meta,14,7
2025-12-08,Organic,101,78
2025-12-08,Other,52,15
2025-12-08,TikTok,1,0
2025-12-08,Vrbo,0,0
2025-12-09,Airbnb,0,0
2025-12-09,Benefithub,4,0
2025-12-09,Customer IO,6,33
2025-12-09,Direct Mail,1,0
2025-12-09,Google,19,17
2025-12-09,Influencer,37,0
2025-12-09,Meta,11,3
2025-12-09,Organic,117,126
2025-12-09,Other,52,13
2025-12-09,TikTok,2,0
2025-12-10,Airbnb,0,0
2025-12-10,Benefithub,1,0
2025-12-10,Customer IO,9,46
2025-12-10,Direct Mail,2,1
2025-12-10,Google,23,10
2025-12-10,Influencer,27,2
2025-12-10,Meta,10,5
2025-12-10,Organic,85,88
2025-12-10,Other,49,20
2025-12-10,Pinterest,1,0
2025-12-10,Vrbo,0,0
2025-12-11,Airbnb,0,0
2025-12-11,Benefithub,1,0
2025-12-11,Customer IO,4,35
2025-12-11,Direct Mail,1,0
2025-12-11,Google,18,10
2025-12-11,Influencer,22,4
2025-12-11,Meta,7,7
2025-12-11,Organic,102,91
2025-12-11,Other,56,20
2025-12-11,Vrbo,0,0
2025-12-12,Airbnb,0,0
2025-12-12,Benefithub,2,1
2025-12-12,Customer IO,11,33
2025-12-12,Direct Mail,0,2
2025-12-12,Google,12,9
2025-12-12,Influencer,18,1
2025-12-12,Meta,39,3
2025-12-12,Organic,86,81
2025-12-12,Other,63,25
2025-12-12,Pinterest,1,0
2025-12-12,Vrbo,0,0
2025-12-13,Airbnb,0,0
2025-12-13,Benefithub,1,0
2025-12-13,Customer IO,11,38
2025-12-13,Direct Mail,2,2
2025-12-13,Google,10,11
2025-12-13,Influencer,9,1
2025-12-13,Meta,24,10
2025-12-13,Organic,77,54
2025-12-13,Other,56,27
2025-12-13,Vrbo,0,0
2025-12-14,Airbnb,0,0
2025-12-14,Benefithub,2,0
2025-12-14,Customer IO,9,59
2025-12-14,Direct Mail,1,0
2025-12-14,Google,11,9
2025-12-14,Influencer,11,0
2025-12-14,Meta,9,3
2025-12-14,Organic,83,75
2025-12-14,Other,48,14
2025-12-14,Vrbo,0,0
2025-12-15,Airbnb,0,0
2025-12-15,Benefithub,2,5
2025-12-15,Customer IO,5,57
2025-12-15,Direct Mail,1,0
2025-12-15,Google,17,5
2025-12-15,Influencer,11,1
2025-12-15,Manual,0,0
2025-12-15,Meta,12,5
2025-12-15,Organic,82,68
2025-12-15,Other,44,30
2025-12-15,Vrbo,0,0
2025-12-16,Airbnb,0,0
2025-12-16,Benefithub,7,0
2025-12-16,Customer IO,7,41
2025-12-16,Direct Mail,1,0
2025-12-16,Google,5,3
2025-12-16,Influencer,11,1
2025-12-16,Meta,19,12
2025-12-16,Organic,90,96
2025-12-16,Other,53,30
2025-12-16,Vrbo,0,0
2025-12-17,Airbnb,0,0
2025-12-17,Benefithub,3,1
2025-12-17,Customer IO,3,35
2025-12-17,Google,3,6
2025-12-17,Influencer,11,1
2025-12-17,Meta,3,1
2025-12-17,Organic,37,75
2025-12-17,Other,61,19
2025-12-17,Vrbo,0,0
2025-12-18,Airbnb,0,0
2025-12-18,Benefithub,3,3
2025-12-18,Customer IO,4,28
2025-12-18,Direct Mail,3,3
2025-12-18,Google,2,5
2025-12-18,Influencer,11,2
2025-12-18,Meta,2,0
2025-12-18,Organic,26,100
2025-12-18,Other,39,27
2025-12-18,Vrbo,0,0
2025-12-19,Airbnb,0,0
2025-12-19,Alpha,1,0
2025-12-19,Benefithub,5,1
2025-12-19,Customer IO,1,24
2025-12-19,Direct Mail,1,0
2025-12-19,Google,1,12
2025-12-19,Influencer,5,0
2025-12-19,Meta,2,6
2025-12-19,Organic,20,122
2025-12-19,Other,44,24
2025-12-19,Vrbo,0,0
2025-12-20,Airbnb,0,0
2025-12-20,Benefithub,1,0
2025-12-20,Customer IO,5,20
2025-12-20,Google,1,3
2025-12-20,Influencer,4,1
2025-12-20,Meta,0,1
2025-12-20,Organic,22,107
2025-12-20,Other,45,27
2025-12-21,Airbnb,0,0
2025-12-21,Customer IO,3,26
2025-12-21,Google,1,2
2025-12-21,Meta,1,1
2025-12-21,Organic,18,84
2025-12-21,Other,53,23
2025-12-21,Vrbo,0,0
2025-12-22,Airbnb,0,0
2025-12-22,Benefithub,4,0
2025-12-22,Customer IO,2,22
2025-12-22,Google,0,7
2025-12-22,Influencer,3,0
2025-12-22,Meta,1,1
2025-12-22,Organic,19,103
2025-12-22,Other,49,33
2025-12-22,Vrbo,0,0
2025-12-23,Airbnb,0,0
2025-12-23,Benefithub,1,2
2025-12-23,Customer IO,2,45
2025-12-23,Google,5,11
2025-12-23,Influencer,3,0
2025-12-23,Organic,16,95
2025-12-23,Other,49,16
2025-12-24,Airbnb,0,0
2025-12-24,Benefithub,1,1
2025-12-24,Criteo,0,1
2025-12-24,Customer IO,2,31
2025-12-24,Direct Mail,0,3
2025-12-24,Google,0,8
2025-12-24,Influencer,1,0
2025-12-24,Organic,16,65
2025-12-24,Other,37,14
2025-12-25,Airbnb,0,0
2025-12-25,Benefithub,2,0
2025-12-25,Customer IO,1,13
2025-12-25,Direct Mail,1,1
2025-12-25,Google,0,2
2025-12-25,Influencer,5,0
2025-12-25,Meta,2,1
2025-12-25,Organic,12,53
2025-12-25,Other,43,21
2025-12-26,Airbnb,0,0
2025-12-26,Benefithub,2,0
2025-12-26,Customer IO,5,28
2025-12-26,Direct Mail,1,1
2025-12-26,Google,5,7
2025-12-26,Influencer,9,2
2025-12-26,Meta,1,9
2025-12-26,Organic,24,84
2025-12-26,Other,48,28
2025-12-27,Airbnb,0,0
2025-12-27,Customer IO,12,46
2025-12-27,Google,1,6
2025-12-27,Influencer,12,4
2025-12-27,Meta,1,8
2025-12-27,Organic,29,60
2025-12-27,Other,65,41
2025-12-28,Airbnb,0,0
2025-12-28,Benefithub,1,0
2025-12-28,Customer IO,18,98
2025-12-28,Direct Mail,0,1
2025-12-28,Google,7,16
2025-12-28,Influencer,9,0
2025-12-28,Meta,6,3
2025-12-28,Organic,31,92
2025-12-28,Other,62,41
2025-12-29,Airbnb,0,0
2025-12-29,Benefithub,3,0
2025-12-29,Customer IO,8,32
2025-12-29,Direct Mail,1,0
2025-12-29,Google,2,3
2025-12-29,Influencer,2,1
2025-12-29,Manual,0,0
2025-12-29,Meta,0,2
2025-12-29,Microsoft,0,3
2025-12-29,Organic,26,74
2025-12-29,Other,64,30
2025-12-30,Airbnb,0,0
2025-12-30,Benefithub,1,0
2025-12-30,Customer IO,4,36
2025-12-30,Direct Mail,1,0
2025-12-30,Google,4,4
2025-12-30,Influencer,8,0
2025-12-30,Manual,0,0
2025-12-30,Meta,2,1
2025-12-30,Organic,26,110
2025-12-30,Other,66,42
2025-12-30,Vrbo,0,0
2025-12-31,Airbnb,0,0
2025-12-31,Benefithub,2,0
2025-12-31,Customer IO,10,57
2025-12-31,Direct Mail,1,0
2025-12-31,Google,2,5
2025-12-31,Influencer,9,0
2025-12-31,Meta,5,5
2025-12-31,Organic,27,109
2025-12-31,Other,64,52
2025-12-31,Vrbo,0,0
2026-01-01,Airbnb,0,0
2026-01-01,Benefithub,3,0
2026-01-01,Customer IO,2,49
2026-01-01,Direct Mail,0,4
2026-01-01,Google,6,2
2026-01-01,Influencer,2,0
2026-01-01,Meta,1,0
2026-01-01,Organic,26,89
2026-01-01,Other,69,47
2026-01-02,Airbnb,0,0
2026-01-02,Benefithub,2,0
2026-01-02,Criteo,0,1
2026-01-02,Customer IO,8,55
2026-01-02,Direct Mail,1,0
2026-01-02,Google,4,4
2026-01-02,Influencer,2,0
2026-01-02,Meta,3,8
2026-01-02,Organic,35,112
2026-01-02,Other,65,38
2026-01-02,Vrbo,0,0
2026-01-03,Airbnb,0,0
2026-01-03,Benefithub,4,1
2026-01-03,Customer IO,15,97
2026-01-03,Direct Mail,3,0
2026-01-03,Google,9,6
2026-01-03,Influencer,6,1
2026-01-03,Meta,6,9
2026-01-03,Organic,38,87
2026-01-03,Other,64,28
2026-01-03,Vrbo,0,0
2026-01-04,Airbnb,0,0
2026-01-04,Benefithub,2,0
2026-01-04,Customer IO,30,91
2026-01-04,Direct Mail,0,5
2026-01-04,Email Action,0,1
2026-01-04,Google,3,7
2026-01-04,Influencer,6,0
2026-01-04,Meta,3,7
2026-01-04,Organic,38,110
2026-01-04,Other,69,49
2026-01-05,Airbnb,0,0
2026-01-05,Benefithub,4,0
2026-01-05,Customer IO,6,44
2026-01-05,Direct Mail,1,0
2026-01-05,Google,3,7
2026-01-05,Influencer,7,1
2026-01-05,Meta,3,3
2026-01-05,Organic,34,88
2026-01-05,Other,55,15
2026-01-06,Airbnb,0,0
2026-01-06,Benefithub,5,6
2026-01-06,Criteo,0,1
2026-01-06,Customer IO,4,34
2026-01-06,Direct Mail,3,0
2026-01-06,Google,8,3
2026-01-06,Influencer,3,0
2026-01-06,Meta,3,6
2026-01-06,Organic,31,111
2026-01-06,Other,46,43
2026-01-06,Vrbo,0,0
2026-01-07,Airbnb,0,0
2026-01-07,Benefithub,7,0
2026-01-07,Customer IO,11,57
2026-01-07,Direct Mail,0,1
2026-01-07,Google,5,6
2026-01-07,Influencer,3,1
2026-01-07,Meta,7,4
2026-01-07,Organic,37,106
2026-01-07,Other,53,35
2026-01-08,Airbnb,0,0
2026-01-08,Benefithub,6,0
2026-01-08,Customer IO,12,77
2026-01-08,Google,12,18
2026-01-08,Influencer,4,0
2026-01-08,Manual,0,0
2026-01-08,Meta,3,3
2026-01-08,Organic,41,133
2026-01-08,Other,51,33
2026-01-09,Airbnb,0,0
2026-01-09,Benefithub,1,0
2026-01-09,Booking,0,0
2026-01-09,Customer IO,3,39
2026-01-09,Direct Mail,1,0
2026-01-09,Google,4,13
2026-01-09,Influencer,4,5
2026-01-09,Meta,3,5
2026-01-09,Microsoft,0,1
2026-01-09,Organic,23,110
2026-01-09,Other,45,38
2026-01-09,Pinterest,1,0
2026-01-10,Airbnb,0,0
2026-01-10,Benefithub,7,0
2026-01-10,Customer IO,16,107
2026-01-10,Direct Mail,0,1
2026-01-10,Google,6,30
2026-01-10,Influencer,3,0
2026-01-10,Meta,4,2
2026-01-10,Organic,30,115
2026-01-10,Other,54,18
2026-01-11,Airbnb,0,0
2026-01-11,Benefithub,3,2
2026-01-11,Booking,0,0
2026-01-11,Customer IO,16,132
2026-01-11,Direct Mail,1,0
2026-01-11,Google,2,3
2026-01-11,Influencer,8,0
2026-01-11,Manual,0,0
2026-01-11,Meta,3,12
2026-01-11,Organic,27,82
2026-01-11,Other,55,32
2026-01-12,Airbnb,0,0
2026-01-12,Benefithub,3,0
2026-01-12,Customer IO,3,75
2026-01-12,Direct Mail,1,0
2026-01-12,Google,2,9
2026-01-12,Influencer,4,1
2026-01-12,Manual,0,0
2026-01-12,Meta,10,4
2026-01-12,Organic,42,112
2026-01-12,Other,52,39
2026-01-13,Airbnb,0,0
2026-01-13,Benefithub,4,2
2026-01-13,Criteo,0,1
2026-01-13,Customer IO,2,33
2026-01-13,Direct Mail,1,0
2026-01-13,Google,3,5
2026-01-13,Influencer,3,4
2026-01-13,Manual,0,0
2026-01-13,Meta,1,5
2026-01-13,Organic,32,91
2026-01-13,Other,51,32
2026-01-14,Airbnb,0,0
2026-01-14,Benefithub,5,1
2026-01-14,Criteo,0,1
2026-01-14,Customer IO,13,49
2026-01-14,Google,6,22
2026-01-14,Influencer,4,0
2026-01-14,Manual,0,0
2026-01-14,Meta,3,3
2026-01-14,Organic,27,81
2026-01-14,Other,48,36
2026-01-14,Pinterest,0,1
2026-01-15,Airbnb,0,0
2026-01-15,Benefithub,4,0
2026-01-15,Customer IO,10,51
2026-01-15,Google,6,15
2026-01-15,Influencer,3,1
2026-01-15,Meta,7,9
2026-01-15,Organic,26,131
2026-01-15,Other,36,46
2026-01-15,Pinterest,0,2
2026-01-16,Airbnb,0,0
2026-01-16,Benefithub,3,0
2026-01-16,Criteo,0,1
2026-01-16,Customer IO,5,52
2026-01-16,Google,1,16
2026-01-16,Influencer,0,0
2026-01-16,Manual,0,0
2026-01-16,Meta,3,7
2026-01-16,Organic,29,54
2026-01-16,Other,57,25
2026-01-17,Airbnb,0,0
2026-01-17,Benefithub,3,0
2026-01-17,Customer IO,19,122
2026-01-17,Direct Mail,1,0
2026-01-17,Google,4,6
2026-01-17,Influencer,2,1
2026-01-17,Meta,6,13
2026-01-17,Organic,23,78
2026-01-17,Other,62,47
2026-01-18,Airbnb,0,0
2026-01-18,Benefithub,2,0
2026-01-18,Customer IO,17,119
2026-01-18,Email Action,0,3
2026-01-18,Google,10,11
2026-01-18,Manual,0,0
2026-01-18,Meta,9,19
2026-01-18,Organic,27,43
2026-01-18,Other,67,41
2026-01-18,Vrbo,0,0
2026-01-19,Airbnb,0,0
2026-01-19,Benefithub,1,0
2026-01-19,Customer IO,10,61
2026-01-19,Direct Mail,1,0
2026-01-19,Email Action,0,1
2026-01-19,Google,5,6
2026-01-19,Influencer,3,1
2026-01-19,Manual,0,0
2026-01-19,Meta,5,18
2026-01-19,Organic,33,71
2026-01-19,Other,63,26
2026-01-19,Vrbo,0,0
2026-01-20,Airbnb,0,0
2026-01-20,Alpha,0,1
2026-01-20,Benefithub,1,0
2026-01-20,Criteo,0,2
2026-01-20,Customer IO,6,48
2026-01-20,Google,3,2
2026-01-20,Influencer,1,1
2026-01-20,Meta,3,1
2026-01-20,Organic,39,47
2026-01-20,Other,76,41
2026-01-20,Pinterest,0,3
2026-01-20,Vrbo,0,0
2026-01-21,Airbnb,0,0
2026-01-21,Benefithub,3,1
2026-01-21,Customer IO,19,49
2026-01-21,Google,2,4
2026-01-21,Influencer,1,0
2026-01-21,Meta,6,4
2026-01-21,Organic,31,77
2026-01-21,Other,44,14
2026-01-21,Vrbo,0,0
2026-01-22,Airbnb,0,0
2026-01-22,Benefithub,4,9
2026-01-22,Customer IO,21,100
2026-01-22,Direct Mail,1,0
2026-01-22,Google,3,8
2026-01-22,Influencer,2,0
2026-01-22,Manual,0,0
2026-01-22,Meta,6,5
2026-01-22,Organic,24,88
2026-01-22,Other,43,42
2026-01-23,Airbnb,0,0
2026-01-23,Benefithub,1,0
2026-01-23,Customer IO,4,32
2026-01-23,Direct Mail,0,1
2026-01-23,Google,4,6
2026-01-23,Influencer,4,1
2026-01-23,Meta,7,5
2026-01-23,Organic,23,71
2026-01-23,Other,36,26
2026-01-23,Vrbo,0,0
2026-01-24,Airbnb,0,0
2026-01-24,Customer IO,10,87
2026-01-24,Direct Mail,1,0
2026-01-24,Google,2,7
2026-01-24,Influencer,2,0
2026-01-24,Meta,4,4
2026-01-24,Organic,20,46
2026-01-24,Other,54,21
2026-01-24,Vrbo,0,0
2026-01-25,Airbnb,0,0
2026-01-25,Customer IO,10,78
2026-01-25,Direct Mail,2,11
2026-01-25,Google,2,11
2026-01-25,Influencer,1,2
2026-01-25,Meta,4,6
2026-01-25,Organic,23,48
2026-01-25,Other,36,28
2026-01-25,Vrbo,0,0
2026-01-26,Airbnb,0,0
2026-01-26,Customer IO,4,54
2026-01-26,Google,5,2
2026-01-26,Influencer,3,0
2026-01-26,Meta,3,5
2026-01-26,Organic,22,50
2026-01-26,Other,54,24
2026-01-26,Vrbo,0,0
2026-01-27,Airbnb,0,0
2026-01-27,Benefithub,1,1
2026-01-27,Customer IO,1,31
2026-01-27,Direct Mail,1,2
2026-01-27,Google,7,5
2026-01-27,Influencer,2,3
2026-01-27,Meta,1,21
2026-01-27,Organic,28,74
2026-01-27,Other,66,23
2026-01-28,Airbnb,0,0
2026-01-28,Customer IO,1,9
2026-01-28,Google,1,6
2026-01-28,Influencer,1,0
2026-01-28,Manual,0,0
2026-01-28,Meta,0,1
2026-01-28,Organic,12,36
2026-01-28,Other,41,14